C,C_prime,label
9855876675859050100,335114898747170429,0
5890358885111359741,13148776318797508420,1
17422894415866719267,11438472536887373343,0
3016165503726599291,37580605100944496,1
12800698005416442304,18094947794288553068,1
15087032307991391127,16466797275698936677,1
14244545656744780064,1069194948105638400,0
15760863167895880789,10510771678613542463,1
11770643519216552513,9768184502376197946,0
16744796324012153680,2398382099685480181,0
1201521573049147810,3200955114358472916,1
11636810852291645829,16525971175662737250,0
14863206703677868003,7165704590036056615,0
4704146883149133823,3200261865226339447,0
17339143800242787385,11499106284797876883,0
2442014216676524297,17950893343338216618,1
10402215573083394025,8144319410100350203,0
3041251030584527290,16063275481305821116,0
7946156959951124071,3306162774728681876,0
4637729524734433999,9010501074537289830,0
5889878052576767109,10206793805148940326,1
9453350950646015671,7932172383234547809,0
5956373132457701073,11148404029659713933,0
10075517701714933190,2179810912017002924,1
17073793058751976696,5237909341617926279,1
14881516061540494316,16014181620638988127,0
10356361438861016452,7816213934036145279,0
6066167124594376194,267018728535102431,0
2452425651789655981,14081813145170626143,0
18177678641151082386,16001498706139959278,1
11441986863436832697,3306058305090208274,1
3881916259416970904,17025144163121580760,0
16469539097977400214,3778741910797056946,1
16239787649589392823,13586776882534953572,0
2266676047079713530,14125233247192471244,0
15426299589200140488,6764819483666690741,0
2420342915531380330,907047688463131677,0
12123360084457411471,12329682380308891310,0
13501235253976522958,8601924572027105750,1
12660975434145595162,8314157992272325488,1
7277464134606649087,4123775243735189022,1
14112182352411025688,6068687566410065705,1
5561555425876038671,7032868101553829914,1
4679714732808265552,4076133518021439184,0
7402017584802074668,8724340414455920216,0
2263189469609689804,5893550957577773695,0
13726818773258603562,3196598818346235345,1
5602943626739677675,17493422827618934473,0
10058555911577257754,12755720418840456412,1
5111361519964999967,14755922196339802665,0
16717839366034144951,1795307838931338566,1
272634082714361139,16237631747248586763,0
18437578290586157936,2607298494335461168,0
7160005380677765123,8154237129942642647,0
6102926262921761554,14974197123416737564,0
6064416224191186859,8439423338339468361,1
7198245053878526376,8593314649556565488,0
5313637719274664937,1636012824353164661,0
2716388554770446259,17447448761222417610,0
5396157287690854704,11452038664414809847,1
12830905747923671130,6141666150757642179,0
13076262412462432099,11842223350873954359,1
18007385680949007315,3962392778036379457,1
15137132493999362680,7260274346705054274,0
17082639404895302874,3427068494670980192,1
13085725918792701406,14278444190617492333,1
9670520571747346191,9452506554178845552,1
2931349541940079896,1891430185224202430,1
4535016818832527056,10152129566350860510,0
16375395684805873288,3798097176174063871,0
15501583554086460695,9384776470456858558,1
15316101086153574817,16191387851680294254,1
11619680321724432002,9331472238826222005,0
10114867645911884203,8201092572840644914,0
346742947261130955,8607622217374625403,1
6983245478178355134,12090809718139396954,1
8704064964977214440,4234545530148154660,1
17669012982458378261,60129484168227899,0
7784081175206524661,11553606965003904040,0
15678361748731453727,16572473890735031759,1
12640228577483742624,4242893838636814887,1
3992152226004205543,822580611798648555,1
16233904323502150101,9457572236260052995,1
16007643623100065142,17942633929342826957,0
13350836650446478539,1979159398111234822,0
2675857025107041949,11078549297750794686,1
11207885650735488901,10823220580356735160,1
17870844548918145603,4765037404324949049,1
3519822149100303679,13400327929142641938,1
13212994223493615333,11135897952233268572,0
687937749144446048,6337119219516323936,0
569909558403398370,6299544558763019555,0
7194109889783525171,684307636129367204,0
8463126281107540009,14766056274408415163,0
10749394473078616376,7607916248146377385,0
3841742250089788211,16256943571853371138,0
12785745242765542146,13704077781966601365,1
14545629006433538151,5889556451709128015,1
4161471897108854832,5475894669269863022,0
5540576975890980363,929740764088294947,1
14040748946818931081,13410330417822129131,1
15946511469834820175,13028485026566437274,0
5114300525440042091,6220481021411951826,1
16722895086603821468,14539663508697363090,1
3304403056683596236,4906781772536447922,0
9059339975494166138,14915096189347445091,1
10892798072222892431,17665571846351466204,1
8905644088379266692,13555121337960349722,1
12755194717046707526,13148599548437143405,0
17089042840166540811,524928728481730603,0
18024035470145936694,8569092868134887590,0
17244374826595189697,6764570200877920657,1
11742131787528180260,3222262746849647791,1
17444186660693541333,2158314400703728823,0
6425247886882894191,6445278745752465745,0
13824420680158112192,9760333071087154486,1
12684632010723292742,11863566089183944772,1
4275156854801213533,18045617643942836349,1
15862976713758762295,6405415873674200183,1
14803607446395453082,1836936154996064700,0
5716675689289486583,13752006737839749086,1
13521915306577154609,14828947543894837917,1
3341798604645269197,4175174022605042894,1
7894836629078334154,7870384726853744721,1
2387278782617618837,4702165627141647591,1
4900063077112124815,4576269730401063464,1
173932530520823645,1178792764597351481,1
16109958721713151050,8476672754724437627,0
14601935737727002806,16335530403579470462,1
1501065149087290734,13028451468156003568,1
15079983189739848879,3540142637153307991,0
2563230855394052186,2118984764211764606,0
16375113156268900026,17263743417702695932,1
8687619184515201851,12900741979047653633,0
16082182344202280662,14994128059644207761,1
13189147231113384952,16703732609166971181,1
1627595075153728450,1483309271298840443,1
6145066441993843785,7203836643540201522,1
665935812781191906,13273639334685743960,1
7306052187829175396,5268756192472987394,0
9919069525261781421,8836368032863914389,0
831919456666650659,5270545690371051071,0
12782727009806343804,7961111589557079776,1
10909083931904169883,4341273049932050927,1
2333728682594660883,11279187840204228240,0
18045792775601920426,14507872318682997206,1
4610083646861568128,16900268108773977790,0
15017262349151833852,5299271412034568099,1
6407845220601409654,6885824223331775081,1
5631614738934742071,17041606838569545432,1
12763942805573875996,13818785822184673214,1
16819858067281435910,18003763626938477709,0
374932279473263030,2479456356691884185,1
6034270099885429396,5470482743446674323,1
12608306957615726793,3555994265822067921,0
14122244891936017586,2572685693948652648,1
832790084059720384,8085634004491276063,0
882543626685607569,10254514561484296043,1
7453329911684843388,8687744881816945724,1
17494837494102006785,9372253733727167954,1
14309985313980789102,6162694402995981811,0
2354602086206985254,710370319172112312,1
12926626748403400850,15541313531584875859,0
7920085004209970314,4447494068576673201,1
13158190160479975475,9240793627767608001,1
182840541407638240,3501964257560386708,1
2622874763789459105,5704915012664328040,0
8642614748986301326,2549798751541925507,1
9677343851769157042,6615473589591872898,0
6786435837264394908,8443529408983365686,1
8644512857724019823,17009704537179790211,0
18204043294057630426,13873515858942979785,1
5487358033192023969,11896345344300699883,0
8314514658170228597,11528849259822606897,1
18147643201722155994,17204115739039838659,0
9156950721643794611,7151044865792479455,1
58463055147310155,11772710881716933173,0
674402719051269140,680951241066050135,0
439695933442321224,10592456673271786901,0
13344254735426453152,13349755582015321302,1
1300380166071725421,992983213827481755,1
1730826027713161844,13333295348490591065,1
615455247209663230,2715856897204821371,1
7185905268904648738,9124913091764823205,1
4473018699148785919,3848829091485040962,1
8020251099392679655,8000965390353864483,1
5073573640112598527,9668516553304779939,1
15440256844580570551,9406782238530769966,1
2709156009816218273,3397795309974129959,0
15476135027528435333,2714792870915623256,0
8829802757969976592,13305706058407262701,0
7764591549031146655,7632260800125724738,0
12603358873216976799,10314398864519372097,1
12558555722385021808,10187635672024356989,0
4447762742709117469,12904325864551788975,0
6674667183317441238,5541951247108581715,0
17875497077863133038,6258801672652983929,1
4090015172086721923,57707164310607521,0
14651881331361977165,5724546831834773309,1
10164954426314505943,87066935362998522,1
7504615254163060165,15192440993926894461,0
6244805650471044087,5037079138126035819,0
11416302213415508669,10142214676968676547,1
17401300009170890367,4425602889535246128,0
15278756104151189141,5574275816506763745,0
12421065173214911734,2906998020212677093,1
12877441927774483934,973943632364204871,0
5622168353483052420,3390814078389436056,1
7314967752219967235,16254589474678116388,0
14714560057362590558,9798084758887702914,1
7665875715374560235,7256360252717387933,0
3062579580602155634,2494565839047098614,1
1980362552313833424,3153168312851296528,0
9346791144928540818,12503833388961890843,1
15893767080178256931,12557778411853618365,1
15341277539606581203,16483555677224085113,1
9062000572511525926,3375769723870772996,1
14122152103723079725,2652129936495326835,0
3939962211551077596,2822934459126098973,0
10992596531495927073,16031585044985481064,0
5116117395966772715,1999394479857776943,0
2626087252085261601,9125407602042772070,0
1694352995081236465,12490006017548750931,1
15836706795699335699,17288154950348403630,1
16747310147698334650,3937046452664017988,0
5630020546133938926,2081498618831649728,0
9516364054634049015,16543051408622960495,1
9877244680913813148,9877632612270911436,1
3810666352571210234,2662941169644982488,1
14166570369485751376,15996018494350836705,1
4015840365754645529,5961683162998675800,1
1013484854362845418,8597076140680507653,0
17735565144878277765,7803008282271174674,0
14380516548967052827,15030144139370898859,1
5914781315834025005,1139902639195010230,0
7038105910382027393,12725188153795072191,1
7083220647147440768,3606537461107513181,1
1041378147272680829,10954138142769310046,0
16512416653677055630,7589906269019916591,0
12351842452016400652,10883217932110803738,1
16688881442657301019,3196205212484856902,0
5278018948672467606,2591323678796711936,0
15991987641595067643,9129721857115981022,0
13518785094574086431,7915137196668641614,0
7286703521084812032,4837506139638393610,1
6097413430042242904,17590782594241553877,1
5490072617068143724,2021292653860909378,0
10632737655051569185,12349087516890062262,0
15532015887890736494,16360676449593013166,1
15354885647768344675,8196100098320275050,1
17848609297023837966,12321560910999642680,1
12695169239843272989,13020144719569986272,1
8132722688194800780,7828492928288065392,0
11535982234080533968,13111486423192012957,1
1497727276590021501,11616542446029769768,0
15004022323014100765,189202132408644794,1
2048513432252070350,1967665353182761314,0
4862813866418705373,3250508168465834404,0
8840479774849883833,2725337435647962750,0
4906579016672143406,6156582139534714687,1
10254343047402040994,2316746583109942040,0
5878988537741973238,7920178584743908789,0
11408402331428023160,17688635942759001042,1
15736835618075569481,2387021029535997637,0
14731615190976846152,4553629536972107281,1
1724159036097242549,126855159623430019,1
11914833509401177855,12000649215163117364,1
11845700837450278873,1730239793060068811,0
8926771635185443999,14357486917520337565,0
13387385586949086911,18090738315813494926,0
6562606227551292194,8261288386119532425,0
8416545175593935023,4312681592357459227,1
14983830349648713683,9612818486514950966,0
5687780543247044904,6931905322465242889,1
4573298706431772996,14087586733627627897,0
13148488850740492709,9780146580461634164,0
11411994379907031976,10370876179815493067,1
13257041147500221909,18213916377041554051,0
425969210232079548,17081755953204686413,1
17935684417589914882,11383884100932828560,1
2225874729822276244,5406052377822544784,1
10091464121992246516,11915110330758189102,1
14159398166201717972,13037032155101870040,0
13501358655206401336,7801336998370717584,1
15897335332613902370,9359667462957962061,0
9343379785693089908,7942163617480788477,0
2622392341961288172,7234122248777855423,1
14462175050584362209,7844468463813928141,0
6609776445594170644,10546625493530990332,0
11553195325619367049,8638612296100393967,0
5564763117025985463,15155785927640129936,1
3276326012724202555,535002890816320373,1
7484699119233581097,4778087698961115656,0
10227961045501659374,1832093591708100694,1
18022117673620653885,18091018289820484224,0
12465323343130594587,17072114365397080834,0
2556885078928928046,12900301717532425132,0
5172240827626675629,15698195794283935074,0
11274955973011245696,2517526002511681670,0
17492828431319181838,12883063438969577018,1
13083132675706877159,1444400139638046866,0
15828220643492560515,14400676471991708906,1
17782151493775837286,12912629572577261192,0
1985007466832117799,11370709224728745050,1
4295908932626549315,848494871410271895,1
13539841790325720486,12800825734919151648,0
15277213371831564968,10222996804655966924,1
2564882692299293331,14811428549293264311,0
10157955486590771974,8397348170263641527,0
13287638118765591339,3534593863818566430,0
5625693564417433241,8656033791787739485,0
15264049659663907176,16820642469063717609,0
11289443372358926920,1779893843396116909,0
851661034952882296,10108948249739772205,1
18411552003603272174,13715426200290528716,1
2379657934520187453,8292333300274044451,0
16255700932145217642,16875492414132363250,1
16847299104716804798,6619883029310973124,1
7697785563003643747,4529216221650229212,1
16294116124577408720,16284837313616946965,1
12809130014057856173,8299191580975715062,0
10912604304093655014,4448044660963924146,0
8815545707707594096,9815583306625023485,0
874499714096973126,17800534020837807355,1
3151100242789656328,11512269303921507311,1
7244494928364382460,9557332469338373853,0
6942886570387369071,16356313996587885949,1
17174335092308567740,15004390687568612251,1
3877415131653254627,9297368238539576311,0
12472495966557634814,13168574008362635141,1
7053871517136803031,3557399552323095222,1
12371797336125107938,5889782377863237524,0
16748893966424853878,18130218475732614927,1
17931865919948003443,14520458435223347109,0
11885373143277782468,11516513793990307785,1
16973370012425717750,3372595151523462999,0
13559821649057788916,11141424669208630861,1
9567144378206486302,15581861325919885601,1
9763843302061559975,6983305172612379893,0
18425394932922362908,6892939794447009037,1
14263593833553042412,5724385532316608435,0
4565337529709640877,4423285491495063293,0
6636433455624589132,6441172467382328361,1
17120425160816645826,15860769745843380249,1
14082930800912160649,14313472825794738714,1
977403002649882391,16206320713923716702,1
3756729374628390027,11848051959486990748,0
15780463020263081297,17561793324554221126,1
476735201974244863,4873090507734570779,1
5902716365751221901,10728329308154637986,0
9046005740442233415,7700763222775340986,1
16149816595201126748,7584257940117832202,0
8392422983919632343,3020156580913185065,0
13391009827564986022,14007704307476627653,0
8661182111751819220,14277302808196519858,0
1745236985048532330,915576422223469328,0
15814940438339304218,15616588887732085699,0
1781061103474469943,1851783761763004017,1
17749369487464874229,11497896090021658813,0
14071742251438944876,16745772237136274338,0
16309779816169211287,17175973091160687035,1
4848261299289843787,17350582209878377765,0
8719727400248713662,9538341890227408635,1
18203494385900970213,16571466533830507908,0
10693955621903685114,6658001808478931656,1
8291342405609738386,5147981898203460637,1
4348511910783709173,11544150764465143345,0
1711964085190388670,4735670598815683980,0
14238012981226447639,11267659694522942564,0
16300151612780253882,14082606730334303628,0
3503165452191163185,4731200041651641176,0
7139285344554801894,6400356089410598254,1
15116252368431787275,14165628303192673000,0
8374007161312683062,4359170463992324252,0
10436664591612627457,7316418262801557463,1
18271827115848317687,13204396092653755456,1
816323437376661482,10618669365694898236,0
18328969588906339287,10336357125579303280,0
2839592446712211824,9907307141038752607,0
4070651790412822972,11827082981406005425,1
1526012122473998480,12646617260135891435,0
13210684332372240435,2173110492526511522,1
7479010683001265387,3692004655728489522,1
16724422223703770969,74252750742745353,0
16428929991262275979,11096949285452513703,0
1725370705059298542,10286439548921599328,1
13691398223026394409,16482958403243201752,0
11691188172857945465,6530132657445477987,0
1581193282541764210,17971384791179700462,1
3353891650393041428,12045803357797960188,1
10050191882744792493,575812621876578714,0
18360078670529605284,14325166771948831036,1
5872658050855581147,14122924263893858824,1
3293427527938131555,9146403058730655987,1
14357024775614216791,16104856561936994919,1
2645030754991489374,16496826639255404562,1
14744777870122429769,11008298001485119841,0
15725970817181086372,18431076964340530713,1
5383839004682053968,13979442714360263292,1
4096465857010411002,2938177118038030687,0
11357230649189452305,18247894935456523697,1
3235194592761669595,17436349796835929461,0
15333473373506593565,3526184322455648067,1
14464418910106197965,7348350164692166656,0
6451761736179992198,14737860707298241835,1
11453088616561466232,16852828151433545473,0
4827551247497027518,3710955839129357372,0
7809689564888942779,5665446001329011372,0
12505826257282395461,10032429119853304632,0
16306580689238985507,17113671683989543552,1
17433002889515573584,13804887861752646929,0
17814196430200161155,4261513296245971077,0
97034187302726316,2154288905025566084,0
14754429064054887935,3233305363390344306,1
15057746806243802306,5831720411167924866,1
1826400615231754607,16961547302199193527,1
10925520122560884300,810361281601018915,1
8733253240022354080,11998544207782948764,0
6397466204102205889,8722448794670149488,1
2586288064886590515,2409243993647699804,0
7202230448707439385,7161868420526624049,1
15283113114078072181,6632520435675440718,1
13095561357050306491,558286034875117474,1
4411288801264712491,17475901466500251742,0
8984609817130711989,14478919139545613585,0
11296635624347007846,1409345618505831033,0
921749912950098814,18087609545169825430,0
9699996824939035817,3902216511970172869,1
7915071285071710340,3357577600488442099,1
8673614888839093977,8181857352086456971,1
3678045649506500744,7665845600035663401,1
7848240048991105647,1669031002099424339,0
15987033810516410159,207885992038096559,0
7959250727050356413,9721511184042305214,0
12694144901111580133,8120073744717066849,0
8171451827677835046,9031081867574093316,1
5139095657453426673,7662874500007490584,0
18105258439483091738,4392097696741060848,1
6216733507512435960,6156292166116621927,0
10306018366191766572,3122192312881813770,0
8591661431949837130,829820644439933689,0
3026378666584528777,7083547361922145209,1
18114192479613672256,7463107641892123328,0
7553104125921021491,3355745159396799997,1
9478464108208513590,8022934774636218799,0
10698170696308069431,12460360785811916671,0
16927843149014616044,17113538462134572658,1
1255971906345392850,2274349908879503413,1
12484743114325023159,16817189280487287408,0
619810161111719896,979906318351433267,1
5687039902509363065,812520736938072555,0
1381467135605117849,11790788549900703153,1
11461843921893591484,7661429367520739336,1
13706197071742751233,14215028265569416498,0
17067345325415203101,7642968280211022634,1
11896298031218182457,8042025225841915861,0
13509794241458092987,6055982672471948952,0
15901042444059690924,780257062567891801,0
5709914123296736783,11382099035353295991,1
13117975572928155779,11429614526130285980,1
9251459532607377574,5934505827125482913,1
18355116319090679726,106772711450273123,0
3313851828792252939,12258933837004380967,0
1630209645019290711,1061454028141668401,1
623366572927507335,16137445922056771568,1
2005091036285487889,8141207376654978602,0
2414202070837571365,11638769180204791351,1
15602010156138835266,10523679900373859018,1
17629598784414832920,12631455881270985593,1
2631723333756742553,8755388112796223314,0
7574685395113001263,7680316540978616228,1
7411059731536580708,7433691639973180474,0
3821641181681976845,603810804180978063,0
15551017923005567410,8849485896462080325,0
13165291518641881142,2587594448201328937,1
12633619765520158786,12174081331136989920,1
15771638162919899665,15557630188906164830,1
9135458075145799227,14202181096835212365,0
18435057183269559609,8830247320083390327,0
14322391157244949168,17435066352670423657,0
17052646442873299208,12497346679643445266,0
6138538707365519695,4939007856694109556,1
11432497036773073377,659062903046695900,1
15477324012475951133,9230916316897050948,0
2130269947344290199,11302119834576076638,0
15338176864194781682,9140276302123942542,1
16044721384770357445,11521690882032738600,0
18361114017019180079,14050016559678594143,1
1132452589244024253,9779304304200971630,0
6056168115212894825,10073354962236937102,0
14716955716102702600,17716714943729961934,1
16843316565793778861,3164499874513169373,1
2684672115975349911,3813704235347826599,1
14627266749702256302,2692624628722869641,0
4620172345671673290,18391937347491938638,0
6323481742013626125,3017353446235475169,0
12678362434757067290,10408182389205797851,1
11029255098387405172,15343656393840416682,0
9607178978453696340,4869313284814540325,0
2482735644922737135,3523223130546676022,1
10912471343169565201,9907996769372570748,1
2262226254423891950,16901374086039894135,1
12026953764731111925,7217998638345908787,1
17804854820423563201,9537788949211415951,1
10529524030513816302,11189032854112895698,1
4384383741687814933,3526147888888861125,1
10412492219138711164,16458606865223385775,1
11392449889507884050,7968449955143608604,0
3209161087500979788,9429579030115840009,1
8090764357397874830,4294507384169055456,0
18067528981586210671,13181109264574825424,1
678138860479090954,9027904542116981631,0
7078401034713332893,4792049616824376251,1
11014252309466600676,9555920291821513025,1
13103288490961098379,8317909507206331816,0
6482948556092218755,4755396921734432637,1
1659553125266959686,11693894704699873078,0
1011775217559465123,12491392085559346723,1
11889083193613270331,17221804403761580802,1
7894850107607516508,17480287943275136960,1
2727503645572232688,11944966852200946580,0
144404964184588902,727985910439529758,0
6478501617762676241,14068851229727051330,0
2944143945092260714,3142444609869566619,1
10888342969392493928,2248811502363759396,1
6084991616543093602,9547059443296079120,0
13002387298937153707,13492533558247874150,0
12710601216047507669,2552099316883181852,0
16682834149122711098,14009354119058122774,1
8224690180840504780,17313917229032718418,0
14245476712917478811,2079105394549039938,1
18255879219624487950,16599749251167256148,1
11984375824499702075,14617943075483082920,0
423576100131430941,14901353940308204438,0
13520737934732211341,10412540680401300453,1
10537940244913024209,1398365546843052880,1
14111185911909914883,5022548016412146920,0
5973752891080561745,749433530715584905,1
17380952443130795837,15421688989501350429,1
14642177388829102847,11035997032023595154,1
1674596777948879613,15525630738133456650,1
9292449761590295867,12248388441742799298,1
6928395651749086781,7606944215798570633,1
6080710615565039598,1046008631525600568,0
10458942541551387517,10013202372835680477,1
3406959938513385647,16518938872113612654,0
16373860558958549706,14034055122985743889,1
7937146141007819801,12743756012447705327,0
15552606736046199957,4894267275936306672,0
6377293107043815116,8446649482210023236,1
4061005197466506948,2403038821763543634,0
7328915686347195394,16342715456523047607,0
8554613074819765022,6563755147915791242,0
2954781626907041785,17599623499080582658,0
16970328171774624228,9685836147379268627,0
12720785346180579162,15941763477783948597,0
12342299394934968323,12383464144857122164,1
8543857960235598062,2044031485816657435,1
15481795262520313817,4740960256536406533,0
12920356412476181971,9520442286929995726,1
4584011537516688240,3766386309929185528,1
1521421542014809645,14837681366511433074,0
8474519542632794247,11294891572015827337,0
18053483043695352552,1372642902492695623,0
13390439986841643206,16686458807323633944,1
14120214759545708050,11834783539562358118,0
6163266373753329690,3568498074641461498,0
4534544091186898441,9727513195400544887,1
3800081514763067407,2707673827990238132,1
17075662979644516692,4173455898365199999,1
15864116264983307102,13857215132943638588,1
14110659463150809671,6702648384339622090,0
14334348452164239349,15192285938134306828,0
6244589456891167973,8132537469002308363,1
6036085392367399301,1475227931028461713,0
11242404596415656188,12914191392105867530,0
535512542772329209,12710323571419276549,0
9814186913110967042,13872968846749866720,1
3125538429557241142,2299801363276916960,1
11965623703324749194,9280392981570931586,0
1639091897243310237,3510420282297433687,1
3782001805292561876,12950977188171241258,0
5108090599079757431,11046381884427639777,0
11868802809180830868,11267622410845057584,1
2698482188705427129,14314174429121938475,0
7157634994936581267,9293679852039394210,1
14373852987043662373,4656626670377782844,1
12164839407559699901,6958395547931191004,1
3580092476459196944,2262297149653016282,1
15493003076760350107,10513473432636896300,0
14497834393243700127,6766866801156802521,0
1126447580492540326,446953826194497028,1
13689186130264763408,11063543441735677748,1
16294990027831747667,11791634813580991311,1
4563386877317830872,11807958351335626683,0
9909313951101096504,227388392802621083,1
16264956621788370008,11169345686508337339,1
6673092094151739563,2963154117093451650,0
15029753270209224741,4191187493786795051,0
5228246929384462355,2482987783107853416,1
10035123788886281491,1590784503727920407,0
14436936109409788975,5986801402668465322,0
10349649805387170027,11210218636073485794,0
17323590952721377317,16751931060623390303,0
7623787881652390046,2744788032170092011,0
13220059492811665922,1614674680489201117,0
4006011330777766914,12487108456935929889,0
12724668167359241803,5749299841209371670,1
13860334876424073232,14463358576639786514,0
7432552944794994300,3628039086537923076,1
7018171997079742519,15722467164695612538,0
16503408512671323974,16277916153373701856,1
6686460479940600113,5532273557848566121,1
12616323408407513594,3067666925172280438,1
17296273763846365499,11677048919873980902,0
3450199231807937367,2378605104784730144,1
14300223443211580476,16891139799124514590,0
16466995740200829686,9692843620898294762,1
7712883767995169351,12485225862832018187,0
17695484786516057578,15761884575066478846,1
4971296524356496504,2324908720253262118,0
12004948425718741079,12362422024130117177,1
8572479661338184679,10047379195935655699,1
13231190908618217691,4470868588144382747,1
8960162956452600129,15236001130504169198,1
2630574358016826564,17418992757527653392,1
10311103243998415059,17261088403910598607,0
1064933921327338018,13177379202808147554,1
15098009868543277193,10309338219817551450,0
7464474481694088995,9914293705415964864,0
7684090103552515671,1420275719758020393,0
3915336936837564638,7688057031362539971,0
10986235551997928512,17394518691581723588,1
5357857543434343676,2234374532166443615,0
12634432697794895615,4723019791286929006,0
8386704126066155854,13286514168755619970,0
17622763003243955106,16444806581328321302,1
2582665220087868661,3079377914638668475,1
18107704101432673942,9171143836705476775,0
16059467062546367866,717320695687834271,0
16251478211668274849,14582302583652677277,0
16912197006773002265,2291402820286261014,1
9559611053281183775,15987314099674649441,1
17989649999063920276,2928579453168025206,1
12515648878801107846,1677348521684308661,0
3919774806609316616,3089984052646570019,0
6198225931841160727,14654362932271375791,0
16836090326471102527,1191946839686461835,1
5909696121889415901,8007233427717899750,1
10827317145678052644,1454689657204854270,1
4967655224921911894,4742912013028552511,1
11891687141288172171,9367733497144601506,0
7945533566568213537,825179383053080931,0
4934898702105511314,16322753002240676882,0
16009978596270180967,7662190658649376520,0
5462172581619945927,14708196928926096684,1
17023619235195117984,2365503329420439848,1
2017506414690142818,16438017010751547904,0
739814517503882729,7253289215029410477,0
4588542414843419328,3232116732193038677,0
10643431225659599676,6461689584176509973,1
17686698822404229815,7659363606146833999,1
15625889173741761793,15264152384919709678,0
18145390457133910232,7171995537364477515,0
16660026112681534824,12343875221790466326,1
7483963598148268059,6463826378546282810,0
17750607854096215318,15614961761232393,0
997974722942320607,14945630513196537739,0
7131417969975918574,11304595255780595200,0
9255597446107912723,7748715132182722114,0
2476612108131152387,1102610336391450659,0
129625613423575965,14698649113057703651,0
13637423936157603932,11595421196502332245,0
14178661503145663034,3748280585025139214,1
11718264023209172816,17426280286521604616,1
3890215008992314840,7653730693058578171,0
3514065529281643619,4675204450946302748,0
15066018861797036559,6479410856689585337,0
4497848259300248526,7651662089818178115,0
15724589584438574138,16136278581950010086,1
17437763937641911495,2822778444955620977,1
14362196585793893719,14151033803114994104,1
1454202985550464050,11811706862126077759,1
14735721203522405481,5341941143071537074,0
8706737990791989340,14947679832099815624,0
13005603050198904502,10822881858799582198,1
16277948882211910391,10561952778681471109,0
13391267267515769627,13822989987607159414,0
7567811898120091290,4276809846218705511,1
5410586121949283127,4241464696453700077,1
12766657984442993215,17947418470984728887,1
10467337195672069311,2383462532447331923,1
11921052945465799592,951468030814029695,1
17163051125325009015,10757222359793403877,0
15383150062731903778,3611316802345019795,0
13094650046636185823,2770197666148463607,0
14708242242158341421,8836891864605163862,0
17422079981720223597,6562193700460341337,0
7995504737605326122,16078218077245995291,0
13249212335052746152,6261308002502975477,1
18314301730756260341,9662308049798650723,1
1185843388066176138,1465007182541765938,1
3000216062842422113,12332677740359587553,0
13970612635788342545,9447374816901490736,0
18239307279243966359,7881374561225029818,1
2201846464980574204,17061039110831345155,1
5310433356525403451,17957576632244386238,1
17890197299498178355,4669104747472457810,0
12698976445567343128,13563143309251717017,1
18381878498204712397,14159883649912852988,1
4120520679746942547,5187465782899756317,1
16987305905731538026,11522810324473678939,1
9600666644159442127,13982113892954595910,1
18285115985854278052,14387121267386892045,0
2421626877757085969,3880071549984771546,1
5351615896595898449,9470258529479592121,1
356260174662238730,738737950985647799,0
13579665891946183304,9090018440881002878,1
4990153867239432014,14336788521207810395,1
11824367760925121582,6230435229389913864,1
943558107728122578,4900030054288073183,1
6285826947334801626,14989366982935043165,1
12152302422377300184,9460611648834897325,1
10019154560761015966,10752917562565120853,0
4299662310824072865,6537097420436004916,1
66852317606095012,14861693625372140696,0
3601290930871136784,5052844222666110912,0
7882370452793153919,6390630175611586079,0
14927986504634629878,10186076564921716457,1
18339358524370680637,10726959999645740460,0
15681938294736703414,1103278047275485364,1
7961771738670955570,273139333376840186,0
11246543409738116136,1305326825207392057,0
11052355812584259392,12783915763346354786,1
4263400588231770214,5929312048139894631,1
5753246107225527614,16398845633886042350,1
17701625954947170276,7044769461030730316,0
15588951704330455379,8226160544617714117,0
9164576547345707987,18123511899492007616,0
14404728438167519542,1620967648181260445,0
12625058731525608825,8952349272897175933,1
5514475457087796620,2127038505362056242,1
11848064309445998018,16497631109052029203,0
16531450994416965759,9443648436682836748,1
4145726183079201577,1295890932998160283,1
14435735981706904781,2163651073547629257,1
12469318213696850070,2050491236567602302,0
3856398372464431577,2959142103502240316,0
16255699876256561214,14119271716492073506,1
6711550182640366241,18375169792239630938,1
1220010287330534604,1209418369688283213,1
8197709583244146902,16478131266092961075,1
24880374924198653,12741250889522411351,1
187375110047517139,16665990908739077216,0
6038443846147230435,9268802542323055191,1
17703620924366316464,17013676340249413413,1
7849228153542635541,7285461497159088894,0
17368895609359813871,14537998669435695187,1
15804538298765042118,1810504116233955283,1
9760846282347251118,13532110941908211800,0
16021119109681421463,5488659996328200579,0
13964373566028992825,15824789847337176723,1
6679570158356024418,994761519511757372,0
15180046813225140068,14846836245766491545,1
912499734306814894,4592935382183801455,1
15397002809061157655,4117123677971677068,1
7620342788727297383,2416550458565020657,0
3526074882397095873,3770932078143077490,0
6170183353254750597,15421386479555228257,1
8274228705730017286,14545123967621680685,0
7782472986142423459,8662849198268067078,1
18350707387944675500,11111996810162747652,1
17881129259042528799,14392493951077967237,1
14689011131861042590,7630290790554358052,0
7552814691297239781,2970636948371964628,0
14927466531108540038,13591118588858955555,1
10306755490728731795,8217962713157508180,0
1791935725954902311,2586085493528943378,1
10093724978780104738,4347777014680542031,1
1469617993932912861,10190649110787563841,1
8395594052864265765,4795062659707314498,0
15202163977879084050,15778896818776065051,1
9974265748756425872,11371706916720552442,1
9331169447577359459,14907734299467467314,1
2011134018603487009,7685906533066699650,0
11059293390873446329,7418475763868356609,0
17696156652030928950,17133841799682641757,1
17853900334396754125,12915352022191035062,0
18142498127544316530,15234709981092860821,1
15050249087927467571,458705403971953319,0
1835987932272440230,15871057165511685450,0
16327511126986168976,5827919383320929455,1
7102513513042279311,11778493570335918257,0
11105773723805917234,12107365668050090624,1
16952401814099446455,12938833620517390804,0
2186296555807696091,17098848518535185621,1
8906618822152612451,2370258727002540267,1
2986516977589769102,7962971343371948392,0
6369595484600381419,6319761275311206406,1
2139245529196136812,2018580900663007642,1
16787382638202180048,16150235799391970475,0
10203169908255288206,5291286419643947544,0
12401396064967456560,3883363597940330789,1
3895893226746530542,16944941484585075187,0
8783793939542913120,4652861702215455212,0
9033937436884035499,18034925381676650650,0
15103205189481428018,6319195549116784714,1
16681166377445895352,12669984420419782939,0
1374737236783493404,2202424213411815795,1
2308801912116338729,1336041431441537939,1
1813412065007187490,18355248758528987045,0
7845927495009208420,7365735030964181800,0
6316960428719792304,8999523233353479108,0
704636312957362831,15122055354590135429,0
11446828932130660506,18146151995947256086,1
14628547550535836727,16379919425293213743,1
13118914791433400846,9010189488735638728,0
1853253444555902596,12340358266764832367,1
3925901289254101127,7825774969237407128,0
3242628992068268499,11027714560710288841,1
1373238505986715132,4031039922571368794,0
10503124488730126993,579839560681902662,0
9232014539193247369,10725315399074417481,1
4366743456773194680,14980328341664098373,1
7181476361689990990,7532430947608190,1
3851246761344992792,2697693123618559383,1
394132388939067268,3222948767161729811,0
3609552348504244370,11721926447910121820,1
2759727830017138369,17929060783962967256,1
11426991521067013030,7653893634378694994,0
4653032391247634144,5244195350022188570,1
2304504969903045124,1234317812992557277,1
12416591807774517838,9821888346227204508,0
10625472747564954336,7560481667114013301,1
4817912551518683345,3750877714024915032,1
1304954947328539187,11854964175739513718,0
11538110765727524924,18325221910076671335,0
10667262169095521311,17527825594875623887,0
10407539654017554472,5206093763601482788,1
650991442707451477,6864887908403512333,0
15413255099061216017,15363950436899468432,1
606689292270726261,14749088127408884593,0
16184608954932561684,7450203346787153464,0
17687321092665917713,4114853861336145185,0
2473712625282086024,7132190604495840419,1
8249235591426399210,16366415671737878805,1
8598325954129533427,15509818052664013189,1
6779602937483955944,2541496721868042417,1
16655293769631403436,16945861835226754204,0
6496819643415046594,2248315494924313512,1
15318683847368876000,6117170541751255420,0
17357402069940997002,9107117350107431811,0
16817643784456214005,12379275530876234392,0
2210848204155321731,8263560947926518958,0
6005733517097114799,3762685694692911623,0
6323823900759526254,8010690719391637990,1
2462282681376039095,1182735718589195096,1
3130933806550850098,5662859802850320832,1
13174551689942088136,8203378722536781116,0
18421518949696205097,2177102139685044207,0
3525508587547834711,3447840598060007818,0
2118766331722375832,15345863904139118753,0
14254486951902711941,10873593429311664183,0
2764795239286465603,15730837071614220323,1
3914095691772558069,2570474847039856936,0
4224530884779515733,5420836835227364304,1
6972340188283643836,14907940186581921124,0
13400479960600677503,13007982129699272094,1
701776743926190989,3223546493546035588,0
2106424894833770762,17689713000149031192,0
5443869065524683382,11550924725008660989,1
2557996448345555432,5133534772188146753,0
3589925559512466304,11696387191244884226,1
6329228975622616149,13729859072569950750,1
15783876987583155438,11809296918181225874,1
7072322414349033041,7512215408411517359,1
8751844561666068172,528349233099991688,0
6547242212175886004,3757650747775926093,0
7744608957116707804,15613650247194003667,0
7406756151072197549,7424700633968085942,1
7016074217808539312,2862771622202123756,0
4324754757055930895,11794383967986904241,1
17429985760928747104,18007727549347583367,1
17152837953275184449,5034880540136346844,0
11352712442138514332,8531579994098221869,1
11876442777304694202,3428166696288068736,1
2751597582497484208,5183436096906468845,0
5092144732901385731,8592609640939210539,1
12067126805938622198,5545385109133818449,1
15299528693913800242,16125715457968783196,0
6131405228440244845,5056259881206287115,1
17840753292760961920,3122000936573071988,0
13311403533848891312,10886805711152321318,0
11226862509864128362,17178785706309271960,0
5453680391358634192,13480045860334523262,0
13754518538870982137,15621710156830425562,1
9311979546252671733,10539177708893999766,0
17288355378883965832,16373800070625872531,0
18377708432666784393,14966090381484802689,1
8796410439640740810,10164451842861061460,0
12719759139589359189,14052180649815019436,0
3827933442965970970,15881819912819248329,0
10289966269943132093,14578653742571410573,1
2833260700472997254,17282063615005523317,0
7926281005344946271,3607237395740130343,1
1990726023415834164,3452361707400412536,1
14839480717860218195,2942259565997972002,1
14639524620020398200,17350129703254752049,1
8620726885340060570,12465655839271163293,1
263496234917651986,1591134387136482984,0
17687939090530672348,13144441346147065635,1
6319527983548332296,4393136876137917678,1
15732175123748522767,17456049072662456729,1
15270377231721137540,14624032686933075765,1
6383454016409651498,12268130681231903410,0
2056902973410786959,4097899027192941446,1
7222745007972506233,12789075093524116311,1
13626694568856421227,16983446305107262496,0
2945363562954698266,11461644997281953750,0
18333509071835954061,13604693618120625075,1
6624545309327739264,10875700228019087299,1
4673630789803751502,18102139788772529135,1
15772245055616829337,11058066157027161099,0
13125747077642435839,7935838663504053707,0
14343375237112721122,9672806861757337341,1
6063052520320968201,17314748738406657035,0
224426638001639542,13317420716168110145,0
10079880672653240000,17161049154161246814,1
6757762702230833402,10065379723005566734,0
14972375723805530329,5686835710042349174,1
13246528066384150472,6807688210113719828,1
3622479322667462244,15777230999366441771,0
14971823877282652325,7337601469204464553,0
6352965759567662249,9360955238335797384,0
16781327124709011636,3133175238059402180,1
6359030077381434722,9663483452914364410,0
16724713236414769369,1768126858222485412,0
8961384503262290348,16120143637130752543,0
18297115143797686360,2266622225796555543,1
6159947188412566729,14147281436663750146,0
8595087317667109308,17153222805120225530,1
16975327799902047006,632785379608314127,0
13552813423859580661,4461772427124889723,1
3294061911426621533,5842933157914857081,0
12579445939675935897,10905682766067961811,0
10297840368669828437,1112501691427234030,1
4332678707378364415,18407901003470308235,1
10731939964325845457,3449425341057956190,1
17296366713494397242,10679007839329773455,0
9571673309278633381,5036591198349620364,1
10545688097937167767,5702405356831053569,0
14081303988861536028,7247438058321921611,0
5302324833076372011,7799290198418471812,0
14081549929407598470,11802688799177468614,1
1378080168012646155,15840164675621975801,0
8581567659854961658,11261871100701452049,0
3498709559928543245,4621558454962796767,0
14116118477981729617,6858581697158763072,1
1863393924859078438,18344445861515532049,0
12463249194906255012,457048329933356164,0
4553089222881512819,15607280109737520856,0
6510673073443135241,2157265343593540110,0
5969762136537679834,4882135776185396748,0
12584638654248038421,9388340461235883904,0
15474631044256841323,18042028543054503914,1
17439136612874597447,8893740846896174550,0
2687517058941058812,4235223638405830581,0
3360440761271816291,8021890434521717186,1
10709730081299898932,18288658303810242731,1
8090518281240406462,11332176593418683434,1
12300653081262426300,3113371190643036408,1
18157377184398165643,5565541622961099260,1
50010035852652082,15565635327913633420,0
14317750809655009246,1063162267843844493,1
10821395407254608787,10343489859401102871,1
11777663465008158144,3529992299163959904,0
7790374373410098520,11248807352287735132,1
7755188708138729285,16845395877590871359,1
15444423895995618865,4703325747289458266,1
14461057257150721828,1743071206119739565,0
5204477540135699951,5273740653823589259,1
17635070510514415549,11743100603090816478,0
6529289595866064046,1686210213922304146,0
3628119068152993172,2459732408731338521,1
12507254522237698172,7212629828196796918,1
6068543108354973793,16527504429892223159,1
2324767383020510236,14379525479339707034,0
3419881354201864063,1806000500683638618,0
2502209108952919997,283026165989552124,1
17873317789101675426,12888723069988899950,1
2034134417703901672,17075513061885471531,1
3491567169527899758,3692332221131973180,1
18165264581477938898,11677293778263263342,1
3965007839088295471,16618339782457357409,0
7255740179623358153,6000867873224947603,0
15103793233241868019,1182972121382303361,0
17557172776519458552,14030576633074910885,1
3072349389783987178,1371727013791062509,0
17809534044757852714,1186585967813010566,0
2642595643227767143,8777331590341032855,0
2454087155990028489,3488282851303357170,0
12949753455478309851,11147159880604665883,0
17200693261117532162,724303000136716327,0
14857437298731934469,11887967429268195697,0
7941953414878283474,16396866766231712631,0
9372090468233125190,8295079363359010781,0
15097755429512514808,10893981834134802111,0
13449289105993486530,4038859271055156746,1
6007833979885917952,11780992372654347014,1
17957943834226226855,14164857205459516785,0
14352016771510811030,10132729927077271603,0
4057420198789132166,4399615147925872654,1
1024239348075725990,6062885678435307293,0
7610886592589620178,6974458982966585079,1
14341525842366686249,332781161558390720,1
12267037068645352422,1724288975212930759,0
13331632095577322832,12557052377520099930,1
3442083472354830472,15656564980327514624,0
17993650384973333119,5913785213710352065,0
4892324699708374928,12964089796131181314,1
9098675592035261991,17764849465566261666,1
17787648898332333277,17274180162866431864,0
17324040016279377980,15578745639773550668,1
17754245901494994164,9978774455469781504,1
12211447555906775269,13366630266244587300,0
2278629900264163390,6212321229004329486,0
1826693448325334732,1615879306180562083,0
1930322581053421696,1112758198182809345,0
7298433333758976837,14400052672955405997,0
4486442200443288197,298271708315967548,0
15181377617000112175,14135033431842762118,1
12491856509805459696,13011396426831958435,1
16265597729180490170,14876541803152560582,0
17733597098671947318,6736093168005572772,0
389286702204743398,4118694839701052571,0
5353450788100768736,11862746371235479179,0
11127794965467434863,8616782385206054542,0
17414997566020967708,2043578533598984750,1
17267911190483488575,7275002740031912551,1
16526574451643344794,13739621171199081836,0
8793610014693537520,7579128750639062109,0
1071477828485545925,49156804975299926,1
3188970258074606691,4058353127582566911,1
2156116823697741592,13439327318324274550,1
8215768405057085837,4123893911944314289,1
15961637869437027459,6631256248662647954,0
2177002466861424959,595732820537420949,1
3112736694298760723,14314999680469930152,0
15739659845073442001,3996194096416432517,1
16575069451429848717,8286616611217730872,0
18173647930563981788,8697757350997973100,0
320381205373704776,1172812635705425699,0
10827842200299154618,13661142466772726480,1
10148727132430708425,12421072333246944719,0
14910445524244295954,5745219277648833000,0
6479351985572521367,1796860491418068188,1
758124667470807344,9854533743918771816,1
348759368702903923,12986648052882341693,1
11523004498686912780,5603485033843037051,1
10110350141859898158,8582156457117410952,0
5269279670292018948,2595435932759908460,0
5479325858845994078,10409207228680627210,0
10260528017385606688,15631377512618312313,0
6795217817920002450,5555812460224011381,1
16861741251594421699,12666622290923313603,1
16502975916201838405,4230967674705693226,1
15325155937247638044,8798931065738709048,1
9213050549760312309,16376053821802440055,1
7458268139440652591,4492386288513460746,0
10078108942510599849,10040648715815908994,0
7206774122676666356,10539444830474357034,1
12508499233406218507,16941653152634599775,1
14337951064820119525,13107046855128823870,0
10703559786192464810,1219467933607329387,1
13340955179560326397,12173283559034038148,0
15647684753715759150,15564100841104105016,1
14832680431076039431,11224523765085375057,1
4092461234712236790,12040676391876496952,0
18381164221153625995,14548730952037281866,0
14037490750710322184,6847638000765483234,1
15571491927858155794,864908763237064980,1
2996322093973327861,17843260028670801544,0
11039937286310705102,10523573313675444857,0
15374319528823089147,3188112593107174654,1
4527561764939478600,2163946593136052867,1
277036768810865528,14755602319224027206,0
1016162224271542007,7934361418989090425,1
12413225966506791207,17316758649427434384,0
18198850157034562870,15414526603781939639,0
10581633238759262286,11925647331081352892,0
3692431076992046448,10884090509414354956,1
9898163774626713717,14145690643987830982,1
1333385006994353309,14236605575972365153,1
10146623164114568677,1716375726627185619,0
17116797041340158728,17048858631781065002,1
1829608188953026262,15702115818659238870,1
11235723961853298065,10196134060830925510,1
3202511832885735162,2917433347484146600,1
9859878163411919748,12540277246885927941,1
4812686044354239335,3706160704105219964,0
9328425164272859081,489522654869615430,0
3302712258063157426,14807127775060628196,0
3007795606757007816,10898110093393031507,1
5368640679203880869,6361952776092805145,0
142760339234907864,15449707258081118818,1
14812942900983353695,5962341114878471976,0
5565987583368445475,10515304901531454870,0
1684876392340149219,9008319695618751014,0
2055219263432896459,17076606065879825050,0
15269846070287277231,5881786581862588181,1
4449822386175365208,17602786158009982229,1
928014910946365183,17222282795301324563,0
13675363485786515965,13353380081240764560,0
13511392394849950727,8405596817546938209,0
9687164322526418455,7339948905426072956,0
1935116660034485763,280501675271378437,1
6346409046992235325,11838434182959013519,0
6355931968580155137,12321974397708013342,1
16076310201175688752,2269857023255721931,0
4749933628825777965,9263187018945767598,0
10753866492386339376,9765517947052764595,0
8133337160429471633,6471039186044271219,1
11748803989006837276,2824711696507755656,0
17446917480062452489,17574680670670197485,1
7571284862029568662,14455048985143956981,0
4463346444348012708,5969941091169778539,1
13628128462291194964,16464171179971166822,0
10852192411376075875,13081369331930708178,1
1135403634422265471,13086850858765965695,0
3048351709236255516,2603053206535296207,1
1339634593232310264,8091490891934170663,1
2147847304603789588,16473031697650123012,0
1468339558542469405,1272308120068677108,1
12906914046763985386,12400214551919718532,0
14345756591714878366,17948204730861063005,0
1803977357206368239,16156690151823672388,1
12753569237187855750,2520987835651687137,1
2088588603965510087,13813686704997969447,1
675841754071446609,6640293237272782601,0
10898288721668763060,14709499451404829142,1
18362459802077464798,14183000656501480347,1
17942342715186792175,9168537720621676588,0
58270373711780159,2064406863990062097,0
8259469116695283574,2494259988960662195,1
17428455474108705058,2058998497423136578,1
17479415342227648266,3032678144068077418,0
18382168084181054032,9586682941387247436,1
1281677879469266135,7622640526352424378,0
1713172344200654860,3994032899103745700,1
13387102406031575515,17034296813110056047,1
6780587858788298035,3004151471525802980,0
4093682871248584561,5180238040817422739,0
2933759756792144080,10436653773822891972,0
10573063974922376314,14806682749286760843,0
1235137718270492695,9130878371960719274,0
16113519161905178119,11851696401343337458,0
3113659956092972581,5354614910138755455,0
14556367534431426723,2474814291824837143,0
5198835079723393082,11653105749256381211,1
14207908099292032524,4158709662177015466,0
10840904189853514664,14528191712449775059,0
18208547048559186935,3226301688862165313,0
8939246306196078126,6333359600804584936,0
2445895860762279266,17407248852586309539,0
7697302169339220209,17613232985876776581,1
6911963526327065564,10720940391672722986,1
305371689957927051,16098758736189436074,1
9887878980301740629,1382327471719678710,0
16387495317327727325,17742320239466233734,0
7656706101442455916,1935450554381209860,0
3352752441716596028,5143861254981025485,0
16272757544077139046,14313004216110802966,1
11932935169947451376,12783626265833073547,0
13798668989568777020,9339665166565945964,0
5524322999826184270,12604981645465436967,1
6030083357407519932,14679242488355857189,1
829985718891767739,9170419348742477324,0
5845863257835023975,2871178976815353231,0
7273116475480854200,11888344720225430760,1
7552037931856351050,16178897136746566654,1
12981552426620407459,5205442930892423935,1
2904139667327903189,10400859904316767649,1
13096574233282605391,12572616741879085932,1
13859619230404529557,5535346208662857439,1
12002474576371267041,7930068846630757621,1
14370604992262386519,17079986118781247920,0
14281709456388620508,656630162449553562,0
8713812030523702468,5240457979295978757,1
710992186247499361,14216939293077668972,1
16523244487516627571,4385569645868671989,0
7006895915912634700,18197058243113233937,1
8881027951908949876,8010314575626422406,1
4619659649355999875,17777990021395288587,0
18162608559469904147,13438300079673246673,1
15222438811826713084,9862719473605012138,0
13065983719153319700,9211580551184719634,0
17860834381922184845,13975288427902575911,0
10952258864932207308,10417469264518573351,0
12357405162024985188,18403990544494148694,1
4742437645735957725,1972380290617165976,0
14971863559767945830,10302718898799711591,1
10818531408363474496,4516411970942486106,1
3484713780817240800,17437366299510342602,1
6373599494257846007,407567560581766522,0
3772886073397982199,2303082799723159154,0
3465797150908897591,8669838559020925513,0
9267322746414951065,3654977166372510477,1
2152130077512838593,6743448777039279223,1
5611575768412740532,7280929184586022825,1
9725236532365427200,11962993451037967709,0
7117700664901818806,16816849212788643804,1
10351306356305094083,14817539401067765746,0
838613744587893049,437383178780784294,0
4624866006954851620,5979107080224830240,1
15347307699841540427,12830016644103674363,0
8189504418484189776,7370176800407191040,0
6229896307085313886,8785198404174233966,1
8598629654390424667,7760909245529958127,1
16022658776712206980,12484947209272372755,1
18274584361607650311,16469501211900929069,1
2415166833375757291,16722920392635108723,1
5347066543588881249,17684894452657504739,0
5679782744283047330,6319833433736961811,1
9184643667753793238,2778783438356103806,1
2649115999351864285,3448241548207782523,1
5698254049350643967,5418958425542201807,1
17980047015109849330,1417924055940470377,1
13150168043369931099,8422936615716516431,1
14399082389332029405,1987161346092806053,0
17927382010533633186,3105019946547832489,0
16396730845809720346,5758596730287149695,1
12410387818102206742,14263858189965033173,0
13841425960486771330,12001398607158278780,1
1493896321746543349,12070624957404064921,1
1996506240442997330,9466444909533338922,1
16790540840289070073,12333428329730454739,1
11075862641098237293,9761132333924795254,1
3782659877833296384,16576090002562844030,0
2530010918364901007,13655127126039510105,1
4706434203358508439,13458885031509140258,0
15750729726444169054,2388147454502771462,1
14636665100688856565,4254521388281293831,0
137148790863456962,6759511708017112436,1
13705508175501641520,11273287134506531866,0
286004107428531873,12173719037896252582,0
6978295305400024278,7636562364007678930,1
2698201717850388223,4352004109006284020,1
11866765724015441547,14811687145592423992,0
13735091162710006142,680716765108299663,1
1498442735441420723,9417464964183039882,1
11432024733199095943,12539942302811850130,0
11189165546477570382,9214254688354877899,0
7635340485377373218,9762708081975060573,0
11276439082164173939,14982878964903656076,0
10842751310403025442,3264563193990153657,0
13760709450717859380,1429093873659228798,1
8485252392599510340,17547405299507605913,0
13528522980855901296,1333797592294947369,0
10101464798128951297,9679729196720450139,0
14675246322311557074,13236471810271580692,0
16809618143054541956,3036095752326743036,0
794804136343355259,4960899050164699771,1
9638244360970143206,12706966892114915409,0
5406193355039653286,11755515989448498688,1
14484152487070148827,5783247914681078063,1
14448180793237156085,11695888538872571964,1
4148954189290886632,7706051757569423935,1
8297869185182214632,3411966716920786971,1
8939452814046386607,11253296166240114179,1
13278484188826786376,14917146142578817430,0
10245966885547958631,12959127370170421827,0
18393035661870729471,15852000741893087270,1
6265645384510850723,10326704518340663892,1
18435885555805940883,17146342222945263199,0
1902419220254349962,4067624380070045056,1
10266264744667397883,14303851068087193723,0
13709099308484790133,3464666272329632719,0
4558798900929463262,17265025043173639389,0
126083842856515280,7274525526117821525,1
8356255013742761603,13867629700951874852,0
11968927123010585141,10307921990451694073,1
4010290620365282820,425095795271489666,1
14417630631107028336,2199187506586194289,1
15640276139495568488,8240478421047301432,0
3482652071756298188,371487472482859997,0
5886472092358501807,7052765052630049953,1
13733843634649001138,8061794742128950648,1
5820931774599419947,11430489739967077655,1
4085281536981167773,15124672324422210546,0
1999171412758768674,11158500047264467774,0
4110695054847681247,17511598538426979559,1
7455530624104084556,16564278270394494331,0
4472608002494120856,1081423288597819910,1
4294081686987613431,3730780897017261404,1
9861379638153785504,13988077167874030704,1
57113289599619545,75236033502041340,1
16765224453285978727,15443872803830622003,0
3652001718585895133,9347088229792816821,1
17369665540314302355,9424653088206496927,1
4496916580580281292,14508193160678383400,1
7850838999539223950,5745972549860314034,1
2285481811171935017,3463258222099223510,0
1125952836051224111,1110152422287630768,1
3907599206724665855,2187576592121583777,0
6399499435476967521,15196560060261161563,1
15703435662990365197,14535861868283938272,1
9849921529477456725,8489846014225583983,1
2966466297615329099,15001814622989371844,1
457988214537713938,15490297361829757311,1
4403172991078179974,11519420501427496285,0
6426286835254432118,8415959586686692719,1
2913869860767153053,3672674394107081035,0
4366795438309742522,12991617018017764487,0
11823219793323565439,1495265324760918086,0
17632631592478702154,13053172263106982327,1
7259117630232962767,4048102981375525639,0
8954842459988993746,3118293486392618006,0
10970745517418733578,680656016175420794,1
12166021655632768360,11230134115750305711,1
1957047518132706513,13412859752982674042,0
10313707765093463829,12401617930836609054,1
4417681064264324991,11087558626471366840,1
1151115381655396175,16476606046796201905,0
14955939815208957134,14595931442795226538,1
5649748375849955176,14019797380949571273,0
5314271390431339849,8840976247069284012,1
1713099483916006359,1249783890851695110,0
7595721483077814334,6566857708583445675,0
4132502681671015981,16094780932490470717,0
581168112745905139,205027800510676,1
473541320154187623,6641493798858644117,0
6847544398722338237,41639004860094939,0
16701426253666147283,1135697525147932996,1
6876221037467786115,10142438199633742143,1
11144692857069975813,11032109964265837040,1
11999557971843180703,9552176039595000839,0
17388705160056556527,4202015031122923415,0
492800482316804144,14263400000238084986,1
4737966117042907283,7578249765845174123,0
6516977724496716409,11781368115341969324,0
17356119095719895562,14911187618670665768,0
1058873752843356989,4291285087882143016,1
6936555555727043571,2160977942034635339,0
17104635388366162294,2469866014006119194,0
12379249217154450883,7841416088918795649,0
15148539248520634850,7412555277713202272,1
4260864329769357753,3806995689890426563,0
3648142320538375943,16900434175398067229,0
6766463269882004457,16246387234226246797,0
13139626645897350286,254023170571933458,1
1120808723039526397,17776069485231834773,0
12561105439019570405,8732737995451910959,1
1390276495679981304,9463933137419285857,0
9075164729553924902,631121169519887383,1
16497310687544630162,1649518074214394096,0
17515915514438887711,11287672238229815624,0
9003199096346106542,8828725177267304957,1
6627742474381143687,6335761641478658087,0
4178625465883219653,14706383282955025324,1
17328779617799462171,5388280618112078700,1
18404063788620816482,3272321031038489725,1
6431390589178203833,14850759128731554226,1
1794289030584862193,16747163724753118512,0
11832962485786794159,4828011951603330458,0
2419440952572372562,8393820599341389768,0
5525838436865941477,8035365044551334982,1
3232865280520915716,8296426318708928041,0
6599777597210446007,9563732457652485756,0
8394612650325206188,14129301956595178040,0
12130645605843984035,5260896456435495643,0
2144381177910670326,13727309265439462633,1
18313887751121322178,9617487166861001536,0
1343861725296996368,2527483113234952832,0
13820514528368522890,2828711493815938890,0
16535606448176855827,2252452111060301023,0
11360907859873381281,10458112931270046472,0
16757554296382730967,17920816560497875277,0
18156467709188025818,9192917834872584861,1
11400313011764901044,18361535386414797644,1
17022008665041826680,11788118723802857108,0
11979512579167726113,5600435249882419375,0
5057576582730500651,5977572064302796327,0
1828183117208928739,457847045417953077,1
10462399175088465164,4964024005943369486,0
10995710692715598207,13080457005453546577,0
1001598589178508833,8161028594730323338,0
2425452817912702301,5350711843054409886,0
15790938096089562053,12973511486523908932,0
4328108672332437285,7537088852120035505,1
14656106779610514567,12746443559501556880,1
5478062590568958052,13403533854904528378,0
5267524914566989118,10930427655806493371,0
13531490991765461626,18142946272776779876,1
16094429472940917110,15300933805166207512,0
6351903637818134952,12822639276455345146,0
9029343035336389981,807325051135189808,1
4805937108363128077,5200320526108792452,1
17319333407103296076,17608436821668861711,0
7171319315988309870,5166863403262642531,1
2658346943565144425,16656570876505664425,0
9603804867242893885,8482389688299571683,0
6178570599306229180,17178297838736742159,0
14993745583199446594,12704844118637510466,0
9641315927757760346,18296802839349677450,0
3804668773523887156,9772554730019067867,1
15595073023883123844,8317181488954504929,1
14025234229622639842,14041189080206405155,0
6550730896969203436,14918871765451541442,0
10953516915487784665,9559338913690038514,0
4059882886476772594,12075725218017636183,0
6295989455723530642,1496186710508169641,1
4170918422647542960,4773313777721668338,0
3459613519682729577,12683128312695387224,1
3200440780380741995,14639073588358131042,0
16465948567596283361,2649908113970914469,1
406321042549494768,3810856436850160167,0
15792334836497486445,6775010559441505999,1
18437198716343780283,5537733006542648429,0
14633896972675793959,16764040808519903686,1
17395883122117814081,12153212910208689511,0
1251493947791501,1763936216051684881,0
18376301966455293791,12542191935121268819,1
2356399498441912138,4420434238443944111,1
12285760844611213002,924693502732521244,0
6507619475485412873,2279789212596428944,0
17798225465538898784,17714221095034292963,1
15372164018280791424,15034639647102029902,1
12199178903960694431,3416864943263906836,1
15685955520153227279,2790589612824355099,1
1014421283681067772,14893137036780394136,0
986759560394074432,2343718607018672256,1
9091465014780094690,10897331525793547710,1
176310010724821590,4393696967128999478,1
16160152012613765863,986734485448074776,0
1530071509868716636,14445430153146336298,1
4186016126891015808,13431549137717769891,0
16275487850900336542,16526540080136563280,1
10268909414093218856,17118210306073940057,1
4178916239485109117,16766630606853143081,0
16895860461395686080,14533978119140765050,0
6620365158012699085,2349856864471246807,1
554233888124578872,968705491643294654,0
6910034058692909353,17219229808820765329,1
5672908994178671660,13987203431400788393,0
9332428680660768850,8399792567972922839,1
351834708688727464,9612465542437472797,1
2166624426905119640,9907922349230973068,1
6511821020286428362,3046459273600977724,1
17915250076492404333,10204650987726514359,1
2192680807450587589,10636361568868476092,1
12750998094693648661,17354521289120356377,1
9464624826671141740,4948479815314118118,0
6878885572407590667,6461700426394078461,1
7461982026708179733,3930213515491420757,1
16367639117755235117,6580326060132896247,0
15819368597980309690,2881172444138912040,1
8872855685366480764,7339215711079745880,1
15325608450149505926,7284188669766430687,1
7698964070679849714,8264136748312632357,0
15902052310933342392,12258295502394449578,0
2245301284135589464,576559212798329649,1
17916611705712637262,2903335930065374568,0
1862870560606147456,6466180088221553078,1
12665570416045575531,15997238983884655899,0
17718182544109192585,13900928743470614030,1
7918743033619229518,13390077662355087443,0
5649677144668453072,3648930213282434287,0
9131616911582101357,3409803784352798942,0
9470070537632159594,15823624602949507475,1
15190583923284277973,9548899043168438464,1
11724323686253857895,7378322601672805718,0
9969335232743945719,1538706166928346318,1
12141764501801072783,14378657394367715436,1
16260400633082797925,18248183897769604094,0
8989608127549696715,4505919396514943873,1
17697816756223634980,14985517837505681837,1
2646433863173219298,15329276598527407907,0
14721386622256515857,9446374360096425905,0
9822208729131731352,14751214086987265160,0
14861778417227914689,183452361315706204,0
12968492349584543048,12839052639071674535,1
8423295163246552509,10751457224532370733,1
5917282012573342892,2221739247344755084,0
7665383180017671761,14753449719057433477,0
13546453443919784681,16559488514125098747,0
197515643357752119,1968230497873801158,0
10919184527817057196,4271392099522442354,0
13790590137896889591,18413199227385329627,0
10853412937212266145,13939546690872675788,0
10919427307442271888,11452737451137577188,1
8710056303267934479,11424363393615803285,1
7104295613099759063,4758987401703697136,1
12065678975926120989,3687678308252801075,1
4173979394500387068,2475865347553893547,0
8617080992053072859,2826398018151085159,1
16403221307763917707,4762121326313510241,1
3181522125108970824,14653344234019479615,1
9511542487605054782,3822307871528646758,0
2330212091779030486,16932906283228866446,0
15950831231954436793,11103179164835064651,0
6038566235806672225,15832332577602098682,0
16443124791777007768,11920122789138355749,0
17597603370249452274,2619837010871664235,1
12236014666836084227,13647937913510009288,0
3973277659877041328,18248845235921467390,0
6785077689402785891,5545217847508635730,1
6534628480865789835,14232094694513724380,0
17270293035897064495,11932363094520093157,0
12570975595416637123,940816585323801899,1
13017776837486882311,12734142567581639762,1
704004737196714292,10575738947384368043,1
15787265624941144051,8513850629308333325,0
2947733740761056866,1204792512623652535,1
4391111221876911237,11477786900500497613,0
14910058386105572668,18097554787346763461,1
15772176552404878732,7612561032119338409,0
6654583237717221668,7352740828426695268,1
12667597117031459139,2370950040884781557,1
1022226762847424052,808775188459803750,1
2390703227684018845,15627986988374595155,1
5301944506882788377,13951714352286869580,1
10989723965668302160,16079593948098697581,1
2681522642466302258,15890222034588286926,0
14621024566867726453,13821065059626781943,1
9510347801640102147,1147189084859074013,0
8828688732653892603,8276951898868364526,1
5735220160563400565,941663594670554533,0
5081491143410471533,10033741482910133706,0
12674033309124140270,12601508598006156819,1
9532556211088864515,8451213948619628349,1
1065298731109967000,7555545520695935410,1
3471917534274236200,8223768870868418019,1
7285489147237635715,10737107231734119535,0
5614497916989416221,8119768038769102956,1
14173076499725991544,6915249808527011770,1
4213812563240918746,13427270822919748730,1
13795646747081367953,14741108547432208748,1
6452078358692351356,14135115114774755568,0
15316832804818807196,16305463917613604636,0
1175552097132037739,16373894925999537625,1
12660880718214357539,16783222074435392284,0
524884295034541253,5724841705089316554,0
13633487241077931845,5153017257691350960,1
11925232039704539402,2643452401110624851,1
12363411367921918784,12148567353283558171,1
2010137989882964539,13828302967573883576,1
8838990620188669270,7785988073896200816,1
12748589017978360475,11677827633278716187,0
1331409555251913282,9097371399800917416,1
4160356134398381617,14885367279743361767,1
14158111849081861706,16692755674542396558,1
2576951798523758220,3952567066817099474,1
17898208180288161861,7743799378821615995,0
6562763622700360726,4236443519687752390,0
6138234665989812014,6624017397883290868,1
6918533266564153810,18066940205047562561,0
5556105673191866855,11513628550888210985,1
16957212273361571801,12934284013320006704,0
7303869882779725833,4512564185234000856,0
4909974635114297010,16140511337244771508,0
17001604774141785077,5436786904959374949,0
12550068917334155872,10258559099005338928,1
8257429880448863976,10180542053412177705,0
17102402863010791698,16020530214504458898,1
13580771275554088764,7239598982118716034,1
1205888740420604909,11475547034161632472,0
12752259917837650673,14115941954670028382,1
14426153727283942995,17348607839673969614,0
6988258766847763783,10779138552928054503,0
16152920943939719595,4732577338695527810,0
5186926199715080336,6971238039058962960,0
1647707792942006756,3769493552701643746,0
15720878934746154408,5892928227460207352,0
4646745965103583161,6952888045756001707,1
8939046036413319733,16986751588833986569,0
1630070319726988220,8163941048778801014,0
199171197592658379,10488293664650868022,0
18440360296016041663,2629836313315204458,1
14560387324761409387,11428848675041482957,0
3121426165011225962,13534401532793494380,1
5087425379917185837,4265325759277248222,0
12756467922738750164,11299855142177656348,1
13944940814110388133,11647616161247345494,0
13881496277046750632,4811932435152200698,1
17695698633686053871,1237906130793203778,1
1026894805653336639,9723324216118354469,0
6509478720060028386,15020865880605112024,0
14137510266651902951,582912368687254280,1
4512687564692643355,7876663662089352481,0
17333281303186805937,13783966491737520715,1
17457587596992492998,13169652573340332372,1
16549006643133814704,7132809481325152782,1
15440531672693525383,4618187085676839879,1
13834603738094611731,17263039860019855147,0
1054080749321092805,4113304168882135266,0
9676550507489572693,12283769195983248218,1
7847005125100736596,18076768807312144734,1
5104216541993165574,11559608262260881863,0
15745785694886361850,4527216046094721087,0
12745133573040937828,11941665947373799616,1
18327534929749837140,13587967656578969818,1
5879249842027461112,3721889814860428552,0
15233544774665520012,10614154869341774567,1
16603985525844519277,17044773420507312285,0
5972258389572214785,11938357582090573300,0
17564474155218318391,2068992827786843816,0
344728602560402323,9802399544834397479,1
6146461587254808610,10360945124889571007,1
3340857532803257973,8802769715040275482,1
5859541163324359803,10563848512678836850,1
8574172699279020969,7207039714038375188,1
10012457155459164229,13999063878807919341,0
9423121402010294261,11309301819968363283,1
16261387957705359864,16636909119714181582,0
239779927440206988,13990383323496013756,1
68967534450337587,16158226418440259363,1
80580584623328660,4909365189350704763,0
85718564666976162,17771021430282332820,0
1890584607912239665,7425719564326836485,1
1250236894982606258,9734760735481586477,1
15866241834487410978,7247058276372411591,0
6877414002569321218,16419279153547793712,1
2223735309766327260,11872405502792655490,1
13404236999630821603,11346797015711126520,0
13261903601802426520,14171338925048249047,0
1564955121522357343,18128842593921021975,1
8580247443863351073,1757260879418674657,0
19132760668237280,7234028081956515221,1
14370258654583721717,5120834008844754064,1
11808886263562065863,8614013035878254637,1
136594774499000057,14587547515673061475,0
14271910398061673544,6611219255700175747,0
14535025930397127601,3685154650843093204,0
7954920207582202468,13602433906339436884,1
2568323054721442543,4587007738605468006,1
9421370040384559007,10406511596310730602,1
13434953018253688948,12801190256701762373,1
4725121953031310391,16832667782857035194,1
7894590073561520971,17223157262609284289,1
4326740390763983133,7691254941531463551,1
16609672526935324726,17196409405092427787,1
17370339147659618050,10885116166203770129,1
692370355070525591,13003421071932562619,1
11166064230046817118,11549504974882784441,1
16999039934677504751,9613974908715364447,1
15150864001146198764,15984131118971030648,0
8868393675969415993,18099760027675031033,0
5484446575197836751,5973894278791360932,1
15904675958786072995,1873097081014109409,1
6841547719773876738,12300183142041211667,0
12219936447502430883,10148491834261668046,1
2369985199299290071,17032497553914429161,0
9746164503427473810,8407994018947605673,1
13213210234593560052,16237946278021911859,0
3781447128467789563,5361760580229342691,0
916508337802505240,4294862560847551415,1
5358694592261822096,14446256512556016669,1
17173939199027623214,13937754689893633950,1
15747186341891861564,8773764094895935446,1
795091115534578446,16955235810772530033,0
18077966054817071256,15693999824475145336,0
5166962713268100373,15656945158135032705,1
5465650038820039082,7939178730590102968,0
12901869976551479637,11685140566767870521,1
9579130604314788177,14187380470217114204,1
802183534774551520,14535579603063811121,0
8636863825415051522,15512689794905481751,0
5053752078522827857,16156062644666147728,0
1007918386378871235,13525456313162636721,0
10615768285048644255,9584130738144994507,1
1211260318180717305,9768733032930826699,1
14035347530254475685,14593090107313302450,1
11627450060922951211,7925540757788825437,1
8056106271476889117,13711191052869995745,1
16319297987404454931,14917249326796041796,0
6804457719243191889,12537404263112878368,0
5525800798600130379,8503880657132082602,0
8032778714691676074,9444022888138853241,0
5689730867293728960,16560153013564036501,0
17089591019785984730,7001942990599578050,1
8857562123604564523,5144366300481485910,0
7014304999383910407,3689882810899653990,0
7134532871640272248,2337178931587993336,0
4991904684353000552,16851495716994748203,1
5845700813930454889,6166097907577101436,0
1981072510650196692,16603121694683722527,0
16076144265496506850,11870133245966987017,1
110344963923205593,1573594023103929374,1
665481407565532058,15340917966267538746,0
8053963112145425150,7005657892921297487,0
16181715014467775186,4321322093036336010,1
13040577122090335480,14974614909961910750,0
16576289895983090796,17836470042770624872,1
3020295297513194719,5442075846361556571,0
13232268691889540028,14679305628798511923,0
10708523235771096007,14092702684568837117,0
15417198143915759795,8322430994332448043,0
14389052783338018656,9431526281286255979,0
15373742619887147134,16488295168921227557,1
5711693061038687527,398629894072326069,0
8414370774732506676,10718313811000571099,1
12618408950530396847,6589468763679220232,0
13021578503315816739,10984013342855389552,1
11305726733560146663,7767523456129954797,0
9564230063408967400,5444947249786000079,0
13583671529965631021,17083067266592292099,1
18164789157607500799,14371973779244442396,0
7654271109866337736,13216784089900986629,0
4197044073297123275,17655088161592910801,1
15710257258378006011,1052935157424420918,0
14714651020682898376,9025307374517388939,0
15630651516908041921,3396643223414720389,1
107423584421468999,16416318757682582956,0
13923873344087693421,3879062211786352282,0
3326714476183894264,10537435414596958765,0
15633362136298571251,4847423678369922466,0
8978036553758173143,17659528276657055235,1
16051554713871919612,2981981240942776792,1
5538200433346333338,11786758092258124346,0
16064340512088771099,18051620648328612988,0
11239294862023872636,15917510543666456147,0
9091287118472716624,15621633707915808625,0
9416414705954706392,5849682697586176429,0
782286803963037039,15837269186967745720,1
15248068110080230807,367863993125810267,0
6674594696471787997,7581371610465013649,1
16128801954680883830,1837306056172006590,0
1631017009596643699,11958825064946428136,1
12867655384705017481,14111667626206578496,1
11437637021597848789,7801284398535701867,0
9704322089239766609,2828746236663070209,0
1930370696180352965,14972503347828800368,1
14304505529358252534,1420726626428720066,0
16183984325618102571,5062333179698392236,0
10570195019158184195,11097788592037136075,0
14308693715411386944,14343700058549954726,0
12036602125129281301,6167701701408235645,1
7177553094963904288,7604569828234865938,0
4934654645781229531,14223319239617392085,0
13782821021398553490,17371244980290596221,1
14856353288617901913,15520818688818828488,1
7961585035798065526,12229418149291329104,1
15753673025461129796,9095030556245929814,0
6244484591939100125,17951142023221565747,0
7106548568697483640,15296070318811365844,1
2980746232412589727,11917547125690094236,1
2257620024344348149,5532052255207036732,1
13822116493954909759,8437934887835351577,0
2977616544904893531,15011827324710017541,0
2356253199499095104,8218914924157160839,0
8159336920598015249,3194584997704829300,0
854379463908234543,11936147160137188207,0
17659218718231134743,1918219008722283953,0
6950780820708596636,12044717937856448765,0
4363072751630108319,1456739754080186387,1
16746918611011186995,5824889262400130754,0
5804040350363687287,9662249363296181245,0
7945244436449994850,17781066705084733879,1
16446550474189902067,17852887771030421141,0
3368417778848933632,9079455174004709088,0
4265094195577358716,14007745552323322730,0
1136214299261714945,10794139561546102228,1
9482382136437601330,3536326529526352709,1
4409910651620885287,8494510321864266217,0
3373034055344454871,16919533606817815166,0
536214912558040093,8676755951997309213,0
14239795534844059117,13229122734062592376,1
4608864349527487077,11774227825371922323,1
17311628575394560582,10351428261592137928,1
2194249873536316646,18251177644295750415,0
11099013428617312181,4281372570355048661,1
15148581616724376920,6625671336259348582,1
3064656544125235238,16644358223357882115,0
14123093684227047456,7520020339364347375,1
3736429598913880215,16850275210763962796,0
8770323875214098794,8662341265596711408,1
166186124810569117,10826083799933914254,0
14289101666325532266,12019937347451785959,1
16431313661363200253,7023903187817535858,0
11605368816110007976,6941396591262637596,0
6605466583964179253,17091566521815775853,1
11580488281263490443,9305705934117502080,1
1478665907775295339,2281886524541600979,0
11356453510037124602,10530560876291871822,1
3617695910102953175,2118552283915615333,0
1951560406301363278,16978075008492109957,1
2862102535313059944,18391497725147392047,1
10798315325823829510,10774272526725851852,1
17154906603640316517,16685928479744160911,1
3005120145161750589,10221178439505551935,0
3404125478829764944,2096425011254036672,0
7467974978747673404,5472027059112084232,1
13743560413359835065,15478280810605449657,0
17779168222765524614,4853466838037580310,0
18390841037447748908,9478142976118598867,1
2742463090821344102,13977004284794523788,0
1718160569894065308,16066067031693642930,1
4967394530865917696,9184589245183946805,1
6262641329564085740,11147754320647162135,1
14781025992801550738,14371211943058378515,1
6666817218116151793,8582854939914825369,1
2865201163860506315,13108856444067416066,0
18344705193311292548,6103019031262652066,1
10401476303166395477,10072364868786815727,0
144302893639341888,7509461054530789866,1
15466588045864491670,14052632140338066111,1
11599114055857761040,7220463972932736530,1
7361514792609036746,17675795503212998170,0
10422363424409952171,12142353659873004101,0
12754395547653626647,9060462809841356058,0
8519740715821793767,6842730514075379925,0
1046431999030451287,8297673804601394658,1
10504745509413189830,15019635406724840381,1
3510771982833630363,13998391542184400711,1
4501344667466456527,11884839117672024637,0
6782999183038971698,9017433822292557757,1
15186787193883924503,14113578513985740152,0
3979436013349812528,9461168202853286396,0
1876063670869320661,11199921467346641081,1
6890536363469216920,10606007088002044241,1
12431074348909907495,12561592428859825442,1
18295534712190198694,5676256001788896129,1
7418780350172504053,14952045794040198020,1
16380557566768594796,8847489010963969565,0
14747916587132023211,4338660001339169521,0
4494759871668730942,7170928935854794487,1
15943206463760562065,18330378150167062241,1
5568663220847642564,9922807948239128107,1
10526238564294193753,6572902023570086240,1
10390513874195115719,15941075325150534026,0
14071557725669893737,17227465444342113013,0
12055772602060146239,12512579639209105974,1
9098052294348506779,2895488031311400412,0
16346470022234342065,1215255944821901201,1
15845963460719843588,2398075683432165553,0
4875775388216555108,14041585411914461210,1
1212926332666529309,5592275313158634083,0
9380507159826948837,8373119846468856222,0
1034506655953991347,5387082667970865096,1
1111345114091013177,6862394146856277037,1
12252382155192711649,11649475956266482802,1
9903754652304628263,9282751532984278937,1
11425343155946824993,12170521988845117805,1
4061270889545990651,9466023409321408977,1
4263193537522192583,4112051435155909804,1
11124842649538713855,10283622914423069729,0
16997374333310359672,1844036807939413109,0
13542861605078478775,11864512819274336138,0
6472486657033534087,1912317542292878728,1
9586408074642481436,17840926151750595201,1
5393424830521376978,16377897454458346498,1
8510263079751382098,15279041340023824088,1
4308534347316718492,8916300955124403304,1
8574196045644235461,3500111455386868088,0
9235925658593800330,5436357539002696770,0
5480077813909403337,17050333000041554020,1
7275741069078503630,5943489777835307987,1
9714336396029506956,3153974012295279795,0
1135789488417829230,17218991759134109272,1
1086528340699535524,6669362940429473682,1
4053013712802814912,14716579185987789607,1
8901978408667140128,9987886050093429833,1
16457249546107765140,14616330982463924415,1
15330699439725312990,10584857615653244623,1
17923824032687017693,14891488452381134116,1
13200979934020564981,12453664456626244255,0
3688804377392813000,1155569728608500171,0
4269537764992188945,13897021541462176735,0
10743060462153131873,1433770565570359858,1
12019658271415533598,12270881902593787018,1
12754953977022029023,7144850350793652090,1
11613836259919150435,11384094554267455998,0
9542609567921985643,397973865221583961,1
13920272152433879027,5473070315107128837,0
9789400107783459531,11100774629633228844,1
10217821897809482518,16921597736515067700,0
1910040123753483433,6204186193546184706,1
15455760207445353306,9317858905030033416,0
10118081430010253572,1515136374788889010,0
13143727657307007904,11954521768900586908,0
11314710804083745659,6483855389559860477,0
8937549095465744200,15854868946804318447,1
3996443468934709654,17396541699455621671,1
10587274472622245688,16780605049842511355,0
8084765448622213826,17516602005639308542,1
16135277444928366872,4152528504567611009,0
16482897775035838125,15051167884871993917,0
6084838298826175314,9324127022833024875,1
2936821503391265438,10364539069757112982,1
2627329739337875166,17017878753951725772,0
9886228387735080676,3604645215321970037,0
15905537290932068879,4003968765954083269,0
8893704621990291361,4974575987245992426,0
13234691115883811611,1435002067827742467,0
9247635606685232913,17295858416570525526,1
15754147841881718662,1424441294964278732,1
8861591105953391069,1705581290843491226,1
16039520208305641949,329133866649483812,1
15316541007011742114,12825470884035957399,0
13351027592065400671,9313466273529319615,0
9226414443856720412,11960976384800098155,0
1001558586381939404,9583118072276302346,0
10813194542826750695,12252006396017122840,1
1602407918477437598,3453718221356060591,0
8987346553896599735,18343608752546476423,0
17265038126880430762,6558204579088922917,0
14957972000048586570,885580405034090418,1
17070168044517699796,10819608802012792378,0
788019146947767290,3276365684255572073,1
12149221603438274152,9334428795486059900,0
10939823351273338173,6459503705049742556,1
17125108252684952418,7897154477410311273,1
12442424928021020464,11903660480872146842,1
3685135021743113442,3466652145103332843,0
7951204821334621480,3112078556428219371,1
11249607379437390329,3178164675755157575,1
5118092607100015989,11492152778465237632,0
16057179439884831614,7566113937550785772,0
4146313445892562918,12210376012089398651,0
4918891365710971937,7828074428459371591,0
7619774498185681839,9256294968875980444,0
16054517468779510875,7434559175646949891,0
9481321509114577080,1029667669531122770,0
6525652093747873469,2260090043501618845,1
13809453788236874501,5676065010294773352,0
719520864932132204,8348497163650847208,0
5312781125655016802,1657825682273754828,0
587354353603181311,9797004903331110778,0
1945016014255599459,18396329424084329577,0
16818636084530889895,15845399847658333952,0
9980492004621663132,11481451309798452525,0
15255861888278169511,12707641247873273740,0
816945106659102641,16178061435329454187,1
6950180081493221849,14067879631782954934,0
16347940522753107616,5732471916303763627,1
15569482010435571975,14114184885877307223,1
4578977061501396800,805134961614042087,0
11304268790395522558,3822858617528970847,0
1834061653311167688,7657713410473932561,1
11339051984503012851,16493660139644792729,0
12745266873617348214,15024764909779111538,0
11812786447042631609,11954570803877597572,0
15667890150126936088,3674172844267802259,0
8635789144757946597,2676857719169377020,0
8263741615991916858,10451101785240517050,0
16424072986215369664,9637530573845016753,1
1802965381838268501,7156518953684820581,1
4354392772192254674,7890246580741621250,1
8259113211277014300,16845932808267486501,1
17793409125478370110,13652731709912465613,0
10940306168966436115,18219330279498567869,0
624765443984208665,8268305837734513881,1
16932993783327278838,9223019006209346817,0
18049397439272230896,2089053844803731589,0
514865126062677430,18325874720802949833,0
3521999641444398063,13601931375630746483,1
16407889671150655551,1487046708955424317,1
8243694710563625249,1878422944060286515,1
12791566819852651669,13815378138028347623,1
15017188104964608181,9452170570374438358,1
4978028387685773562,16301317185746490714,0
7794859680095532830,15163646373775188376,1
11334274622522058169,13631390722588845258,1
5852679106804481189,11688596112458198337,0
7381675476667444591,6179723625337372137,1
7821115495205687687,3010170212417450694,1
14443850388316937043,16821665804427000291,1
1592702776979516246,13455570399879924852,0
8278395358722271507,17731775126340088839,0
8348160177158248140,14415967762894535947,0
17894515805406010727,9957815374278282754,1
1155459343038756528,31156044993279874,1
373156706143106302,11743757879073603797,0
16298653653177674232,14931108669105612257,1
16044028073878839877,7107078316610049750,1
5513224866167474018,8839490907922316895,0
10817096989226246978,2925227253280160905,1
6914783395277791414,3985640287086681523,1
15848818651955225668,17676921409676881986,0
2445676152242498576,4612191033191058344,0
1428109020111055819,6692737864519054539,1
7634187317825878574,15900697420080587210,1
6767137841726139878,12384870442593758654,0
3920519903587993269,13303856367648125411,0
7883316002625847529,13285049864984727709,1
6596121051200528626,1119081170409153824,0
7854171420951911245,5182848154511251827,1
4859691048681483850,17106403127509037370,1
6965270350522815421,5858173754541680509,0
9209141703191394728,9757300381753209354,0
315387463402637893,641045507438069708,1
2826867559568563383,3331925005849508540,0
17134523004773304716,3761968647573170067,0
1134573423591903364,14241572809792161104,1
11280697573211235718,11500201724847532262,0
10024238129032191779,13542675243714706721,0
9875128626541571745,15685512178145896763,1
10931012526815747000,34631696332521628,0
15918765253434933344,11033861692004816114,0
14934010666237430876,13280473509423646977,1
15185036107952094387,9151579713518997458,0
7537937415107591092,1611222613581757805,1
14116018790453001287,15620137441281580226,0
1708049586103584687,12730152223918233757,1
11617279680214667079,11617822911942758212,1
10256742058396469563,10745718945632436602,1
10597335262680202334,12137801650377688142,0
438392479893948466,447943478256734651,1
12129107854690079174,6967403836175268664,0
6865921386238005159,5286410160596489091,1
386564964779772115,1579886224459231492,1
653525709408132373,2446467026081742063,0
9233400771181003712,10337257719101226913,0
17465166735245794522,7827369107262860661,0
6494718034630285987,11157265607543578589,0
9422205246138594996,10348867044730749842,1
3050519622007790316,5968588554147229771,1
4936237353578813742,13837064644110367433,0
15222228877861980317,17037653932875715794,0
1694301898940834734,4009902094337011748,1
12453757872313197030,1077551543028733170,1
18206284454706477707,5923374283616046550,1
6034069834483711736,8845212048270319449,0
11110992827683070949,10428129316143118242,0
12651249214771894388,11867063805542961758,1
8646730166484325887,10405227970961377084,0
9006684959042560122,5620584489665903352,0
4245135609618135843,16279554115321812558,0
1936233163760305032,14689324860488253798,0
17815073413035510971,986821521249793374,0
1671914828620525426,10887415349141159253,1
13962182631612435279,17653610557144673806,1
11737500447780970570,6211580673737959348,0
10859527206129482618,13021747381833154123,1
3457431793189554362,12468257861676524318,1
11031869694730663031,17482466216020745805,1
5713495850661074173,13195399974468664127,1
5889409153098931738,4921465517591573511,0
7031014888156938448,13335191399371225060,0
11440892234688068183,2216174352753676390,1
3364228149771205310,3605536986199467558,1
13619225729282447741,4752796880472645260,1
12486780485312346193,13553991472158502020,1
5237864768217989406,9612145408485446657,1
4100426447583702050,13019185739205178073,1
17238163002783650013,15235272665588672374,0
11681724653633419335,13125381103137765845,1
5045149947928340343,13390302270037843324,1
2704507460147392101,10746989889102162563,0
9541416773804021794,7041693714226360672,1
337182554139476040,5809316076550846145,1
8440787191395609352,7389520886597725853,1
2878524959192729632,5728859215108303002,1
12153780020731732745,11499082608555566686,0
9846845707797645229,11990084585908365359,0
7722611950574511603,8562914244641552094,0
4246485140862150157,3902847330793527176,1
13813458912092456828,10705229105583032475,0
4256275354746189641,5371946908766542958,1
14089744343404666069,16487553270926491800,0
17019256393859485161,18240970514746588279,1
3153896338185374291,7465859954314545213,1
16829286885045994302,675864476496228393,0
17857718701879242742,10478201995630991949,1
15293315653128812740,9785167269702873218,0
17287494518953579213,16602411123168675843,1
4887241972191808112,12920504832751810427,0
12631272786785388200,9247573508848138106,0
10781216685336527278,10339433219703843549,1
5483597824427422101,4377346919425414,0
9870005538331750945,696263497462023031,0
15292093292234312583,18190193117408694270,1
17042032021900109028,12156060253234541161,0
15761136749841583500,13710469181157656798,0
12941409927409659412,17192162465481784034,0
15341197898438362898,5780294883513852740,1
14012531607979124797,3885347704345295083,0
3019261152718039199,9282121267657318051,1
12768089913638810888,10598322757715808281,1
15620214091994317579,7087520688139257988,0
17709557139344582535,10518045852260172820,0
6994380546691516958,5003545249039714156,0
2970141048330637968,5542139551696294732,1
6944052295206425830,7450770301357212193,0
3455023015969227947,11075136732066799053,0
517370865780602995,8839181270605123240,0
15155576091617309763,17154853790466906811,1
3405847676538839008,8932776375610118986,1
2557605613505376041,12270736542163779479,1
15339364704797092029,10346396577424897721,0
2680945423752077856,13662177128258676667,1
11535953977617201809,625373271705865079,0
6195368831047752925,10160090480216909975,1
6563163970109924894,13080372402389769408,0
1212198283745571450,2101310287225289213,0
7314845248879367705,11716473742668599984,1
4755970268135846824,12541574740874067696,1
3990746150466977477,7460356310916876211,0
903911579291959800,16764760795829260420,0
15824786395525555869,5207041410047474386,1
14685642019233171974,1121461999533797813,1
8205531855369719698,2398279476573583455,0
6496302420312495449,3646331447045889217,0
5898157094151419706,12119500327543838268,0
7246069305224142447,10733312671237532833,1
3506366007179566017,17011730255014711383,0
7299907763512593856,7404692094538602780,0
2498034060437746426,562443636563382442,1
9896691463195109561,9505834973349617005,0
18253974072530936239,1158152801856469057,0
144365089684457909,8217978921049383266,0
7668079974860078267,137714102773407932,0
13781204498775498272,4231289068587713913,0
9797345972671389227,80579068588743063,0
16822963458209337387,14851752409476641627,1
6123847476198447519,2666446065900882936,0
4743749054922612980,3145473391796700066,0
3385995843466698645,15052228860043476870,0
8199544655670090021,4706555602483554599,1
4623932190920703261,7292304906046115408,1
4767516716385566089,891728581076690013,0
6073089136695011645,2342389830468070362,1
3025662462886077462,2521582145896825434,0
10802887978716696700,14534273219355125694,0
6339807700139341462,14876168133750669240,1
7117669264426258508,5680421314583416534,1
3501483959508499944,7957420505101812179,0
11119394696086318178,3060423763843197246,0
5979258594215011088,6777982545842048562,1
16266334724218639851,5701565167130507854,1
13235258505644589995,1099417126321158155,0
3193356758932558017,15707933829011017194,1
12806058287823989905,16890831933042873447,1
11270814903230838730,2545182327596003252,0
4423087795656629447,13719816599815105271,0
11481059294416429933,3236810751989295401,0
3821473416648952837,13542214384660726542,0
3628287164503197906,8879257278628985529,0
1736147696047710345,11478326975652500224,0
4134614212817850380,1542002823589681861,1
15882597996937117088,11474409397080483906,1
17971785311820428870,13992492497607296196,1
4108348684599637662,14973927142561014051,0
2319032082028473473,4214466882738432465,0
12712420749858277137,6592929320209101762,1
4834869199238696829,18422022642117771169,0
16641631612569888146,17249623605838450432,1
4802346179130913364,10164801317311841984,1
5697622185024110101,4068161427493228151,1
13221497345880307587,8089476672976851578,0
1297714843343364472,7895208293918464758,0
2111661146524282479,16268043351256358475,0
581732479391127566,15916017767594539600,1
10396776446504099615,10879654592310008232,1
15396392472862000983,11357149273520735789,1
744618701542048528,12384927975607955583,0
7075635100631408336,16947444087582266268,1
17875281382581260044,16794440269589693512,1
360795396574416848,4856824517592953991,0
14977784447791008949,15391057199012167761,0
5761989554950838417,15666597406734316517,0
886965260561962844,6783725313954766311,0
434872683124656100,9614058166187609157,1
11458269559906168455,13741187358357154406,0
2357528682236506221,6778379495294785857,0
13697249241075951835,13348052443925121484,0
16612498234840014001,8650240067141812901,1
16706639971034752600,17203543652546969107,0
12778845349612709115,3126415673773979545,1
1802262642968644043,4269930099707941130,1
13976354196485855764,8332358177633852794,1
10573071117820027976,14422405286451457660,1
12108994838829525456,8529338234795587268,1
14631609500445056463,5343601147358695046,0
6461103168542794322,4150368800996491811,1
16694332986530122425,16417152596052515969,1
3987355602022124481,2278374060816729018,0
5479680260947793835,4415997685662345393,0
11743485922973317739,3414693112719807852,0
3435047936401221636,5852137485609389367,0
14352874476348282758,5711601717120212338,1
10298078066160251551,15760997215677880144,1
4797115079380122190,8875917887225010096,1
2526263957265414435,16806192566570499665,1
5025310707501523992,7905358013993478550,1
7599704446040251507,10231798110399851367,0
14859816607444275812,14924126025386821322,0
7754119835081225326,7332088664101117347,0
9157226340783716680,2759015039143732032,0
5047821187588014376,6953981607519040681,0
2190588820019920824,18313070383920868505,1
8913557650743318116,15151279129823021725,0
12505345632510913783,13081678519376093872,1
1571471425360500667,2741644187017668426,1
10177890850847016658,7500642051873939992,0
10492717187899125950,2904181865654372034,0
17761893110079206584,399735556878004297,1
8825778953311017712,15414905543656289887,0
10026334305635816734,12298131083748341303,1
15721140514499305037,16886300956682578426,0
15150053308501156749,4852424215812563185,0
3062583334024085845,4536744572843265696,1
18357798342220919674,2673221519792593856,1
18302443616720574771,2003139606285317945,0
4194169551793312652,5939862540972393506,0
9065974657499754824,13756487165867760902,0
7441279552642594307,12665067132560202567,1
7669443958047222787,15143730321804440811,0
11340603543443934877,10028662424970921277,1
15048212372213946009,671446238195732548,0
7626991403934055471,8671782853381907891,1
4874457324508103100,11326307777576542010,0
14799747876987562667,3430669540975640918,0
282445827201929128,15999827596229334460,1
8156100577170271954,17271987852293904738,0
5915347954905283621,15839155393564894306,0
14501558707712827955,14537297732206003112,1
8189732559907341823,11421754278036416271,0
12891597122724360025,9296874087810524389,1
7119853324102038103,5877408863228759763,0
4729195862089643834,18270215978901776497,0
5057059001663011681,14458621212902602072,1
22089526181631721,938479586351382173,1
2331236198306532960,4253496577503488341,0
11641868373795869602,17332876499751515586,0
12417079563964594579,9725655006868083257,1
4155266867530397555,1767743278668858184,1
14338363080812731741,12447598421863599396,0
3158236271178548776,9055595738851601936,0
532439098150222963,8781247247526539192,1
14682145208225137642,14819766164767844609,0
5965429753467162414,1915184193557063186,0
1074478043688724791,1127773601908231877,0
4794640890208772469,9251334591088520104,1
540895161362894520,5797459004779223626,1
1918706602022009029,2346046041121817518,1
18049728261318748941,13639161013851620484,0
2091198774429666376,5516540384882471919,0
13730323166940609630,10972784054053612399,0
16842204072507057036,15994991872150963427,0
12710085788731510361,17346263166767153873,1
548672381962049547,4973410060198653852,1
3791446020579671306,1264712777188168212,1
16503705137276928445,16756050324672542125,1
16679121993917405039,16148252846395413457,0
16124783576490752062,4402697957239778278,1
13915441224234595706,12489733742397864418,0
15977745183810956316,792790103010842085,0
12475163914929166270,8582587050289751069,0
15560139216117141336,1330265600578532308,1
15532496600222920808,7162879794209543470,1
1819821749758275136,224434539712609689,0
14297772846724347935,13729795897388337644,0
5809305679586028010,6243225577157164030,1
15124365982309247545,6256639718466821170,1
7297704589648774790,9911449954839441100,1
5507115762890785390,7373147609927499607,1
13848755351267321811,8621582394076286531,0
7655356087192229193,17298757002260354791,1
5821378414156055908,4170412438495734328,0
4858083053362239317,9968414661016259865,1
9603318428494158495,6386401963515196186,1
3976322634278045489,40103916350887564,0
4834307971858501566,9915012304992606113,0
16789327437271102228,17592079191685875919,0
13157022027312936061,11141166299394925673,0
14432097459505316741,924722408464566049,1
8119890215357606924,1197567994401527223,0
17705275527174884548,12577310848782654187,1
13100080189564105906,12919708847627599400,0
18103426002513987309,13218915131412554490,0
5629393347076291580,15434573207505666002,1
3665684672134994985,6307270381221909445,0
3461416205580507169,2726956577806817210,0
5471197503443595237,14100153520319345296,1
11570378272102639366,13145157058956206775,0
8661089163806052400,13313627666064264355,0
17535367109222677897,2931986924700430027,0
15824316493133164239,14831494674460002892,0
8115025498100573272,2498515569585859108,1
9702726768801581850,16013980819803866229,0
13835347865558261879,2237828488716580987,1
15401619551742725765,15914682034758461439,1
8320344045035715580,2170033157689639188,1
3901623998542729276,9135524377373337765,0
5029398942127834721,15123117025509705554,1
7198650531841975773,16037244750843219147,0
17905986804503760292,5841992401159219706,1
12430867413762009501,15975219219600463801,1
2157012417442215042,3581243402682685103,1
12567922033663003271,9766937613924606829,1
16830506895551021911,12892085397227966265,1
3796077337548755687,9393426119040368555,0
17681694606713383217,16586817633357835863,0
15820607650126179802,2542544676210104848,1
17850913067612344934,4531995312903048818,0
11695253402245407979,9977257992589709808,0
4597484310969695569,2254920407031522943,0
15574178793040935026,16529227572324037854,1
1217925628760483047,15290430084976226657,0
258240501685813949,2357911742058703894,0
8057521153094076825,9726060860110937820,1
16120788966963960931,9887786073254612579,0
1119996250244333387,18175706606885027264,1
9062085859210713428,18030075127924179450,0
5415216217400816418,17966676411336630342,1
11425247450027820452,1036769114529131127,0
2628968418470691407,5293180082376585898,0
8506139758867838505,2319151633181506853,1
11158372339964130838,1911409257177091102,1
13969438368624929432,9332595020911481569,0
1137494407968199563,18027431697011688134,1
14192767166619491372,15045407847953595246,1
4937864846090932890,7247621940911656697,1
15125231928821135010,14220403510357691349,1
9369286812584557550,15056740902920023865,1
18340929646051649116,6649905059402506456,0
2620818200866269407,15231065513978277882,0
3077884185940349852,4258525314076023173,0
46783725003337517,9861447854162661439,0
8744455634902038928,10778483002050883192,1
10391251411504713560,11362674325997070248,1
9418815077960252539,5385572193073377678,1
8910416377891013288,10141242086132445320,1
3251928862229498066,7227004900265721220,0
3787637346157621279,60282262988014784,1
14108408836531741895,3297406206069488518,0
2184954441590792884,16226426901595328661,0
5959377382154585775,12121468993646079884,1
11441449203016141817,12516102728537226304,1
645090527346003025,11982880705661525649,1
8590218529023774888,11933228571580936570,0
7754714992132752267,12841530229015055739,0
15047845983845530845,15718915762711582497,0
9618456177086350344,5772779983193948836,0
4668046899330578029,14585797441986383071,1
9914258302370555283,8327367918626985699,1
3012402584608967122,7020945690525334833,0
5881078495618302912,11946713955423906236,1
38378120461643123,6379541763502383137,0
13934381898090698758,4919820693552351665,0
12581423585288712328,14359926802108463469,0
11976598600952154357,16960663074295696740,0
8618557761384884871,5091845644881863013,1
12676151783772525928,8876956805338851262,1
4764677105462880510,17274566076238481920,0
6933553673496065709,3421445812240291966,1
17997485855123501448,4511071938357458195,0
14219064494889942645,6556027211399463824,1
5754063133195175073,7771276468703535762,1
5980870627811226304,10586982215566503714,0
3230968480690061917,5267751534045764231,0
1457550656326422947,9872397130658343819,1
15934321473919237486,12580809730571550566,1
5508265596017652491,12459772279217418125,1
698306456831360500,13681308825181640466,0
1076179129200170305,5296224987598572417,0
13449201643378246839,9964774473058772038,0
5215110989843950522,15168703167539851275,1
11282526982391616561,5916764886823011542,0
10224821969792220533,1351368083218395748,0
11022866128314684720,11167279216113199079,1
8079332729381555072,1113945529249860344,0
7791602076615654350,7578527997313628406,1
14339567187278847303,18241284278464506368,0
4063533000178215222,4818686506732763042,0
13408200796426190103,7891359705476149766,0
12601695189817791134,12935528878085741360,0
5965593179944167687,1459986451227883725,1
5742397173028737629,4843720743651432346,0
4096041170258054389,6587437908226387557,0
15316963626575206781,953683292771417225,0
8934649252759683300,13444143976648905808,1
991239132017555365,8542779308341319081,1
10774543692367050452,12903609877247984415,0
7730463190247365472,14643994998383326551,0
8052859598819939735,3287812722497314950,0
14713772973348135487,1528832187112764710,1
18032576549594178600,11008159650023064184,1
14987946107798128073,4378790320903793053,0
18372125181767962955,10464406242840479075,0
15098948080953250326,3160543231190317380,1
1432811574940565644,16778966066448988342,1
2952153041128742090,5906504900447449906,0
10272195209378183603,488148238050508408,0
891149867478888820,15082570472216387020,0
9158207791803572730,7293764730496672671,0
7466172663585009939,10655057547708274341,1
7404996724038243229,11562912283630776864,0
17060290777231789116,17350821363917997473,1
1876160015312412267,13951331980081956812,0
11572865313392440155,17845437838377830945,1
13613240286248970590,9676615485947148175,0
15091744304322392986,4650775743315716262,0
1309948811317526337,15138030246712765752,1
6710173789177015613,1212899789933716762,1
2655623461431678758,11159093263189648491,0
10678317228428113083,3435255113145979367,0
15883340528424062879,14439867645930979721,1
8389490328877179283,6238531748668419710,1
5963527675762082104,13586237299357844061,1
7203763291304802738,2499948032297846789,0
6008126753257139503,10839756863410338165,1
7339923145308952939,7047904003569474093,1
13618183805576093654,12017575041871257506,0
14034414729029683913,13865553288049334732,1
9544749291873433497,11843603807970970699,0
13383745068531836903,17672856301279837185,0
4346687185347340608,13908253223256336157,1
8736288831703457352,4513496853047601390,0
10936885972819191938,10509892580746134400,0
8417836425410780234,2576105354670312619,0
6336652032053941437,6587732285212196867,1
7002084564081831030,17880917491857933575,1
4148934799453128095,3819654778758392174,1
2349209635008849935,11390983687006453615,1
16981015718513264064,17459579500074671435,1
9440541092396471106,7713869191623981952,0
927491993142209822,4838810695649717431,0
11180097918319261467,10245898704829813311,0
2217614080163732007,7362426334343017276,0
14949799424063430974,13147569772201534870,0
16817185653040517352,1218461321807241520,1
5789225362780922706,6186076836343845879,0
2765537368044600117,5751740751923809752,0
17055969745984709973,2586989233651894222,0
17833840613874435826,15839113982590276358,0
15900645954623135292,6629505006640993237,0
11905636347699115318,10339744251503221068,0
2291492609167846047,1918545498399962397,1
10514896594454324576,18303659906269914659,0
15693109149951484033,5897907957460582945,1
760246953489479761,11368479405447478363,1
11836915356125246684,336097502940750286,0
12283009839137439976,17514702025788040399,0
14863524895850151803,9366428349910829548,0
16685506129547838576,7500062935265421338,1
15329070387311173459,9606752953108759433,1
17301860256402102133,4476656593075876868,0
12869352498297118736,15995351051777471334,1
17408160007575753176,16989600481079968060,1
4301534456792636596,4257133214554009717,1
16111157862127893752,4186216909904365132,1
2893195148225802964,3326137583689176313,1
3680362217512280796,8423307512746488375,1
7342220666223200835,11043946724944160835,0
1161542787453275659,7842689691341402562,1
8463936093918886677,3759101535291013434,0
8625586986685750396,2835169724494843290,1
5771134573171224309,6252339404019066794,0
8810216121124119110,1426507295233059617,0
485887886421870918,12726041250295379300,0
7695447612336660824,16491623609595991890,1
1991491630955091340,6863445537140627151,0
8964339803579638656,2179995212089603107,1
14498349020638363867,9390378847674982002,1
9814456506700317206,14311051898342001621,0
8796982448322040761,3898899898437104843,1
8787774232892382637,5385127596028233312,1
6746682373539238016,9434007924052518834,1
16115640345434204086,18202865906876256730,1
5297027802987064807,3258205704715487257,0
18228238177993072194,11926044979289735437,1
4052441980683344478,4476768052841829793,1
12031189975931847800,7541233593231219895,0
4899253640473759646,3383053784889219780,1
12116561837074104826,11031178908478574756,1
6303801444790412688,7700464508877626968,0
9741239329301904329,5000580625403387996,0
11092541787951116334,15609111789500773373,0
18331671303171544492,16979316806992276278,1
4686207401661851249,6000009548571342427,1
12161831663131111928,4427066497837576779,1
1699065483467520679,12075161113437233804,1
10232289491908034101,4032908243284289071,0
10454811199379490719,218221318364217135,1
2911997454412319024,11392414966098489168,0
2399276567423027833,8730354851400726386,0
10699608655766083579,1968742026129751675,1
14851182824961468214,6220377163409614627,0
17712200093317794242,5064731205154600410,0
12439080802053234236,4989027104017730838,0
9219225338620293940,9633880305205415217,0
9697375917070335877,11188284988228960821,0
5651609772342207094,11303465008120745009,0
9467178320593759802,4112110906896713602,1
6716045602177476579,18353884107989611287,1
12597997470786260455,15769118124833294158,0
1351397275892261197,7059564077467566181,0
11991686756924015752,10944701607753626395,0
1863462101946814,8006395560785054659,1
12960376500919832509,16929276928046108650,1
18180040659771485074,2652252825642535102,0
13628897519837544515,12512889526322075115,1
2370506941543601712,4644898925088222782,0
7709420822636824857,3990058571890725565,0
12377972805501295054,4215936888746288005,1
18087152531631689878,1380000509274078318,1
14385608609089888841,18253595779651347664,1
8855799475102708073,11172372544053584537,1
13489933486294163103,4953618774316159613,1
7660395833794729392,17091481439489633541,1
10737116757830098525,3206966150690005343,1
6294070693119299941,10204402934266613000,0
2510617035923817917,9738766062637856924,1
2804563300261623805,5001819972219034039,1
8876478731689345853,3069955214445046550,1
4515437137673852337,8572997134828848132,1
9590328415004302752,12353884728439968976,1
3001077369224104065,6581404404480431151,1
3238423120691752520,12284851853013938709,1
4697062574157516437,11012504634194425116,0
1789437682171053382,13729217657521885243,1
17142140930796197636,3274872938743722755,1
11097660540572049204,15820075995316787839,0
17651482537187418075,10551555757236260873,0
3327403189289146946,3552374799457094657,1
7373596499306828923,12630964920389474339,1
12724320519803879164,12452532970446850727,1
6494167261052559701,8535455117608367182,0
15326994358504595046,6374210165094278625,0
7591169095932125281,4306359664191804161,0
8230433047230057734,14565088253970401764,0
15190076611973945631,8943738281047110148,0
8225160441660594217,17945971896792886842,0
14095300380852090876,12912977690073677994,0
14174668778062564173,10888953389259348391,1
13560574456546839386,9429853657869069920,1
3986305321914369053,3716496657684929536,1
12903853758352494804,10778101854461017676,1
11633796261764534868,13379517798655592975,1
1318543356534643253,14175335554808861324,1
12327540647835917968,4165393213389427184,0
6357823010178798078,754680167494317234,1
830584730641459617,641708508097274113,1
6628172079626261897,2763712824937286706,0
9916899092066137919,10835866141468548348,1
13028129984309978649,2931129416384099868,0
12978315452457469373,10961384626064191968,1
14513878175862705621,16900070330387192258,1
6499058527634537624,673969454840637199,0
14687663287233899055,10024758658482044789,1
13602736786837462157,13825868513492152280,0
3470194773568890916,15277928551285763819,0
1341072525384137110,12484167059082839573,1
1343977633145849573,282771025295010384,1
18301021305200740570,17246916839080003894,1
1999478171311496883,13489922521897742750,1
11511677808543237799,4854808137355904443,1
14641003245090460380,3861213240531018993,1
8400882352020728756,17216747759977660636,0
910160643680602456,4936916917602896744,0
3503871098746712845,13923613877536188179,1
17645552895920955267,8354300344719189627,0
11474133142118244178,1608368867748288051,0
16160591912099596922,5864603495817805404,1
3605206107373072997,13138065144496809336,1
10014031380210316657,1145972702384864348,0
4044864957279971371,4762604841203212726,0
2427525791828728083,9908675055271886245,0
17691137396837670308,2572192196381071974,0
5275134397986714012,17933675109907612512,1
5846710958554539483,6020748905468043877,1
13492209950398364337,12113677005305474538,1
11610209566333008775,5643856506193315896,1
2431060207297509929,1351469102215105437,0
18430111036187048090,8130635254741459768,0
17519989438744602513,16957156133535715638,1
1557269325729817699,13017012839646482847,1
2623521929071490581,14257304333995803421,0
4848805027439301018,1145971289980913759,1
13588669362287824177,9513437556362527691,1
3546111399777747952,3475474726550570659,1
6579411702061443950,9646886316711327405,1
13425919101644097869,11282311210967862673,1
11394453390698553653,7876190972096878324,0
4462263061574639972,9317662433020101022,1
10448939683073013705,7463501714980492006,0
6173455593352613858,8418271799567876600,0
10376550228643915389,13683437386480609868,0
11325598532387637436,4418087465364097462,1
15481373452439347256,151490267374355858,1
11086078389164507010,6817746990394911396,0
8218713546882688513,8080306690815463446,0
1554120376640046212,2646665277213063657,1
9725324351226168183,1597025887344185190,0
5893565757185192260,6480372245073887096,1
15449005575133531304,4877389083234110470,1
2843161689255434698,17218756206127286946,0
15106405896393237504,4297300166154807324,1
16828332198031643982,4843630603806641324,0
16146857882432171797,7241719627696210917,0
637816310812460921,1044984173972151945,0
14928766652789701487,14628631030178769046,0
17108755009854183367,14730292056496708535,1
16578413151976825533,15314473739479733315,1
16411675646749928274,7349502992131005664,0
10182256139851800059,3889496942079894588,1
7729503585295942811,8870040465771419351,1
16672046783925144104,15568072477051366491,1
2648692036716879977,13084795617585817110,1
4411646003281927863,16408119754267028912,1
14127895766697232398,7866215387698022020,0
16776516896423878235,15339552793721713249,1
9776064606182693479,5672710506386378022,1
7956507636153262777,12719557235015795914,1
18343530992734154670,11114657490815501576,0
2033186748524461405,14136318260511890217,0
8042156085980921645,11439084566797990063,1
15938376474619221342,17773652990393990405,0
8198327014959814284,12244508347336319692,0
9947753622804534144,6426189184505559470,0
171986620725467769,7715800741945502324,1
6498668034971930932,18183262953148126232,1
6534071848515102130,15372337763674116924,0
6786404410639975942,12395145260566429958,1
7152781652927752395,6420315162967963184,0
10156573257197505296,12044108278953628484,1
1900674728312099774,639856109927340308,1
11467533536166667686,3498354697511265765,0
15606034093371261021,16305544906842147105,1
3359608028844880649,5341412118354815302,1
6509818976563940323,6581612816142691042,1
17023191940558708172,11788130750904674635,0
18051218574990520202,12942331658110722767,0
7054423080859978278,16787579666209799565,0
17700304859773121585,11175296199714706866,1
15357683611592388115,5426153536761041145,1
17327602151968826746,14125299808548899024,1
9919694286191734569,12314391746947344471,1
5297472996677716468,115707303508401407,1
675262010030517935,3124979967660090422,1
9072790902556340526,5543963577416358888,1
4057432905519802977,5501495103544723178,1
2303907213822461534,12396470356713250231,0
7467440141890637950,6960779101481585034,0
200837552245566273,9283006478213599451,0
16893973693171393554,14918793301271818945,0
10215576181195656323,4425975086361136982,0
7476842759074051236,14392623637865281304,1
3931047194949479424,10783595894014404437,0
18423501933115139976,11863433573833184841,1
1822927791842671356,3394389187497050918,1
4926543769192780874,15156186601109502090,0
4289425382212322216,9010964521816702525,1
13139345470259304663,2504816988713395349,1
4226287612692736579,3036652098430480090,1
18080210182907606139,13833338944736119297,1
1567783209353721399,218260348836002067,1
1953318880324840747,6751267917652933923,1
15369540488627313158,12429926516290154965,0
146095997392709253,9704887886125682139,0
3782507474812610664,367234385384617774,1
12668239479243513024,17680280754083095697,0
2978988271736966831,2857215848852290398,1
6163292095944658461,6574735305062089079,1
10355224232499045755,3511856886766050890,1
12740944016808784313,18117851200671067838,0
7067146602687227404,2761707622671380555,1
14444971260378949176,15699281442219471563,1
17434971758447696556,1214073137028540022,0
12569073654155220003,15415651161875407211,0
9975962914856146326,12884589090582085799,1
2396730120770929610,3557552405783643139,1
5986598862317891259,17831351752481692744,1
11136766720819871814,1406815543520830622,1
18218950858236135106,4982614884544457893,1
17745262310332710510,1014308566342092424,0
828231177877925261,7367864228482180675,0
10284504818404058828,14238501489555849392,1
17402612894927406467,17137377811877479386,0
12919064400565780003,17383267317321641757,0
17591675925150270891,17089754779726531818,1
10791899414269103252,13990449976221821692,0
2213422031783394164,15307820436553611827,1
6827153261801194903,4043049245154563941,1
6452524514483611735,15100371164242932497,1
12668404292648187293,11757037996586135965,0
5366823313757025904,4641987826958961982,1
4600523811088377750,14640407628960341712,0
4226867677693966217,10842038119673446601,1
12346145976438193394,5044711484857524399,1
11365305767610041112,7424409107309334455,1
9004372771454731763,14918041943285866009,0
11487965901093175624,12178975569915808896,0
4238401815578532556,14185605356136002923,1
14959923849077296537,11135609909998719065,1
13178093867821795667,5224212693255728416,0
9205530891665658789,15959173731461198935,0
4860488272375957250,13373928050646693751,0
14536068166596147323,17918184450054381937,1
680953515196476869,9395835757582991537,1
6741447392297518889,14725006362080256757,0
8623439523095259515,3618666327623725739,1
13085199613994920190,16510166758731170974,0
4792419980973362754,10347165634518132304,0
9034719298836157496,345190458006189215,1
12198306862414655165,3777906261770667963,0
10931253182444832280,17662465238878319798,1
12763864973456534809,4210106144712992045,0
17848758294268933074,1934302505210166744,1
1124262072179613889,16192262111843756655,0
3795386173258788501,12854166214628110524,1
4063056625609197785,5709292989389595270,1
2887508917981244423,889300446191312218,1
11810274673044081504,2075464378770116362,1
13335716998229775393,6622651384818534796,0
822988319951545737,4867616606957487709,1
8200786399328567198,3373177473854204342,0
9043892094152188386,11175465714436089571,1
8418930051629444623,7921092780729934890,1
10817599421828179345,11808880329736943228,1
16791120366036729882,12099203522820145233,0
9388137037669077369,2089615152841013058,1
3595251309789998113,14982768120911790265,1
14484801476080296017,4010653511339282580,0
9007455044679226199,17895382976926915982,0
8067737067939068641,8265882463592801717,1
11595166287759634202,1800190836334888328,1
623721872524539699,10366741260458209374,1
2208273868786614097,14707010923107101391,0
11754015657587323787,2373698384544268214,0
7885623927756651823,1483070177531042516,0
6143718675268605990,4625750719027879056,0
12306712463898327380,10482763333774625508,0
2150325295462092765,3769323233510036720,1
1320763266005806537,9271866522242504260,1
10504439748160701700,31910632091019699,0
13276927822017049904,16522873302020966490,1
15970664675517076794,14818042149087255839,1
11951882755274438406,958579765181756341,1
12232441338156369097,13343051478706112307,1
6190956665157108681,10504871574486428834,0
17839840836718019935,2636090603469493782,0
4816667402929379096,5983128056738588960,0
13151667725682102920,7672532422480998669,0
6254725700216011895,15273401859569814099,1
15023135765763426792,10886265611296504206,1
18206198590471150967,10955340423450604411,0
9570161058713903399,8435412820262603847,0
6910489729830839668,5275251573538257248,1
8504243752272139352,4977100654480717399,1
1464144324855306366,9056924515409226810,1
247179864142848833,15260587847554594994,1
1973442575520484209,14587822503962073795,0
14979369070108523677,8364416464483720034,1
15269340044454380896,1846103698002135483,0
4837364624761230304,4646109099711578111,0
2813984825459283087,4772524281304597515,1
9444889542322108470,12760236702773152165,0
16755095087112689002,3038653447651149273,1
12702724192634647824,10062482936290710173,0
11509043901445976673,4544466021192629832,1
7518008743136753678,18235505202249168079,0
6333144697985201791,12765273299487545502,0
14936693514689584998,4084319130562026685,0
4737380702635015345,16539696727763181874,0
8585121307916045531,11641823235400795438,0
17206458310795432373,10881722609403131871,1
6800526822803844488,1247785197826727088,0
16412557583834717215,12959312493375477057,1
17170624014833574249,17138264225035106078,0
16689387695305098453,98438120243011567,0
2799759471421161422,11333031755718649100,1
10136672659808513235,5091773217136594844,1
8656603049652733215,2684650400327911468,1
13489679097468180277,7903241018005914856,1
715648249214651201,7154578159808713202,0
494721472471263159,17195946311477532604,0
12698218239217449682,6662823961123352102,0
7535075176159375846,1193330704892129926,0
17838956307747899042,17287283552262723710,1
2036853169771990994,15590453412351090353,1
11675113335150835729,1715400916944943623,0
16956033441502559118,2408037856992807531,0
16983525457613194331,5304967002955756971,1
13695873015959566015,13504402359380786469,1
18194175140335275557,3624740705405624025,0
3724088692443050542,4320494292776474596,0
9815453356204090225,10391740097197068609,1
939776380753154138,16017175670560355550,0
4998865435876319792,16763095550979317423,0
9817650703907003465,9890647737876175960,0
3772591568588031224,10843834686698761213,0
7676350625557800906,12257914819295582964,1
4256136213956063449,14550167288034545553,0
12532445605739346101,13677386495188050956,0
16724205862960081458,9733177732053487054,1
3039857549525033244,7621792985157138460,0
10436648192245341761,6417541041827488188,0
17747422813891528595,3584743995087767334,0
91008333109445431,8521796066672204722,1
12212344397363732516,14604061982052397720,0
17566648391961034419,11120617282710619361,1
14798776211428880532,14847841120841335401,1
4485798536225372775,2220803352392077707,1
7362730956930515193,14330733413836272686,1
15051832205095600256,15859540644650397363,1
2765813865881558374,8390160224894117541,1
1435031061175684179,930999518630300181,1
17966624609504675972,17588954834667890736,1
15768657560451111579,5687301446870796262,1
8072804272492689407,4630996998205101502,1
5912022243223504295,3556425849232955392,1
7774238177127404306,12388502507216243779,1
13957883080947030513,13620826041875837434,1
10608768248167615203,10711929761051036729,1
14050003237674545955,3546902585379483769,1
12281243572349279005,12176430108477968394,1
9100712706716609578,7370731262670542060,1
14804499895206332283,8284259841535467400,1
15613743165983079119,10881825531688211832,1
9732342086692105166,8773131442224792853,1
2274326474627558915,4432296104204217482,1
10718114568989278,5040519008471779603,0
9800841316804029470,13595412564480264571,0
270423099355402627,15483779084058577518,1
12522480023355657588,11852582356356373400,1
337869274539206915,7358049726297118609,0
2803665528199814599,14226888887644387279,0
2921462772955623251,11712404070711652918,0
3308463643852727478,4550214662834092010,1
418098701686474677,9470254828177787303,0
7010715544504987760,288016227342776767,0
1486118027727494832,4395753324111245899,0
3706229492025508505,12005324039747159845,0
14739419388361136568,16078065391058391264,0
14445299698030475690,1619849243345531218,1
14755159058182388970,17750025631530231121,1
3071055009846136148,17098131265829245655,1
15053469724019966351,5599202608398740969,1
17363567485746906648,8157958628350503375,1
2596124889953102037,246749166893553464,0
3597017789508527089,17358255986145749899,1
17752709394248671681,7653996415511146238,0
7818311527644259698,16632254029072251427,1
11562673616063058997,5968383555025588304,0
3670142929803815234,2912813453463761168,1
15135672997082799513,3848988948332932861,1
892684707625358011,14664530131644074025,0
18384717223979274688,7034407954065233211,0
2778132631145645191,16434525069777764375,0
2571132727896653129,14869385012752492097,0
14451217463486936910,13808212883018956780,1
7696182172023891259,4406689141110088664,1
6222857108342702816,4714747586774859633,0
13686546183330761614,13589376445225816691,1
2256078889352326152,5841310001651949267,0
3052504632001030810,2491630614122039672,0
9100552408661629717,13895558125822249394,0
16932398962447306862,209226949045624226,1
9742237921013919680,5289693049329059971,1
17265453583416326221,17049668472019055499,1
10171245628044202626,8373543237202524837,1
351605638353290567,16384344533055747734,1
604713486755211257,12293510099995731781,1
11978121858099274258,7543440101921300532,1
3898998304525233266,7328589283334880412,1
16929086289528635587,6525938034509298403,1
3976831908996206642,8864201727788101172,0
12612614553715703681,14277745157482202671,0
15155657567650241109,16310852998747823487,1
18335620396144852921,11387146705519422175,1
11197575288377050221,16417831855688590421,1
965072608242376633,7738723427254523238,0
7196249071919037933,1245890735615861550,0
5202898746298888434,16127039211093395109,0
16226236848460414867,14215261317211407311,1
3852247226778342760,10449027536897350933,0
15313871928166685009,10743540744231756990,0
5171191949352841363,4458225753136706915,0
12148502528310481842,2359866940905429584,1
15701241613936863918,13926524409324289357,0
18430093917548203667,7159774268271595100,0
8669887094082259296,10327692195143407178,1
11916216196229919536,1510506450347106771,0
1443271449477141601,4303218130425986666,1
13337446497099912014,13270076862931540315,1
11315750154411927607,12497946141696892226,1
7152288445052526170,11067083741151434760,0
15778405681119877774,1367993467027372028,0
5279618957623094964,7237786883357892225,0
1079778386740729383,8284088726308215778,0
14728204184914929125,17664468249016305940,1
9309913041134094180,11642963089450350574,0
15603365911627383464,11779022009252325625,0
1297064151233809057,12600545522168021781,0
9399264808387995187,11211963586587449098,0
8362664261975903681,9008126683312891783,0
15145110076170524600,385591756002758524,1
14636138041937361625,9764936081736186571,1
17482716928516553615,15813556552923096210,1
14879185598894163443,14404078230293358813,0
4882759370656521902,16202569818397779231,1
3370283112305688176,4950739990233486858,0
3467653214918176732,10771606754145449979,0
6030048893318039807,15067884948703898341,1
18068503406931203599,11106820201568187979,1
10982221727590378347,14171039980696145507,0
6054246169525041683,17828729802930657855,0
5260317839103064813,516108972734388703,1
17911701402397807250,575930446266962780,0
12355608152008487389,10129119420622079273,0
5244071792658524889,17377024105398200313,0
15387417125428056514,18206519912409109761,0
2567055832157275108,11574864851652370442,1
17792108180505110060,16068794127758821310,0
12490261320968547104,9521338551490496106,0
6427239673088390957,3134833764160498053,0
7863556021915476813,7770938971016741858,0
12091738612471819470,519713980869810246,0
13970341466045096925,8809783391927895460,1
17498764454357984085,15425585642490536834,0
15772593896697991496,12212189378409226354,0
15518439097972819031,15402092527650149553,0
9360622378091483040,17736209174337037118,0
4039503874514625866,9477856149345812857,0
4100398351700723198,17101961647327697330,0
10605582153718647027,5639399275205505122,1
17098540611467898601,2456297376735864432,1
7641629004094159745,15783878442116585819,1
6344799472365393125,2506020186161578194,0
15371156693659350830,2688013684078099982,0
17834019408628594338,18017105297450271311,0
11182363502874133471,3941359511505653753,1
7041251528316207477,5381252156018286781,0
15802403202154629336,11926487425433364221,1
677794292825199315,9242130058351952662,0
6701016580426566632,9477332406638278456,0
13593762966809578364,8787483993200008589,1
9107994819194373855,3616140433495954698,1
16027249729453730916,4149850675069315123,1
16483018228411826648,2661751595526045892,1
3977371964761329955,10096099613643278724,1
15175131661693598711,5379106657397324516,1
251156501190367551,8536590633647417978,1
4094985773892097146,5100561213381126959,0
5370493150118847440,15025452734363334806,0
2300722433933668742,16672435198215921436,1
9234139622015631450,2582394809849934432,1
13884826095293864915,6606997623468655571,1
10316081180521020403,8517575353404244669,1
9010075508463899906,1247121390320335202,1
9939765486441706738,1050867148901363552,0
13940105358537766535,12452264752739582898,0
2976189100027632472,10842630337999882036,0
11166891681684913093,11355548536040229917,0
16079146233097153867,18247142102604385771,0
14599725514427243165,239623830033424717,0
11473793063848016485,9524602041394368438,1
14819003075848091936,17823224565957134017,1
3609709341146486523,13015526031697829724,1
18086736582077045626,10793022538447053258,1
15536657837245062246,12582037666021043871,1
11154006185944046585,10274936687684563805,1
498565536361483855,12457313900463840488,0
9786919855515576576,1727618030135584067,1
893045422670515008,10489545089496660428,0
8429113422810002020,9414748642738622160,0
16320625538982508070,659416814689653620,0
9875883930761750609,11629346838142459360,1
6485278033266962416,13856783677751774670,0
8758535934608391906,9217362891955423869,1
2272061974819131807,10900362142335629154,0
328954012342556628,10611573513100811722,1
7665387847906675227,12655520103351622355,1
14016926889206353591,8107687605274971451,0
6232880180522984889,7223854778478925334,1
6873745307790794847,13745655550264165960,1
8819018683967426590,16755397091386937955,1
12651298141914763164,13691682756875128708,1
1036163706366234264,12635292232193490832,1
16282336011434288323,11741724269007157458,1
13427562916749090663,3965999514413579641,0
2207235539943103023,4373467168451180967,1
7991361967799485034,5026812008749482338,0
12706203984213616324,2855904661501407057,0
11353575938351435189,6112282097401147832,0
5352166961377392339,7138585791846325,1
8370280239626477245,2479152964955574639,0
14381548791075909366,2290872640887043328,1
3918171586263856707,15392758107266869411,0
2299737469553051247,9640048578390662734,1
272713039136292276,13609236488170317961,0
6199691223543158858,15030952904274439444,1
4996408210675407317,17691944857191405281,0
10622776744254143597,16978612157929455198,0
5981769847032964959,12347991194938082324,1
17422367892617543514,16211808634778402377,1
2427960383505269367,9274067417717793496,1
15048703722855708093,8191134572881614374,0
7023637906520503399,17290016164144315367,1
16862525200466504828,7794256116116720600,0
13146864064847867079,9574948256941243258,1
14588359050936259671,8341587961375438049,0
7954414358543057792,14854756476139668930,1
13832822526158893587,10774579261526233935,0
8340190881541943328,2160582473203157202,0
13552659477755850883,17013279935398383937,1
11428510637032900301,4290517831181000735,0
1192517969756527205,16250235631151762249,0
5015285247447824307,10738666493060179612,0
8307880609584072928,4646037618711096833,1
6749122150448161170,2468146072370600337,0
7892176978422759764,17296642639300393933,1
1550525093882926507,3760693651783165106,0
2331044723752138327,17192134608738381988,0
10479904856596567036,17765669940652898142,0
6171376139603329372,9335057086343175498,1
10066339094781828567,1272534701047854855,1
10508364047094966233,12514840871055507417,1
10631394485956171883,17346865433160222394,0
12092623131211549622,739138424069662662,0
8623197301388856949,2896278422120074683,1
10195685287028304296,10274775665458736729,1
12162627616688350650,14858500371909205934,0
8500078052544921418,2574641092525792044,0
6113820526758788583,3998671850293076928,0
4154878768279401238,15680239737297884325,1
5248205890409451376,4634123437506585201,1
1687728313996126108,14699136689080100812,1
12829864155601924039,11415734490547036371,1
12856724363918153007,13116047503686136639,0
3565408213673539197,4933840149783689935,0
10038919822802212619,16067255482785645647,1
7207473463990452269,4665158231645736312,0
2790267848802452571,6233972115390827185,0
17845041784324300194,8505817788995256859,0
8032631156884893497,4428384705555848127,0
240745129783666438,8334004988926327378,0
8640420306528461806,5607535915594291285,0
9692692013687698670,14456455409112137470,0
588401041171709596,193508692783806422,1
16664939354792714647,7793149234626376364,1
18135471993495315970,2906355452818899477,1
11278418291581350239,7982609122263351590,0
678674237392346059,2034425848302854649,1
1087676503265163076,552303246189605999,1
14822314983884888257,9376991392684922696,1
9332617473472122718,10722238853073615344,1
8391512232718548126,2060150284546148199,0
5643296985597747599,14637525508678017455,0
12983916820590368271,7565197603995599705,0
13879382340796243077,844940704835567167,0
9670500957316730184,9398276031294141588,1
4318885216846588812,11012515550054259351,1
7928353103568310916,15379022466689614365,0
2937919014847156549,10740215316266341821,0
17273823752146917624,18260156894337538381,0
7970994230429693687,7258517178889841665,1
15001108096265184081,10958112362370098274,0
1387719270531975682,11529057253649952780,1
8865959446754264685,10211382694601197190,0
14343022833151871778,6917606181501183057,0
17407357326009266523,15566999222765950063,1
2436248212622130462,427173996833358123,1
12222274182400466662,1551370172199436761,1
5284960526285819690,16558121204225564633,1
2755529261249595196,8897825198127458543,1
5625369934520865648,10452343434307218907,0
10341669949479468677,16519982894825423239,1
11280410036653383854,4808267856883374295,0
6661512816398835384,1253320561904838915,0
8229355376586179373,16564430170622455414,0
4600637953193227728,16466766562927499654,1
10636237639921373745,17545709682932365131,0
5983043783359701663,14204559962018934470,0
3602001228684325931,14347297250146153211,0
21431059269662151,17463380599665108313,0
9464814638973179446,6530886619437324530,1
12950740754070736816,7710824583233798815,1
5929157584611287174,15873569766614187231,1
14526520581992167044,13970090740315180940,1
11407274817574408599,3006449581692815459,0
6163124167142746618,11248854353242458612,1
14591475392377879286,11342656211131243939,1
8517757141605600838,12542248624100791404,1
17039084564624916732,14615661708093373862,1
11426953172839943451,12568739554761322045,0
8700205191690007270,7010851618729737414,1
16952641570358156399,17512301923559642034,0
15996295234048518244,14838350164961965399,0
7200505769105714650,16785859908755810009,1
4424277787979642931,1577171004096789232,1
13158799847901034143,18012246626388564190,1
6152515571313371469,8931495257206105234,0
533200724228741521,8873582501040434851,0
17852993601793672622,5361230985886510676,0
17449204565136866172,302552800049190542,0
12754833887584495150,6741421231991380120,1
11530825546310986816,4672872608093856261,0
16866963421966553477,12257352291518417555,1
13346957486775580518,9082825746064520820,0
16116490154142661724,12295974173615316786,1
12832947371095960958,3168383893273964632,1
8521194868907155266,17750231263712459464,1
6334642971427661340,12346674597294621946,0
5224754184607643017,13017650135084076551,0
14334613771068855776,10383314281029874919,1
8605468612999580930,9871647514488524999,0
1278385569951597219,7097314386160449067,0
11898058308710415986,16128775796218720894,1
13068702758373899292,10039643509602420931,1
5157440078358671232,9729869164778878476,1
11574320216570724260,14046428033393074625,1
6664317866547386559,2924466553424967625,0
15727609882858680923,1356861084113272069,0
7420911986899439075,15145390598986570411,0
1663485087461717085,6766860797980845717,0
2649490543251626619,13397166129120541808,0
15461609081029788917,11001779197726951767,0
7599514913732986587,3381585809578372736,0
17281924096034591102,15865516046393660000,1
6910280178778428856,5332721586185193512,1
2119197818939850119,4820091286526429288,0
3566046695075733836,4581708061245800642,0
5333469574628953125,7917076535415660482,1
10552761766858789480,4693704181184898936,1
7222003028368750169,15141158577079808209,1
2409444746010471456,13251223347371687975,1
319832921977343477,8384586004770871038,0
9156960837634801347,13334751020466519702,1
11413721574742882682,11908530412294252188,0
11415859430066370988,17431603517624460963,0
584892622141350333,1244859145032813264,0
86208815875346965,8180181143352077192,1
388129215814640956,2591299202549184181,0
1706626111976919054,1927450771275992357,0
13337296249367192085,309009869574572159,1
2022714846697976961,1825674900467229862,0
15174680610389512974,3440314468440724469,1
16699547214955782814,12634082662778970938,0
6481156614854647930,3656833963073809674,0
3771902712712240686,1672268730877949967,1
4248498791993475863,7674263603857476839,0
15682114238653907540,12973040923701850719,0
4693769898107318051,9314573247120537244,0
15908085476155814099,10353808492771886033,1
10991744498525818041,10970388403527790948,1
9941510787210998298,12497767739251023292,1
10212742463745405532,13740491397803782159,1
7071423451974648608,15132372282000296065,0
13145125271623703217,4924090477881132942,1
6259294803714094690,9011233421961299801,1
18177625837780149348,7634535316689618296,1
8146603027751860794,11485208657934937078,1
3133396772025548330,12145157018057319921,0
16095318521340999111,11824612209036055526,1
16615882966505413595,3057113976981423331,1
13539661650742848361,17274827057894948919,0
1161372037007855358,15027843288859433486,1
16181905962577340813,3167020927165247772,0
6291834148808300184,12148060344510547818,0
7768764873665075505,3539416955709607986,1
9243448263815356749,16715575681064617865,0
8546883754067837761,8685655230921051136,1
5819548417251858162,606949137287242785,1
7371955650301190659,3370657930539314695,1
13221244026833940107,7527783849997233158,0
5350763672977426949,17694629290931550660,0
16733882829316727423,2136161547112091487,0
17250987454133905475,951088346903043367,0
999117679765306516,11855762934792935314,0
7587490277677408801,15640524311803401302,0
17329046555109569742,6947996622984850663,1
6933244176380388565,6595880119199236592,0
1616059906643466582,12858644165707361493,1
17040668099864316215,16318890088050437449,0
13360046927419231626,17663211109718996875,1
14536299813144591682,10239664567496539213,0
16923231800842301904,6584899864664427284,0
398575666932362765,6191386622059680874,1
11475468762952934756,14307874768946477136,1
11565273349667625219,8290124651435988073,0
432190984572261410,2927906899481122974,1
4305068685934429593,12649623925025976745,0
5221910919654755722,15741135478052481747,1
8641001132885357058,9210908210555902507,1
4634398202336371856,7960692177267392088,0
8485565859690865917,13139473834907723870,0
6844199077912124179,15306789619981839593,1
11755591044333224668,11905050884361060825,1
15841902119073244865,6588584987070333271,1
9044247182268039003,12919819098666794541,0
5684458426162339481,12789308877260147706,0
9563357972902587707,4374587415056974099,0
2751319399320357486,10658534861157743332,1
12879712389707120252,415427989947680306,1
9470846158595916922,10917319662200641980,1
6246373192599552260,6817776254673094570,1
13446648009410816342,918809131152631985,1
1398983536830852444,8154757439478577392,0
8519457066829709590,16482301956280565917,1
12693605983146238932,8672204711915555224,1
5683003285607897774,6196673715409881370,1
11156433791002706420,1756691803564694105,0
4367341018607954675,10758855842829216897,1
3954268028206517286,7335274564415587718,1
10690322394006137453,5648485491649975556,0
1583515287532886129,10645740830289088888,1
11676854475748848665,7610824578925938650,0
8879583382341915682,6388503415711977394,0
18002150042255884155,17335851413250970439,1
13293331881266137636,11529610592049453571,1
16397815892343787174,1176568554132175422,0
67159902549401507,12510268121736523085,0
4934117628806883861,17389979569472574908,1
1339925586182829225,11791170878115548233,1
11958477224040312025,2684194375858392544,0
8865617906081407309,5610860812078571000,0
5454792121205359376,7251306908453561743,0
10913932085912735356,15923528139325610222,0
5563637374212686154,12047782388944570790,0
14254468393817154794,859141565946330892,0
1091039478505635186,13993655685695897311,0
10982407586767440630,6575689491118889741,0
11914972240754420681,3881958570303121775,1
8067284796799807756,7280592473687157412,1
6355967010721381401,14070012873986509226,0
9708523381087975983,4247421280829236898,0
6880988725906546527,694957796930615641,1
4874372262013636658,14674885804082465472,0
11014474522783695967,2212092932734325979,0
8643112202770019295,3704148514003462444,0
16899639542351514513,4241094090151575351,1
4633935740243109461,6833877682083505135,1
9808813849580092840,2450111989227519462,0
12439626698594605987,5581593976525805574,1
12652018344098473437,16682669493111721044,1
6118077618499554680,8224113827247103592,0
4863310194019305251,2191705419990535098,1
18219819545538730989,11018093085089932729,0
3972898951975014848,1353400784238880345,0
11517393903937066839,3849710590770020427,0
16251776071453060714,2399767959980468095,1
14609166148201824651,6788949497349007649,1
9175354325963164705,2353929662292078424,0
10159959195426920966,14237324445809872372,1
13710863760017234652,7452321037607136419,1
9085181727951508935,18179650834137959892,0
14869104069258176002,6423497404743545590,0
17296445781237608720,17960382073410353355,1
15413090494271935924,5259397554688325838,0
14123681911602662163,4471496276202415444,0
1142695238375861739,6818273730535092151,1
14209992695543934643,16368836378374333390,0
12293267688533488227,11291563950155843807,0
16357525085003208962,652846264448835899,1
12905465972278199036,3309639387490118962,0
6051750929044350584,8965188516637739316,0
13500044406428223664,8502720573832861459,0
5809989986476792768,7648893019788900659,1
3110110647416464559,9156665343799010747,1
14602179639941632097,11041852227291270841,0
5477019710856863068,11182216162912600184,0
11051677386069627042,12634460104280514944,0
5878170404079735689,6910854734660876523,0
12821665189212065682,3366214178209103809,1
5500963227439857377,5423277920564653521,1
16690580511381985825,6356144204509672460,1
4839985613023880289,17112466816358598170,0
15418064699915934674,3713966573903154057,0
1829677388286592909,17270298814140604641,0
10458806211492821178,9913720770895090793,1
183388820615812264,4032978675056624083,1
18005432470103586801,350977593697056379,0
14126627704841624626,16598342813602307017,0
13244790661954840064,13155181333261370665,0
12922858438375103545,13551980216424277643,1
16838683655584927999,16913832727027415616,0
10554855108895467457,369649859724128042,0
7429004034817344720,17022699258394353596,0
14092410581499029105,18183451199142583706,0
12593212968483624108,10274189211245127111,0
10798449932554013243,8960920456785516099,0
2000060468710350659,14437770947589489348,0
12978772478364507212,13155044681202806628,0
1087773749106301491,6698272021749730774,1
14503337178553736460,1409123466013677485,0
4908709531979773331,20208636428608589,1
8359012658799268327,12060373657684416485,1
8441330023536378518,7913574595749269230,1
15507561921088720371,13692580978804459780,0
11103084812561066834,9163089953967238874,1
465044246137635123,4177863083017631334,0
742127770438380358,9748880516981283028,0
15154533433468915955,7676287831700581563,1
11246345950095147551,1091612154993093664,0
458946448450120710,12669596906145447136,0
10996383525895220053,2402602308280720678,0
12813832512231057810,13266340654856194354,1
16873602366856742725,9110269856858667180,1
2703341973217379237,8020552406567379391,1
3863612566132505758,12887689811579385178,1
16421537389759447916,12397552196735076792,0
11659217971937437075,1112181591099514522,1
2206072722599878682,7575704453953003006,0
8736566333724400134,17723318871603084576,0
14891167093986426821,9932098182417215782,0
13374089467759123043,1628305983568539972,1
14872677746855945421,5125775802450583506,1
9158399107156046031,14864018616562973524,1
13377452618974348829,1276464134797184151,1
13077084408239526163,13973413727553506549,0
15253081280379458632,16426196547324474478,1
8384726584368895157,171275663049079151,0
2275390621543286426,3241695460554634799,0
17091344089357105792,3463037379799770806,1
9206606311285856216,6458080380995691267,0
11809180465428697021,17976669354416037813,1
16765241640852200821,3619947492438599884,0
2083870319063786481,1269269701169033742,0
9502836953635240753,190649858351460894,1
6823742275006451389,9557446284380149196,1
15880283287324653069,13792305374497223015,1
12276370989016788218,15133979421999351030,1
17012261291665626051,12513297784288676084,0
1254078068440238145,12983149727633958275,1
1099075437487902929,10907240539188252483,0
1726429664134623269,10800477108464447640,1
2395981240540862375,8602555127505395450,1
9209525995835053504,15895325704798448758,0
5863795281142052992,16785568000151766902,1
1599349724719744291,5218100900471619042,1
10937139630656027381,2210903097057767315,0
17456989710296378651,18366921230563066636,0
5062787926790527322,11686660704267782129,0
886228240511129408,4912472369560390180,1
14575752431276320542,8957794251618849499,0
3732285768909640166,12053442455258267462,0
16603964853634970249,17524269402205581603,1
10392873357379598768,2682208519112921595,1
17777137483250194319,12342692249181342542,1
13476990418143763422,10060007643935060065,0
8855093673574186368,6184159385376566707,0
17641706365656217282,11875864626608706402,1
9192300997381144656,7095952019910907010,0
8131913129387310550,2380088201003597782,1
2815063798279565141,14193828817458126145,0
7532748606487075127,7633369572989558894,0
11600544723439224288,13085698694673617386,1
9594621941948108153,2627307890675843283,0
10278208609127749823,5445157609600947208,1
12975849471215646767,11277667000360186937,1
11800441635065093469,3448529448813443951,1
6767538101732411152,2909015612580973003,0
17599973034270763554,16682596458886761635,0
14052374278710109165,548568143369341045,0
10305808112080692222,9474744867188989530,0
4065514972886003795,18282777829054504714,0
9290029963943729100,9961317366194812427,0
11812761272459949752,17791495466257916562,1
8637081941609828503,9467022342057670260,0
5257104993449623374,3242343967237701922,1
5399919511816841754,6871409782469546156,0
6302392043087352150,2852295862270255997,0
18422257391476434932,15593985739126480927,0
7502950236783690051,6664057816885072925,1
530268301143709125,17072828427437718036,0
2855982197279995539,5667524462208261781,0
15208618996135218790,8638431019223016135,1
10822340177135895916,409404701789381869,1
4481153393300299147,9045248853579860018,1
9121403592439148291,7625282609894391799,0
8706966530195286201,14190204538185747186,1
15190572042634105105,15274583371583601436,1
13481152876812162759,14210001768444580192,1
14647603236130813404,1109853317948237120,1
9049649349257800108,16062618978105708359,1
8512592413316781536,297298574482991167,0
12655829503499345177,7180728357311687055,0
7411238999329085698,3294742725447606001,1
5414119198011493503,5702811538732461573,1
2803678673991221236,7552405113451736720,1
2093052784013031913,3709896697211423175,0
3091341202469393125,14781617711031497019,0
11979634809188797568,7777376974084862050,1
17338852170852287596,7684899626400686745,1
5124750730862406883,12638405093504622451,1
1693608127773430845,5847654814729994686,1
11318031954704290512,1337874057011254378,1
17592456343962346259,18408113373422687574,1
13790165962602713721,13180884857257090381,1
7384510805031568641,7400498280828537180,1
16583344921193388415,8381377032437399255,1
11910331642110037151,10628475389984324003,1
17500406066491842078,2275302841248197523,0
67893100759852239,11880891443868759764,0
17215103465306370013,16686785003644660244,1
17353647916667773285,8187241453536598281,0
4275276884953277023,1896738765820546878,1
10475116066502481157,5961526742939358658,0
7829577111582508907,8198285075170067884,1
16137754478314339306,1947065043650821401,1
12615351159590401357,16916873608187581977,1
10938265989330074510,2254566964667638157,1
14706354641305803599,1827066981552685897,0
3407248225713232650,10379794904253526102,1
8575576160169255301,9534189470296064012,0
9780292236448581983,11802570428905412507,1
842181039227432928,13770308911494885531,1
13277148714321034522,8239371240527749381,1
1839678246847224746,11310164747314260665,0
5423894684304168216,12810015561169721148,0
3729510906495844813,11695748722672583950,0
13462742200137541300,4300214942274765837,1
5160130410449204052,12793002770127663843,1
17892098501468439812,14721604155866092806,1
4084549412318530364,1195170825991022425,1
4705366775127148013,7149906196176404143,1
8747924618319109634,2579733571973322168,1
10127736774652748201,6631835345067971523,1
4034426645810378811,7799283734883909205,1
6117737960134368400,7829056422597395545,1
14855945493789154424,11470629279425251109,0
301375833329880725,10672637503901710919,0
4477970335825500670,15897804785651568940,1
13982847242804250544,17215267368858168289,0
16467577303814394209,16058634567596938172,0
11461387351966893094,9703460653388797754,1
16568252738371565258,9621619232892828292,0
8967433921931323958,3935917424159007585,1
18380153443150801886,18202734551844482015,0
3214633003542672101,809941403449883688,0
12393832165576308317,4714938029825367590,0
8377802298518836522,713720438087534496,1
11149323301019364892,16084568737753023430,0
117290614021261325,4248798395616142877,0
4902103513098031120,5591624798295926218,1
14229889077516392080,6306532448106081168,0
11277430868012212693,7503422975853897950,0
14759498063703965432,14050022114006763649,1
5263016459765375199,8621665646155897998,0
14859091068331369203,13127102773133899579,1
9504334799297331163,14372528066275795786,1
14477569174010202251,15258404878860976913,1
1624888066296865405,11171608900160306985,1
11537084242106443426,13899206573971080084,0
12523613678835671704,13329112881263187767,0
15319581980615383008,9225425607444542670,1
8346267412980506953,8854389091014474855,1
5878294922418698571,6716868573588863090,1
11380505264078266527,6362249859213804550,0
12449740735767596115,12738380454608711729,0
16078758478869073202,9649180028298296097,0
5963992527913684894,10634361344206799915,1
6854383677056142723,13109729163804828531,1
17665408017733519306,14711905251069576107,1
234293866175465282,11505537820255962333,0
13419449432380875133,12178891896247456028,1
5815233602284356119,5490556706843959486,1
9500905613996876213,15808122254764859253,1
152425337051888942,11475438377446457716,1
7846780847162498863,486289628883363276,1
6010608172763713439,5554647175540716467,1
9731357226079569040,12286710541586803402,1
18168821594200352965,12406034488154055149,1
3138189812062778324,2227239579664368936,1
2554507398148682495,6289121284801978582,1
2670697376317248191,17170233719602322838,0
7431280736825022858,8298149948553808210,1
18154990738574253002,15666217571865025440,0
15612169871885557580,637769002645977817,0
14318316020081687363,14735087678048988537,0
3823520220365220223,4521621783692401409,0
8687070910980889636,1567189891179346271,0
10488073929775181615,2506415398812998368,0
4151796048697533786,3989690754174139282,1
17446167784208023541,5154109966842844238,0
12586019824734205694,15537446604061624790,1
18355591900414213660,8884081614560483703,0
7489072955382300194,8219314354095926904,0
13123525864110162961,14306193629474186443,1
15122439302033444507,10508149365850755027,1
2888821763601919684,18211933619088691505,0
5517161504711638898,10730985096509954729,0
7853973047499337645,17604098465392670546,0
3366592156536138957,2635611048823721475,0
17955942666226893684,17592394202193706853,0
17713531210926774878,17201725621944865843,0
15976819502088603962,5202154448597584830,1
12288745875916935303,13435065947057696102,0
6270783506709194391,18141053071628378013,0
12811672317814216209,2737737401316022575,1
1601372972474351946,6528189211996597866,1
11739045910144914942,9386459515263617837,0
9486957489305335419,15891479079033945423,1
12877761473638437688,17340684962792097711,0
16070527221588408646,16644417079039461278,1
4406885947371262724,11845474235364495072,0
5115934672904404562,15776726855796914381,1
15777391964207114502,8284140982792376614,1
8360228099358487122,11081446919506726071,0
11318115842569498830,374046202656908805,0
17468177150784736351,6801438843270196909,1
14553913929552637070,12222693313385721625,0
2835531351827014475,2083247910687759543,1
3430456013864263105,6970104858187635698,0
17562064328592292979,7169590648801204825,0
8775047268912980888,7127619079078848949,1
18344949181570838481,7453142898413017122,0
9220513905907780233,7304005395848828970,1
308263199328705668,13150427319950146454,0
5127050967060738049,5588963340844797279,0
1382042604803552286,11488565193513692255,1
9147308434016902171,5625434595110090653,1
7915953219430592036,8427811857103578839,0
16642680900256867575,17592780287529191446,1
6407352441450464567,10388257395436294099,0
706991282089349847,5271489665011236658,0
17797070142674700303,9994387053932432664,0
1228861660884173511,12021005912525925134,0
16354362358710453355,12362642534248157226,1
14712777131106237363,3393105981933719529,1
1847012961579721565,295869915943201261,1
15472679915580195452,15070800677057554564,0
7664740521320798449,757316932686153101,0
1084322574045989691,8733516038061828415,0
6369451992260500374,17360323561678866670,0
17008670392222508050,910949581913455752,0
5440041027974948749,14618198358236051720,0
76609868310061573,2919355580675069368,0
12185314063375457532,12720036591531435293,1
5696936028148024489,8915710050070138577,0
14841713293650995024,5662108715498209552,1
11307704646338790926,15538006112913786690,0
15303916988145128591,12984508836320817754,1
15817321912391435379,1000696311509905754,0
3640842274071123736,3991366282253899484,0
12435645530691018708,3218484420646373770,1
17507596410234327153,12826599196733647110,0
11622013957070351330,14076505717182536762,0
6675998059788837539,3938613542727770355,0
3156654619434678210,16872013785919777637,0
7703333056768531633,17258782974139609995,0
8805184999899258970,13806800623956752877,1
16146298750989718619,8843484972111867187,0
2944782155337683734,896948665092020975,1
4774892288506775737,13363868111259653828,0
9530720646603454306,10907709711042271285,1
8284781948204072549,12037210162778478103,0
8128646223820435905,13309242549926546224,0
17406799199687162340,9932415961418025379,1
5780328796430800494,4186750671600714553,1
14827610423245464609,4580555551967576224,1
13636440378082064550,14947625607109656479,0
11765217163068129827,15930411657259069178,1
3639816931166861685,5373710213045383484,1
617892452320352637,10699232877766440927,1
4639030363877623477,15895512556392540361,1
16392377785895434573,13417527858786019279,1
10630201666771133855,2529932864098731020,1
1347557054436542053,17375922644658708445,0
17293697552216992478,9467469047177362567,1
14841319486148834571,17682166232740039519,0
16724559119005846459,8414993995960969930,0
14064902750010314440,13694576363039301590,0
14284541633179243192,7145671373330689887,0
11661749588809016179,3832421186103074551,0
3808022313105393259,6247217992200541778,0
3508336496721088226,8045613313771658645,0
14521758841911626340,16001421230027343838,1
13489080248691026214,17429822435425826846,1
18224613949279076648,15172638328272569667,0
7955000228564567469,11081352233275440558,0
14305907430269513665,8432843458637813838,1
8636379919966638468,7926012854876932675,1
16858067971377691007,16415242840243619279,0
5669943828519084489,12506268816108158443,0
5965690219696563808,5104732295626656826,1
13422482639687897498,11089607274164268158,1
11801473521297937276,326169785503993277,0
3338724707092125309,10909368736058615328,0
14084877952110677341,5072477044765879985,1
14646496427148431085,602423726839933439,0
7565696976103512178,8124898583100363341,1
1063872635832385073,13174560946006465038,0
1833038689518712129,7204519871660205369,0
14973229247978273915,3653171792980104376,0
11817821636577029283,11482424067297523000,1
18435957802902572414,14231572138075903262,0
15908858941450492575,1640918576963374802,0
9003688777110493108,4408750418857221993,1
15802800698989048911,8119451090070555402,0
18204459267866979684,816063703414253134,1
5040091058314069719,11016652691805245843,1
13786741291586891864,13206820975270093021,1
6729160950557870414,1328504014123237421,1
10389199859536864788,11415074982026252950,1
11617233391013503638,3467517773255522433,1
571784055236833522,4896813163979484136,0
16766239500851801815,16423485181767292318,1
17443008811742283502,398155458290737308,0
2200478830956387329,10532108617180705701,1
6919107800256762627,17678528072821859005,1
17493083026486158214,16810277876607064819,1
9033151403468200748,4619530831950504678,1
8621924402435116647,18229720063152669781,1
15412573385608426097,581972292757383425,0
17030504752631406956,13573222158038010611,0
13846411514135769716,4413799929567746324,1
3350514470721170993,14912158968139203827,0
2021285320552048735,5934446791200693377,0
12586188685699642544,2599438308983292103,0
9899990937878628452,4742508878633904499,0
3718641961147324459,5304056340494252389,1
564861120679357296,12860051876016929630,0
16896557225249869998,15671544042565665470,1
17767503381596561277,7017387270070983905,0
10270408233851662196,17996809105714954868,1
4871238334944390538,13029001971304039903,0
6477797406824583188,6188351957890489836,1
12351683382515868193,7139137438138222715,1
7109046558028259215,2583821745666454342,0
436443473365011757,4980070560425067376,1
6923705208333648093,15204531732177154804,1
16903683182637957324,12491426868635870973,1
11957427085281585600,6568313532952184471,1
16041049052001947621,10913658112198778043,1
17046242940363549588,14644201003665456615,0
2670199691039178424,13093767125332688010,1
8143319488976643623,9014438180829041683,0
13557509410420777268,16173320766951714238,0
5377564395077304785,15814314098949381507,0
15229166609608985927,1921751956278122372,0
5042531118564850567,5173292838809548839,1
3608843946169820174,9929228852196293250,1
8164059365741447417,3024805637781924479,0
11513430789857306091,8528137415352435934,1
11220189796391561396,9304539503877152036,0
3097671765568579159,16321784817922053443,0
6376363884910675529,5276247710658251034,0
15568589897151862709,6802621384686462191,0
9208593895320630596,14182520163802054466,0
8157989532912909967,6486239974784905414,0
17660976373720005755,7130567699339028161,0
403766716927956222,10201212509743084521,1
14102067888363792535,14460629264145837821,0
375726771368038346,17137765846240665875,1
17819991958900288055,1446200182970996474,0
7895078174072589713,7660025604715862893,1
218559457693932448,8959702705355621530,0
6704463710574057301,7540515443477728572,0
5183804395505419858,14262528224058932654,0
14031127482348387437,18009942691330409432,1
4715424926433790858,8976155146354216250,0
4129268161978949609,4236956132193099330,1
11087825390638852442,1308180652488727866,0
3872364777789780659,3105749793734546940,1
2662675375297564432,6124114722907966679,0
8686077200589845819,282164428301516774,0
13081013035940437367,2913728917945771048,1
7930359312812565378,3882740754025121591,0
1642864321064890814,11087405290350418130,1
6207714776802805188,132144255458402296,0
3193659247325358063,5721877307030259919,1
15961587311563998762,1770972151795259486,0
13973280281044999219,15707056869386274677,0
1570757041583759704,14617118929185087691,0
7624579207035204828,2945580037150429240,1
390199359222453113,2959453365551852309,1
10273555876532400396,9440060618307167846,0
2225949131139197042,5823606352255874464,1
13363242792101102020,922896111665494793,0
14667456109277485382,2769282598073625753,0
4312286282468795200,4351013326447285397,0
12560058953945245295,15534792706065483562,0
16485580368120414845,1606198558555534654,0
14675059239754164022,17849354342812982662,1
7050562235324126935,586362697334127905,0
1122455564077312042,18028945521882224943,0
16502457180959079580,15042959896296799963,0
15193535153978570482,7987066143869033700,0
7884369351857977852,12667504245001122213,0
2035034889666174659,2635620953309173893,0
10839102744792114679,4161606641687945630,0
3762447791414825789,16383088035089413503,0
6713353855699250250,6135952224760666637,1
11786337059556832570,2269863314874128394,1
18406134821270504088,5545951690569040414,0
14342214976966707719,6473169653185315617,0
1035529577723780005,8078944327716127842,0
9176347335435701509,18086585510727578390,0
9740354796667568621,6371967308607021828,0
4296648092596901203,14644207981474108326,0
2327182939819846054,3706429219177143201,1
1886782276627450080,16160385605013003224,0
5461404106791043676,9094846995751850366,0
14100902732713714857,17244076315470036847,0
10508258694273599806,3646336601094360282,1
955396239666460058,2875837852447753340,0
18427112585385507477,6201448135302337597,0
17001878861064565886,16842140823901536042,1
16177414038781824497,14153605978829250983,1
1194948373642577711,877205391521446428,0
2459398704668085018,7935869789073366967,1
2422746867336325873,764341483462180758,1
10839669911979200014,5746739494457852165,1
9071823395548221700,9025652125272568847,0
17762281072276666454,6963958706863967458,0
1896317094071195390,4184180116301497424,1
634532438339965459,16101369155174957498,1
15291424516343092536,17039993397549023455,1
13815692817018633266,13158173807594614543,0
17699729734434260092,15290695429243577712,1
4797122009798012528,6909287598142894314,0
6293649656156216828,1003320215136840990,1
17720451487514406848,7692291744561637443,1
6087529647053211363,2525482704126361471,1
2931812810852769992,4142649513856978327,1
6870914123842582031,16102055335654487499,1
3761385225730312689,13643180779696936523,0
1512125093581311308,14115980941272041134,0
4647985988433892541,2564892167920456305,0
7004326775203443207,14736248782825729646,0
1429878457766813369,18433301165138939377,0
5102430726195979075,1304736016321761577,1
6059329539058016721,8339938230223752773,1
179848994770961693,1423579556400638867,0
1131349452323251297,13750317651370367819,1
17677880499508249656,8595264087068766615,1
15937594724139609856,17746460580347359896,0
8343521322330566187,10082113069855399261,0
4890529298742069627,1016949194287471543,1
12457108948629259997,17114439887844178351,1
12656375028672163323,13183069767288783624,0
6722417290561644879,15121757151107311634,1
122040565906319632,14055156783874058685,1
13128248323824329184,1530185650555651923,1
8255949979546228816,15895737035697958579,1
3906737064379953995,15508320927569036771,1
9617215894333817494,1213438952304734684,0
14850878991177281520,15738757665301667080,0
3759142085872282595,9024614658357358533,0
10231757508875239525,9313681729574121192,1
15607573738769625391,15453671960436694927,1
4722199193320191830,4923315414748096617,1
6489292589263313958,11048371594381206359,0
13933989377456732951,14465014214823179514,1
3962888986387379825,12864752239083578788,0
14838878144703143759,638437087006641245,1
3607920916631520295,1736630249851245389,1
4630094113730043632,6516561651869192398,1
4655001592683303336,18439982175890826166,0
4416732514844837337,12747696480213778670,1
2070649323806610405,5677248639263758271,1
6449286616846809555,2704166050484572619,1
4865519146907888113,12305440401336567894,0
9387990763357722402,241095585295420617,1
2698426866696680021,13323584451815193546,1
14666217476498534909,9691831939282882146,0
9143669322155813695,11945180248112507206,1
5056355826483958636,1949096070888963344,0
18141386693923772625,15677105287622145779,1
8508342723263377225,13121365452557004736,1
5462440978964740833,8553576569931809513,0
14067109909057495216,9525432641567363523,1
15593572632434441856,7359188252303979422,1
302464808609628533,7308921465210041837,0
16359612950641949496,3438563234628588460,1
13279468274550734873,17822522536865866216,0
16225259958324289756,12901554951429654394,1
18430080490323762505,18289348844162994923,0
2556642704790454616,9301691070668869134,0
13242266458051308649,235063969145907728,0
9944269823698882957,7950363465626988176,1
9869521403749793569,534187730096212396,1
5371539694545387716,5352855741884864148,0
15335859091018147268,7001605279332794080,0
10064318185128862955,17286002618298099452,0
12871046552709836754,16390191699558386449,0
49881507040981431,11294746036359246992,1
448752492906417874,3869979457752915764,1
14975440855775408789,8130914224590080252,1
14620208619188342178,14016036811194968316,0
16501282992570294560,15520367233156599642,1
8958892943362191506,13625537954471423576,0
8760071159834561517,15789759599847512434,1
6241775154761373770,11035437478779262318,0
4292500134467394281,2818375370796188417,0
17640412030889516535,4561357307944086840,1
9931348400615080668,14877683636039028414,0
9575720866988218758,4894521058120237278,0
12983531128941232160,12781756651457106957,1
4812807395661873748,14687946429337645438,0
11648445310221370869,10995127562138670329,1
1931634948705790066,10925694078732365070,1
3829984565494605770,2318511469886201901,1
3413260878908604873,3647771106345932212,0
10640064729977009724,359432941070071404,0
18101879951380239025,4984965484398920454,1
4373174291568898784,11214106794126303489,1
8641480618892857221,5558363260166623451,0
12755463560286700694,722371233044440156,1
8192930925277713689,3511243547579244307,1
15253417077890092647,2028231824080377892,0
6377225280980166151,15287540242951954213,0
8215804461952352132,2272835204757933095,1
10898876753790178003,10903786107951178961,1
7865836789361971607,1451692620889361472,0
14217433718287136742,16305849231824806974,1
3260118660361228164,17311922886104575514,0
9010207980408687073,5084252481608753382,1
15501852652517304601,16969590321193797288,1
11198364692630419706,9595092734747871661,1
4887361664271793807,9602755125497725185,0
12181955462236894916,8016611189461366601,0
6480122344291723201,3422693885856592302,0
15008944539679913810,15776653104963711284,1
917154254867973581,6784121288653618361,0
7002061285544801708,4946570412685107972,0
584829953484908130,3670567605422332974,0
16549991322734053718,693435879809245330,1
10969791900791243198,2841979189930097656,0
11033080654445608293,10153739300726470785,1
4066002351958347895,13524842166896386564,1
5368530605794733229,66565794719130562,1
14742583050136324517,9326412515969436895,0
8285061205045966498,8140471172254542141,1
12584159268862853263,4141855825905247796,0
6091859473683830201,11739758691081040354,0
10632802489797689396,15939869513484618837,0
1501323370155903897,14740233258910601210,1
14423275903831907779,148829291219258510,1
10985189405820698892,6819926670703271108,0
4003198000162952715,6910405697704377526,1
13235751566929066846,2394358526966069470,0
6506951473534988268,4133965762018358931,1
458423454323389161,5761926367854597456,0
8513364551266151322,12865116615184656552,1
5295866972954103413,11229189241186758024,0
16022290300610722918,16396633532517595716,1
3292903178648220861,11529604559657656327,1
286538511774975371,5278007448582113963,0
664729418289639407,14780771458225944356,1
3018549207360023524,13285737148593441344,1
11640718120675023153,9309298029862919913,1
15320442839375328093,6931915812931249089,0
4573487242814011995,8142901078714839591,1
2303786928599593428,10444497726284531778,0
2320203746087020416,15784006656918968006,1
9329842784074811861,11348451577314080330,1
6764660206849454379,191345518968132932,1
12605567050657352456,712723273267361924,0
10833334473291615273,12266604243856037441,1
6017869315682539020,18434556247165852663,0
8067781040253286032,3960461149388675922,1
17247663334726648254,9574899536175860525,1
4166096972517422468,11167485001338646555,1
14812944319872621898,15332404448445615307,1
4409197021204957142,10173654644904451182,1
13988725228019271572,10975199520641993769,1
12055799389468083310,13296848752383866829,0
10873058934928609777,7521783028155309232,0
10899149292405258530,3472469139332988116,0
3051390424543389681,11488172489703910802,1
18105435437002729280,102700934443982669,0
16687442457231857696,16431118813600604480,0
4697492791990761890,14369814175865712364,1
12941442117416749837,2101025908987244601,0
14947386323438485215,12580814806802018160,1
2831002649228363441,3921143571136628125,1
9487439545158829301,3171466929409895561,1
11940918682334684833,995572192606798262,0
3096342824580195186,6099394931599701662,0
9856859516518279799,1226878331685056049,0
8597829115797739179,4013517560651599978,0
1922445937188129143,14522183207660651560,1
18329023637049045997,9834228334082135470,0
6384573516347110358,14079206706878949903,1
11065777110984995968,6586646648323004579,0
4762439841487518297,7646836525986668948,0
3349767528930255041,3589348151149921292,1
11006720077841993329,15482494013882925010,0
1736317776232703354,693019323430383139,0
9146768333290954696,103923580673203317,0
12088334367924586751,11822515601844270166,0
4908540032507549668,4001948538903970492,1
10945193009441320585,4304307727035564783,1
16604437088453510160,6754466186972426765,0
12947831083891524152,18024530355444630445,1
545289295541380489,2275383862125177147,1
9726431879605812445,2231739672520914148,1
15372221683410922872,6075874875424873822,1
10712462758172560206,9818159593598048410,0
8670934305830571499,3460515244666894956,0
8227610058582249513,8199525399420811150,0
17360434577391795027,12145731939254175935,1
12910746893280295414,3608029311642937905,0
2795980775670273236,15085341634375037270,0
8606153125033207526,6675669501489319913,1
11234922654902650170,5769167936432069539,0
8038005716385166184,2695388378067227612,0
17891508625912131793,2061279536519631395,0
10022639505119068773,9459696823904406196,0
7858543907039676858,11104209245993812741,1
1160150953699924382,12501211589236430966,0
6989229110183974635,7769000895416466351,0
12283930902406684011,5260270604827141865,0
14539863426362752848,1855109893183600302,1
1480337327284893979,16108234149266064189,0
10223562880637235318,3530618225506216748,1
17305250301873827950,6403259119600166259,0
17613798004918435567,13575466995114146098,0
4817650112623298339,1123498115338144302,1
10378810500804588943,603988988386153419,1
4483249694788486964,9313067355175726284,0
8138597146854039876,3874635872599885056,1
10452548463665636295,4261303183922811994,0
106547220014997523,8678933359647405918,1
15753094104730834834,9721399996788910592,0
10822654186848396859,2204699434076471335,0
5926537541712128727,2888606052146410302,1
14866030058691050988,17420958750823232342,1
717700866774296789,4314143585222216251,1
10151985346641983638,1417655934499364675,0
2096977791520635685,7267767636000290561,0
11477093714357124525,9740880325020151910,0
8497279812722939210,460235341908383234,0
1439960393142344709,16025668737637010582,1
1619396647467022880,2494587323083805346,1
14338000993771053542,15675395425314751788,0
13860277592328450471,4948671178789805067,1
11735972304148786140,14889823251854515861,0
12551763768058422620,4425011612638722927,0
6649599414169468124,11429540768566511960,0
17740435867328481630,11542361822904250304,1
3439471421132396235,11376466717633370007,1
6223631760194125280,6363703352221379549,1
8660234681234350260,11239182891436325281,1
9646128335742099626,2666210843710059530,0
16595768345858931549,12890741774404659869,0
3579340273145913762,2208983854768624644,0
17238750660402324543,14384796897234118726,1
2589245336705385852,5150962878799351665,0
12895115459877763356,6118761351412294375,0
3498264272432227653,12519745916670744870,1
66739319382787059,13925270807387638092,1
1671977055854005672,2821255268842976782,1
13311571380022497849,4346616804660562986,0
15021869730637612669,15822139779428250927,1
2836151935343150380,4899387813931509852,1
17085158009150064475,6063590625666601694,0
2290488261023411495,3638142454279466167,1
9410068453084902670,13904971737889635743,0
9225838127799592342,7443261641191614335,1
2942862677446736227,3528810368531242454,0
13724521662077960193,10401611977084468742,1
17450272790308236859,130478414351841283,0
13239917702988431471,3629784152472951192,0
12867018883191182634,3507283899129629723,0
3580873210150343364,6934235500521030101,1
16504322344814811901,704578947667444176,0
12173709885789734161,9077808825813770853,1
17124265263075993959,14187632860810748351,1
9536987627228916040,6846577591797897397,0
7430581315691902988,12050955559353660323,0
10154420021782177261,12573919363966046605,0
13499301439663885354,11076364237293624441,0
1240431228624260460,12720817472199484314,1
2698219830647670394,7301987697053437677,1
4693178231569583641,294591257560252215,1
15925415234679976456,10305020136915694066,0
3201725666985988678,7536759249557251954,0
17236640414110612496,18385375519890693146,1
17814393933845049783,5814186152548025804,0
464039316881468816,10812449638925307055,0
3955808126579731711,5857133218959155119,0
13863190711549320160,8979106393912092065,0
18022542084128224896,16970604422324544828,1
717506594695574897,11831715377269057028,0
16606122641288124011,9455548699865674015,0
5267418299047051185,17128554675099031893,0
4092234156990737432,18221374788839702847,0
9566364654746253078,11915565755966491731,1
4288522945429756540,15732888368366825117,0
7214721941848597497,14426913242699848029,1
2552077003468254457,15779792527467411448,0
9286932363085812371,4185271931662325014,1
16342007885406387935,892012421307786461,0
1308425502555700337,1726140128640793510,0
14758488564150753554,1801215323316904798,0
9270187430613812919,1265910655895023558,1
5353503061591964936,16123143413403296033,1
5783761257250332987,15014597533166991712,1
16548321019356404528,5113070695518877149,1
15168718179497851515,10122925571124581815,0
7606363138440364276,16980852328252547078,1
3590878635615635460,10776249981316008023,1
16032104061196261368,10090874972532172819,1
15993837063930969610,15538884945658403937,1
7895182697081655535,7109763747969719981,1
10202969246679935673,7272036248588281783,1
579506436768204941,5320013843011462124,1
4472469700065766358,1181257734922162285,0
7973641835909386821,4724400552406717534,0
6949169712128156831,890342302884568836,0
12263704268009725309,13975947349288647345,1
8499733051851017502,1992826822812132322,1
5694379466003187021,6194534527370271360,0
12338256692586487917,2079988174612796129,0
540383775580345341,15526380712327163967,0
5925210218023417998,13734530359975057245,0
2412950579028588825,6259198837099152469,1
8314895310292129986,2036497454224172646,1
18392237988355858265,11732465739758886764,1
3444556695047936612,14079377636088470137,1
8982568059994496143,11376892534988314012,1
2421515874214371080,13370834187495492308,1
16535711102550789270,17238706193885385735,1
6597217364331974990,770815534390259812,1
35203785040307367,6590205261359324813,1
10971993648908686117,10549418659148895020,1
15011902321466341215,2548122377094181355,0
16851980164296327338,10519856862586515601,1
9708204088817238727,11736325065388422647,1
15594972225396979379,8360240261806875843,0
3113365834918729956,8814917391264640399,0
10623070099122350418,9385407529983357102,1
2212967803813958553,2078988826601787801,1
649305864789084370,5974885252492068322,0
9629745356245092039,911559423904241351,1
1050043591312563931,8718705381987634357,1
12432873902411868804,10110424538605633097,1
1041457224718374126,2963734804380815228,0
11450425190332466403,17861600378959437388,0
12393374110221137251,9950921024300182884,1
163244468729497480,16302312011059961533,0
15008575432718032231,10971892855931478080,1
6859740413071314471,13405146811093313080,0
7743989155238737583,6667144061828114437,1
11210451065047899940,3514195371051465766,0
12858899531152951647,11619462791578861657,1
6969415131586058565,16281881166459683472,1
6281454048261648954,9696841811464899699,0
16722404703970292842,13708908944861946640,0
16519781544106914271,17121171483818691911,0
5792096121061537466,15106533227346587036,1
9497310011723255147,406154131356839468,0
17464143912624809182,15645861731046554034,0
1102941784348945415,3960662499857380414,0
10273431921881725857,18379629804600433182,1
2966946859060808623,8637201347543558004,1
17982118725979630633,325837315595298244,0
132779198544914848,893780923402014033,1
11963377066501162793,8349154491612612146,0
17399284983134841742,12474888430138279070,0
3935116048320107778,16114259640913765101,0
15051163292593502162,15663876495343851421,0
12910414930370633740,12021525118774785712,0
12751942587470702404,15454784310591717547,0
3914757287780467726,6058718377451862382,1
11743216225700413211,12635209464644405864,0
4521064784513096350,2212423582565879120,1
14165144530193412672,12916587583105000895,0
11702900034288949805,16989123746923261876,1
1625633409728799171,17576693415731849184,1
8626460724614415798,13809164158687588424,1
67469781712049677,10987410077697046921,1
6539415423633502549,14390404944750478909,1
1990981211481804255,5965423636314381190,1
14480709161659776075,16787214915950482964,1
9134721566751620637,1821230389705750587,0
1765360540259563619,7511422355872335264,1
5577445528709831445,5905749427699573590,0
15739218210785144458,4777902011365237927,1
15925451152954876861,14303946010525449177,0
6242519025381020383,7535099699106063350,1
13661402890215945522,16755387044420378022,0
18327082063469125298,10322841404180229174,1
7337808770191872718,8505134249496057987,0
8641154859808981260,3648705909569406960,1
312190339355058060,2013137396236420399,1
8753108137516029843,3397927246784529438,1
4414730197358572210,7617842750317407442,1
11923763076325209102,12788774860961429346,0
2938711217927810396,10439299049267443432,0
4315912663517626274,13028762685526568237,0
12728704747353970095,6131438055874579257,0
4432585089221274190,2883123662994019159,1
17120372138243942603,14224415654803587332,1
10492807459255183217,4318182666147916648,0
10616525269663041504,853502203286224340,1
10660193723435586095,2248897763290523069,0
11809979504926920187,5545355285068287294,0
12804893995821184929,13803730857466540183,1
16329157502925052311,9585182983461347793,0
3445597541352349336,17116607368612861757,1
18066889826367963646,15086105247404572320,0
3064221588448475522,2873850107181291114,1
15597760724724294626,3050768266631913954,1
15225140068138202531,6445268511530107357,0
4498671524897125239,9313482880287677807,0
10181748443086428368,3793396710168785840,0
1477912655587450738,13466370062794463490,1
15060503394614567293,14743962825081415163,1
259837549943117745,1103506530825268135,0
6036382997996183626,9631428148897678445,0
6832727710273358659,9440412063910447299,0
7401682678333237740,7770386214982765969,1
9856658466751720552,3244893095048036967,0
2516217048076580966,2628200651170815616,1
485602872518416984,873337400082184304,1
10227031558967165090,8103841668552485471,0
7140800865008484438,13210339690722610535,1
3610286111636633178,3533211562242231401,0
9604416195948282504,9727907282390257037,0
12987119506222255856,10242093477905024134,0
9990947592874375430,11050717373689354699,1
16369694213994086984,1413296090090675873,0
180204861374850709,12386702495152474068,0
5262042038796394351,3699917654529875323,0
13127548205694495597,12338025356282610594,0
806395498789233921,7481785968912107044,1
9948040029740476589,15988000501588967671,0
9289580593582291914,3927222760281704680,0
6861830434482079116,9770148585592005136,1
7455553037638029264,16633121780996482652,0
15690365113329452236,3493273552731954479,0
11040317999132320976,11578132114796492572,0
3413701101415313203,16577832671101703495,0
2488778993453219114,6992476923600829851,1
12257459590899006527,17798295391406438813,0
3857688877140507765,12288235788931314322,0
8278471750536229806,2497970762379886036,1
4436478438594899835,13910154637224601995,0
13055350823380811027,8646855113349449093,0
8738229911893072610,13997485781142380029,1
9046362167587109936,7259171668084674881,1
5044645969922546317,15666355057806103943,0
340824372701472913,11071889085896810965,1
2834214824577047037,3555979897235757432,1
3796527821431868027,15349569087446038554,0
7671665819011004506,8633236875586764401,0
7007282190645923142,11675086622498866819,0
4526818833875657991,13786332848860757127,1
13561517944133198402,17668481672968862345,1
627421163708299592,16233367899781096698,0
10780936852400215348,11914417406649476816,1
1715459891375613880,2737796789618119969,1
3813975345203108687,6155172208491566915,0
1407009446954426565,13787435126795921036,0
336189480040774575,7611557663172541094,1
5833172836297038165,16333704252159427992,1
9842484309717615138,18106289177087921514,1
10568812315798190416,18072184173126723656,1
9231464666638213484,3799523752143883462,1
3859906377662571372,913868653802633491,1
5079255322212128067,1196292771290359120,1
10129922038346697364,8488671519905620708,0
8331377742176421828,16903274596819148486,1
16146057936795382181,2327767851973146980,0
15305551556199856888,14318230943106127397,0
5618518238779163958,12445185590895204597,0
16887766200301202288,17190297626322831473,0
6362148683752659852,14073935046567058559,0
3960756641239204868,8275164960246688290,1
6787484194910291271,14648463025245463804,0
10807032558351950663,935573518847633637,0
2169503621337619183,2688914619897216560,1
6476191714998096299,14013259655701778115,1
17975040753544865557,7765446213464280908,0
16876671838668214851,9038263927689636286,1
8221147031679025165,16937300944016570767,1
6634122318277044141,15040521698732907360,1
18118274412263715119,3421840306432556049,1
7738719452812224602,1620538664980741731,1
2268135540809515584,518087416491905742,0
1711506200242437639,15894356424363932956,0
18416116274572876890,5944202492324162332,0
13176652407259833117,9577202118201330453,1
3158504787723920883,17476578099013869702,1
5848503415093127233,3377306142651494213,1
4321804577748236475,1418806007899554043,1
4064329453434454342,12748423717140252947,1
7580880312510189698,525883081076708560,1
16380273888883969003,14310943483228958736,0
9860105023075458125,13114153693486404285,0
4987374344574085664,8467424410106104403,0
16422337784174481906,15355001419341965175,1
590360700045859064,14596790519752889165,1
15858979645680225965,11586579784010575244,0
12738013548942828029,3266021068871876623,0
2199473745352790897,12272531548407945468,0
13360824803279779221,1818214897560643214,1
16832504715480111372,6420313467190076728,0
8902410983743850125,17517730998124004125,1
14879498861078251002,14310961950729796639,1
1534655461721780505,11029858078979545521,0
9021949913284195015,7562070685332433599,0
1166573416284488697,5660693906858585700,0
7299975129069704307,10016804782685234990,1
15135334463096827714,1996447804669520518,1
11278516213161847588,407771436051157237,0
16451967415855642889,7126442489561836818,1
11176703991568085743,12509628045333583923,0
5937831336680788275,14019776383206830279,1
7718496233570187518,2083056790654735920,1
320676049773803559,8470276639728726961,0
3632049480046387718,14343527919548137801,1
14781969421980049072,6832327360678921352,0
10067516420775076473,12893460524277190393,0
11855862703128592938,4900331695583221568,1
13411413045448253090,18392364481965055172,1
11601364189971954820,9363615760605614517,1
11687519290123624132,6321486905325203503,1
13923145855397302096,16045412885746573378,0
11940414960768125695,16965510547081933386,0
14467888917875835241,2932109616904008452,0
11254510345201147988,12586371835644482092,1
14450278969128189756,7276121171145347940,0
5029778900647772934,16681415494469428868,1
5923479878371533456,5402415595995362123,1
14759057797542994069,14505176362769318223,1
12272742666134821108,13778312716325878247,1
1273508219173022125,10316046042451077711,1
13198821086409197514,10593294855612346534,0
15573946952328751275,2949190800035317322,1
8645990171257208059,9868854356912233507,0
13888625754821376219,17835411732977804336,1
2005512148982355526,255734645309101253,1
6610895632001594504,941899542326523082,1
14238316338629167907,4165336264724883383,1
3122807549983416055,14907676107439381339,1
17804019660796511265,11858352001904071920,0
12111354739231012980,11280352123046608423,1
14400479455483849822,13332665337389642318,0
3034026380650167405,8003792200173979572,0
10894198815947901440,15898162862506081573,0
4598678252303660214,3398747589833970505,0
13120935222340465560,12042585272577185766,0
2045568141954808237,1730905898477625649,0
3717655469428524167,12947974539401794595,1
5916946941315289631,2920985575545660162,1
10725044063529178903,16557676179077610260,0
4022458151521904830,11225991171455064792,0
13835952354453157679,8948007333425253095,1
4009553035919685262,13970563882481998145,1
17878580704468320983,13908630435202160024,1
6347618590805507948,1586499663846812324,0
11802189239216845399,16190137071502259859,1
7794333037584270657,3812756237570151879,0
6487324551592432172,374277442604924709,1
7171233441783937377,7196707458141355194,1
17845890420456481446,10249730195715437484,0
12402124508874698122,4169479450533735505,0
1699521371246231146,6260259598482325096,1
15748292907648661089,8087474996226514385,0
14279356846771556262,15403694393455717558,0
14400931669144368301,3583546162946572879,1
14628424746681791225,387938230428730366,0
10701279399683014091,10160780861270790439,1
9721697940583835430,990513997205515912,0
8498150553211518458,2041759345576336976,0
11827749302841025064,10018233662015477339,0
8156370984804874771,3827678333529403668,0
10527976787364719239,10509247244134619080,0
9682493917221779207,13394342980922528327,0
1866694317673055520,8482230523287002708,0
11031620652215761056,14841247389111270418,0
10277322406605056277,1145831350640100776,1
11827301148262260518,9742138182309018816,1
295448227148925700,12073760904046692995,0
13880414253140217271,8977804749090385869,0
4500296947895650831,2202943452500059260,0
15538162522339796415,2889041724358239487,0
9024863345328570787,4353558423068334049,1
2146429447921582585,15831068048929949477,1
14880472314386265897,3089174755806183403,0
3982996993079570544,1054963490284458028,0
4652198750598717166,3153821660570939868,0
11759681528280310758,8190171513567073102,0
5900538204304420576,3503480841763996252,1
15470920556861643079,5925870865667076511,1
5755434206354107337,10083310240740413415,0
6239605899060883182,435579080522242007,0
9220726798533170213,11813812624925164409,1
13147406666771632458,16419559557095195396,1
11605408161704045619,7640496661963133452,0
14457566682468815085,18356289321274489557,0
6427252263240101357,12294523293129544284,1
9738977676740442949,13932415303203911403,0
504027317570322848,18357282605245442439,0
8704739931276096816,17011389666420938602,1
6747562706716804293,10946715172055465305,0
6630711575490834433,1632587715570141672,0
12019143771045093515,13801143507364625722,0
17775409524499359454,8700814653695661272,0
10720050489642546051,17320489937854254350,0
11475227477276030599,5464328439312037807,0
16935919465665058440,12593414325065060698,1
15900492992174996126,11118673395799117321,0
1410927435638730911,11886200481691519140,1
17853865742234243622,1975773684382804528,1
12928566077392754299,6562360049455436800,0
42695563482776372,12229608881180973074,1
6894156960039713706,1078952376106129317,0
17436658956265626722,17674514558088622408,1
16301352053536315933,14111823044143385464,0
4524176465706944871,6598267095816797438,0
10927592654142741324,1020429507593821403,1
16309027580603893887,7534617989487887219,1
10111884942017591073,716830463276185484,0
11699187048656321822,1652335722909549213,0
7936365741220909702,2629046141077862408,1
13214441881729512631,17798224816113563223,1
15743997609220478566,17967685989269821281,1
3182435220835049913,11430840089295937648,1
4377517358849805110,4744796468550446190,1
13359903973909735708,10986200148037247932,1
14875111018753414841,3257981666149186614,0
6993363767838228060,2239867730464738231,0
9475356137274463907,14784172897313517640,0
11839829268966380787,6835183655526944353,0
7335667531518883225,271737967389011717,0
14923086234728651472,395250713661027338,0
13052126407109138366,6639528010241124077,1
4027706164672225517,5140027068500161910,1
3920985006052768856,1313601072505814803,0
12578753821425758031,11067739267385818860,0
11270324976302856549,14576863474223996883,1
9193996220608799813,14342884202271037645,0
16204685917031203965,4726119904782170730,1
6763548968622299498,3565438555242130026,0
12466126844715045068,867049619137168837,1
2356277512357059497,13116939720485944678,0
18287761314920752755,15650836293838192600,0
2194430684418473982,6435942159618709492,0
3234996116216821202,15316129020813750857,0
9333667176302876500,2359461356433834456,1
6141478458786391473,3091641311776494243,1
14481491391244317919,6408278045978683861,1
5843913396717691773,16080812277364340097,0
11593524606155051157,6000493562160976453,1
17592540823681921133,5958039560214630817,1
13597574322455660317,882119244918801852,1
505583464315596030,7531980894360387747,0
13846260525078514845,17943967673255148310,1
17846555331379174272,17573331643051169230,0
6456181376675637805,7386930775352896202,1
6981872159450011194,13043927362951047039,0
9965671196491758155,9979600608584088383,1
11376395731788439298,8185345736704248567,0
7015843168258048428,1127732976848638460,1
6054394647366389657,9787717737191785580,1
2313080109972683031,16865050593557649162,1
12052697586084539803,17581337610098670799,0
4548374211675890114,17137721172253519525,0
16649484309653899262,8261869912283100756,0
9671707553271742393,6537379825351820023,1
3815387982616436667,1934535912404390791,1
1613864243579660852,6500353179960696634,1
7228142591337977561,12203400783489666813,1
13265886508390865309,9153323108657793818,1
3302099513896630297,47527152834429805,1
17584405886232193804,12374305513764513794,1
15022470478891556353,6005753944067214611,1
708612270261694926,4697251852496461981,0
11695271451944954195,5318685595029755071,0
14713690342620053478,1809952269009294566,0
2870714740951245673,8884276006766209754,1
8500859818576094876,9057418299830982737,0
8791497205816464981,14076918410206400538,1
7420378891002442604,12035859123225667935,1
8329187264692808208,15581148700519138759,0
14370646351646284321,5186756821057525274,1
8679237809126261538,16643102594076538469,0
15263010603737328576,15036264672423009237,1
1484434380488345022,10932589190652124448,1
15177423729664189905,4181927586348168899,1
5609811405733598230,3845499344325981543,1
6772320429819213402,8281052401555207553,0
7027801262535690717,18065919039348627422,1
1965015694411987431,8289545243911010820,1
5587799773761044570,9442052416542660162,0
17779586944206505336,17627345459341897648,1
13726856244326136581,18129720400180195703,1
2830593895958996593,13515137162320085068,0
9366077047337573010,4751684438057709485,1
17541028466695678452,13883182817538612550,0
6996426496683482721,13108565092365434831,0
7626569173310429203,10752204314411865510,0
14309484349332786716,5097022459667729843,0
5937481849402239513,17965746458886443312,1
6212644699311277054,17248528230801162209,1
3956709736298933885,6897461418706338679,0
6775147492495209870,4779071763879293262,1
11653002049161316455,7358725771839743202,0
1748987692606467249,4306874920564275178,0
10720853271826917713,1752739293859332595,1
11667714269687904892,16304306508245792057,1
15851272703820439120,9314612953255159354,0
8104241974405682803,8980359296821182223,1
15835437652168050888,12254226895713149058,1
16320242640584077590,12107954796798128095,1
11420722627102995630,17348439384825471443,0
9675599468004665184,9086658623615379225,1
13584295790760558635,9806267771282747171,0
6825519743864667630,11377303609958578290,0
2545030602158520855,5353641302914396132,0
1701147553646656278,6271340204528244355,1
4135704972642775362,7449197570444661495,0
11818182638409334741,16989427830138437043,1
12057054450773810974,96198418186319823,0
4622131787399574896,13884505365938086906,1
13748153979589442286,17854042368159628863,1
10268904987574653137,10790387438053066711,0
14905784877535680800,9713101218021602823,1
11102604060748873409,15116906471017198719,1
13238917754563100086,15616364801539411469,0
4577132352526407664,5994995970846100567,1
13273886464187446245,15028740090653397353,0
13374248596164710088,8599653352242386210,0
17715078980948306182,3360179347465392398,1
8827093992748033469,5077519325935199361,0
1398828522145462879,2802806079054085251,1
7247544690723291968,8943113761189906215,1
16520758748981226284,9441704689778844709,0
5871933761953090015,6478491572308943462,0
12286795653743407733,6904697341092348087,0
7805642021149753356,8013919406889639360,1
6783954131474522668,6328935625167000687,1
2586364463227761040,13603227427973194197,1
13723827674874070668,13257129146166279669,0
453803242275887572,13834768202650289214,0
11696033360371526985,4019837736487600349,1
4512183480107964009,1691913259537474519,0
1493613613406550409,7258179071028536646,1
5032034852543523167,5813203143298394235,1
3867147077544004418,16428724313119134858,1
1536393313666646062,6522830174436104966,0
8999913690066264990,15890695069204858901,1
3111898809809294516,15747287949031440710,1
18085494687448280064,6028652098216695403,1
4820969128103203658,16490883486659322371,0
10043903334501782781,5351968434243564978,0
7207127710117407227,4759135813437896226,1
12980912890794353379,15327062956432232662,1
6183469181789699696,15082664641694991289,1
15586738447576964705,16985028118340752825,1
14713917243365135684,6795652301618639216,0
9703940669924118476,3563046897357396458,0
5718810588787543302,14813335240831961769,0
3196685422617554679,10077404625089035932,0
8312059892992221545,11223205525373695732,1
9121577258365713017,17110767851424759498,1
3087445721102002200,12752890246070613563,1
11889309904932119770,7806947111115671195,0
6376472889707802240,5573368571853270970,1
12447995001834433965,15545159607525372804,1
15750778371801251516,6774686384009477915,1
3054580068590717785,760843832888826669,1
11658375135930910975,12142363405040225774,1
15917620414672608210,7352615569208292260,1
14176755692837823591,2234063505357796013,1
10989722008353273,8351099927204810751,0
8309885629870358066,10821333825025231136,0
14845702343206058338,10840670306801702586,0
4602141083891963928,9130822032402552501,1
13785486259259417626,13287487217347844271,1
11000819586747037322,10228445133886916114,1
10905084397319245133,3994077640087357793,1
13199167065754265146,11344840864147051408,0
8088049044690805466,5833717560618242065,1
1857634389132415752,14563675759876408844,0
13787285998724061800,14778123046912023316,1
9876757880335222250,15175723674140935810,1
4858153727946180823,12756774592805868132,1
12036674990780187804,2067440222186334158,1
2483301146884335360,15153653759024229467,1
548665837955832928,332504867052377063,1
192787558873349436,6002452839240669222,1
10055511693600138888,12947693418822884851,1
12423132657524099661,12299968511385044846,0
8788377115330763008,11455529401597937316,0
4957141433211009453,14051099092789901839,1
16549728143513396929,1209257430721966846,1
6917762418878982601,4995329117417843599,1
17695042640858023816,13735992028415646397,0
10246554293527372409,4578104031782201744,1
14542754864041834598,5474000416084482958,0
8510741051031583852,15871678036042708053,0
12869215222626608250,4797427472038154712,1
785288074647254629,13685427599166970231,1
18109605861235591932,13164677618151765407,1
16963027866062311454,5579894252982497887,0
10203097217889585958,7549212602213184411,1
9969681582731654842,9072032292517923685,0
13815791262812037779,11928280426615618950,1
8630228751383364945,14594443646527892721,0
7425762356227609918,13697302500689890511,1
10149046992031035634,10184558477810846114,1
12283749301378409409,11991089611457210453,1
8963050564399802772,12053240832004257595,1
104857077366090820,133293576417984567,0
11596870626678910551,16359867621154126739,1
7780627495314154997,17691554719529340159,0
2538545002996954827,8104681814712703361,1
11422251338782338685,2474359536971076591,0
287188410497971942,12075323117155234986,1
3268249941225297015,10072783750118071678,0
3037127593971197908,14524514724490455585,1
11726619533091195030,7414471694006112473,0
3127617233423836046,4486475830642571909,1
13377766527205092053,3648357564288763861,1
1097074366379721822,10056173780600315837,0
762330430129316625,10654180260353678918,1
11506696818979531795,2392362052699114981,0
366349231130726920,5885797594379247491,1
10488837703418827697,11644042914413491644,1
12388184759695263930,12389101750771491797,1
5033332381209203815,1015315411642002133,0
1369239795779158727,12354224248717706541,0
6445609542723057414,5108141116147834937,0
15019185984353567937,6662259097929633186,1
12785850345867798414,16455872935442861888,0
7726148146700899356,14500246320838434589,0
3454444079166401136,9521231858685218436,0
4374715538949406365,8981928134459452352,1
3154122169966127722,2107793386262925810,1
1205625923589605302,551954269851612612,1
10161569699977833953,1910471918161168272,0
2739119073872767248,8196393229580622532,1
8215279503521804378,4802163503168892897,1
14904094192087567731,6252735750726994537,0
3392405272571788836,16394271443438634932,1
3973790541345314204,3273304146069787050,0
4091765277687002019,13018894869506807705,0
9427009820018346210,5159431955250605131,1
8598419895797133162,15629939135269611634,1
7365003193326122323,13308464828483911622,0
9616706130556907396,1962124554682875059,0
16425004714595024186,5686086883744788756,1
11357651701744575687,12113334261514369574,1
11346085195218192272,6994838876459278436,0
15385361593809075187,2164028293723998835,1
13820204393559580755,3378635471868872363,1
14583342330182518067,808925013310393545,1
13755007775851701285,15952947001498751052,0
12459637438803577831,17512966941400679446,0
4261858493448735574,17622828212066546562,0
7865269897773213904,16645923638050654183,1
3754079572780102406,8892501656923618794,0
6280662779008326063,4210027297456720875,1
23151126620259404,9705223245811406166,0
2280906260989350600,10861460427652461127,1
14405784803536302762,13307069934848978845,0
15195412797736437871,9499193660727932028,0
7718365319543198765,3068479501345574385,1
18233046936996491243,5836119997450938674,1
903162298641322574,8976291744761236661,0
15456274878519587683,4772607720033617410,1
73712763276108237,11616711737612575523,1
11207864116862550730,13368659594820299844,1
9614685822197773613,5155520247826056615,0
11705897223285729944,10719901605553859258,0
4463674089168360264,13737289172585206129,1
612737871741726470,2634516802014003861,1
14794241087418548579,15007053271932472248,1
15042922097635419415,14245773074340875356,0
6432844197515244626,14804564046812864839,1
18320671558597364389,16260276891586537738,1
7581243889445575297,18031001234057721250,0
16183292311339159031,8294131892988920949,0
5921782458181937172,15051518722009347028,1
8046533875788992681,16911127735293173677,0
11296403729093879155,11645147377312173180,1
6841510741287423598,14031843132135329849,1
16148173774257018005,16192275702463793,1
4923956691074667777,14296129922070264072,0
3322041435119493501,11642440340041772188,1
14870993389524469069,14519833256321816170,1
2350094127848033289,9180683300272803865,1
1241455756462182589,13809124727344061220,0
11284157804022791407,4117143393056207045,0
13638833448947785641,363796525141223200,0
9772303876469266585,6687152452562935388,0
9356765116762485867,6265744151435312371,0
8058882297499324690,8859819517491641132,1
14910533269537030848,9269727858054058805,1
12372957946545762747,1088925419193781595,1
3678443516875024911,15954439755069263484,0
14742659582971486638,10806562770684573834,0
16482182854967685964,1334304119434132863,1
2851037266589808223,8109141234400373955,1
16161334568680036296,8400999465981057658,0
15736758725617769000,16582890820405476734,0
16721500527869144864,1091250927014898672,0
7132066273904200056,16926924556170830223,1
16547479378913079560,15254471123132850221,0
6791574346004942060,6458571388436060489,1
3680625662737595451,7836720385906393992,0
11188444555039388733,6890866237789744696,0
11648053610462553326,2644502352895988214,0
9533006134526661333,15027883238022355278,0
6271002337570146217,2637254843822390541,1
7057789524166004122,4712876113564980323,0
8438888704745392439,6212538256311249085,1
3306000346829719850,5679571242891553089,1
11428377666611628267,4030059204396591886,1
16613396595349670622,17375991285769884986,0
14416240409426103655,15765790704401123582,0
3917498284883798758,17524736012267624594,1
17047255147823111063,9842665754052298703,1
12665890534854096863,14358065257605729096,1
4104659028410489855,1086200018968420843,1
6424909943641762566,14158951059525328,1
2045116098943401420,17466665084608002344,0
12029331670397345749,7889790763693426428,1
1269254254128140339,5752393343249792793,0
15045749548991066574,6245022395145056455,0
2094931284018012093,16864998991922798451,1
12921483875834953323,4744661417702078213,1
16460783764466794288,1662405134245128736,0
6686290914048120744,7285583955384993802,1
18337887318272739415,4626141594630102367,1
15858469117238584524,4518918579292111534,0
2235725174139156496,14602159921251747061,1
7258971490797110854,14484412846575159882,0
683681836901075832,1791194722146595528,0
12971891447028900916,3926752834115940155,1
14391634507872521033,8787354836328954544,0
12566055880272647243,10371381141699065060,0
12980823538148016815,15171909053004678782,0
7566447890302740185,1536142516456570849,1
2922449542574997009,6303628674052174758,0
6105037955034998527,13168372189331274228,1
6339073163311118794,7932242776447147855,1
7317379503942224432,11126950912437347171,0
438952538292488181,13176789241637121560,0
17053827616308960376,17316078552483201786,1
12639469019574091673,17239005051377397327,1
17821941776217922157,2094396087901355903,0
17461770437582486745,17313224233971691997,1
16160109749181720299,14362707239401910264,1
4706740772652195386,16162026192960619430,0
12976181756233477384,16843868499714227932,0
4819624744254661405,7769860709717956161,0
5512006627387995570,6487439563084608217,1
3791479172262045290,2632865752204959729,0
7831658045514785173,16754461922609050355,0
12152840904933169629,18278343968911632322,1
7657219925019492566,5476879428541913011,1
17954366760079311366,14785310237910818853,1
18154354459041683662,16145167053016605353,0
16163466946467331349,4418619915472286067,0
6977336825909884587,1174080302945020716,0
12853359320388751312,17864912395521224293,1
14004744423560422804,4133901243080920088,0
4329689170778122428,4455438738950640782,1
2814277423672128628,11822750521649664374,1
5849601232806916902,11068358216759102464,1
15623728608801545259,15594192304333970622,0
8386535243412782265,18164934334565063847,1
9128851454188076667,13735366990865618535,1
18068091394278397502,15515710235021626215,0
7535829701242309591,3676835392150869637,0
146158164253737762,13990675004674266391,1
14224632664665878954,2937321368001660140,0
559829114393700019,11811585211471126739,0
456328722027029091,11871090540057853989,1
2748892638968141821,7210338604105434467,1
6773365179228923659,5444834733410963518,0
18021024261983613256,2064859441394614716,1
6580057655989274304,1558848495388965588,1
5680240940040451493,1716139016260782780,0
398390228749444818,15517053356318643160,0
13065438219551082565,3965359094452983945,1
9124343647702519273,16547674187626539319,0
1817686589002342423,9546250669541368065,0
8738203080637014376,9327002413881506443,0
2863394562314950001,4587015736618385182,1
12378395426967339292,4234368861641825968,1
4452251537415129334,12156592410463974189,1
2178565984675925905,14420076708180126844,0
2682987166954300443,12645784798303744983,1
11026105481974644728,13366481751188375393,0
17834237570605144205,2245945860293595608,1
8540109324947909,1783390610743113183,0
9604932121734233340,10530200340059110214,1
14170097146076571327,17376562359430556028,1
381685148965417227,18083904559085895593,0
17174127662548470798,1568881912008834285,0
6072236911269567378,13649288373802711031,1
10031957916114528204,1598818405047654549,1
13156673060800740192,7134411378396422632,0
13455041914751093016,18147950872663495142,1
9046564577027910679,6147564496429702623,1
1401065963879479888,7379297678936567869,0
8590132068351446272,9781360289388323400,1
5761506624981492003,898177526366476068,1
16492875236056697619,16825907941271020362,0
335060392258886214,18064682909738176850,0
14342435299070810584,2092547976144712247,0
14144515422526459772,16019838550165680434,0
821708472861622224,4822728713043148479,0
12304232624022164592,12593502079437562351,1
10977379853941214857,9384308923593832357,0
3038453890359880560,658230990909388032,0
3818953756161712532,3496625313829480171,0
1553177418013938632,2786407957287370416,1
18212582722776106316,13860743237437530671,1
12016290526792822467,2492261567634698937,0
11808008998654107984,1970620003854218061,0
7585866062914164068,117110977115077605,0
14706222356559918200,10583804381569317589,1
3979083353096569688,11288764848780228385,0
7152350002829658643,9814644428252755738,1
17416653358201089831,14358417922751393732,0
3438270917288087900,15754826740642274644,1
3420587863423719601,3961290915960678547,1
6364953414186257055,3410551575890815477,0
14363327199414080438,11510324503167322514,0
13293534504026651838,10537876211494757391,1
7873958151776722240,8665257517641176825,1
2460142620043638039,16088272654052762462,0
8088770624494757041,15942332623166994087,1
13284367988354973229,5201219588654399993,0
4631024945452927203,7056949242394169637,0
4043573174848234067,16691531346474703636,1
7233453015020519494,17566801513383377068,1
16827102570937476055,649712057488336882,0
5069167827243115807,13047159859693533545,1
17647291997293767058,5162531130056419489,0
14968047694390133069,16350401188553923732,1
7958611824080260799,518722085830242879,1
11622610086343122538,11622640949570893472,1
179612608429534333,10097770887836411640,0
16435859575807796302,889570012495810194,0
2213045719772985075,15970984119145777761,1
6697052279682493444,1666475276797757888,1
9690802820332873029,15892281591046588878,0
12407578870825465194,5691346796763698980,0
8077127421711681731,9154036250866464541,1
6555291638422378955,3678433422288543401,0
11048040053100037635,2547260980612910534,0
16927418916126118543,17619002621751647269,1
2122592490735056927,1477085589461328026,1
18253209772753461133,18351371963779540170,0
6249627754268431328,4490571548939035499,0
13994602644051619201,11681234697947030686,0
8998178257612631100,8650418450379891250,1
11862474228059664958,644460081208119260,0
2080842996378861104,6858927646273518449,0
2203184362223198787,15302103829380968854,0
17080135475269759163,7940270971440705927,0
520411724317260957,4570279376016679401,1
13813549138723798752,7401343477733792931,0
3351529858210152002,17190326723309122000,1
3247351454619114833,9682131071264033650,1
864617195583968677,12353541838741434591,1
9906082857932580643,10125493398332928931,0
17676770862573840034,16633524912727883716,1
18262618629785313583,12227647263362853555,1
8958900650328665097,14143396406537979272,1
12140307494857422723,6955528741524962718,1
17195411375979701531,16544807387050641185,1
10591838684209962487,15758329795056714992,1
13756715033356999639,1975970731457747840,0
6900564298682754191,7459348413542851110,1
1660716242220457122,1413403980560392057,1
4011913083809388921,8540012213679687826,1
3631998146415113058,8356734194216710366,1
7574478301192679846,10058290499118495412,0
6561023364817237216,6416616774466476002,1
5089766485087724219,10279175018739889002,1
8313283776860778636,18406109232098405422,1
11069598015184993681,7925688120609527547,1
8471066961541006616,5891000820464354756,1
9555257068797313688,16010173670450810300,0
14138629890179858517,14053557389277553646,1
8161742402071678213,3483091242916766626,0
11745116644937612951,5176996804065249331,0
11716092938785969111,9313669476713234909,0
15478485997053689602,18184865757504098461,1
11317947061018737116,14342210836268366523,0
5003937484857642961,18330488482093340819,0
14945849080483480186,2489789476501176140,0
9053699057494589607,5152698555340425336,1
6285442249717735326,15340144107833075647,0
13156546904946844532,4968045997890234307,0
17712852281834936188,4671641498793389161,0
14925580528076192598,11284079205575528754,1
9027221286961014336,2193878259458817644,1
16472797806343531994,6060503116573707429,1
10153324058064759790,14591874267799612861,1
11570123023954939873,9940458149317760963,0
11104414801630420862,1838836638407161199,1
3145846709300720361,11302514961947959839,0
16722617729416846636,9372252061745015423,0
9259793467661912612,3663212692991453073,0
9770044220557876087,2697094087947284834,1
16265463267517702676,10003682712442912251,0
4918686769414304687,8242678003946497530,1
15877385337179366317,7966248626285001693,1
14460077879658804139,3676864674020851887,0
10953110052575587182,10772635851070700240,1
5863289182359394853,3831291598166775411,0
17261073965651665591,18087027638465994081,0
16364222651794873262,17342320619733975005,0
16412335047388464562,14073209271567953784,1
9822732531396573007,1263543700295397282,0
11285526546033839323,1919655907492077118,0
5296819747451045505,3350903354719904554,1
5997449878281524123,1863867561733638076,0
10739358703463488174,9190733258652208765,1
2377116828181776987,8498783475714248496,1
950757806639581848,2692990236606740376,0
16938253837927254959,11826628726955073867,0
6694696507162662407,6308135053434237542,0
10162603154739083055,18419652266284527555,0
12255690241920695319,5554498428965881650,0
14308183220713389112,7563784847948763587,1
13147889932966201209,10629032024870593189,1
10972622863093211501,11217535315019257342,1
10444944713341329789,4229744118421845255,1
4478007392474191005,16714385034982567571,1
5475056225685370166,2282283600319838775,0
10291001015884109166,14936809329553431528,1
6104266650614749259,14672872889146028833,1
8757516742600132224,1148706028605457102,0
3007313872260822577,7526366028234007206,1
14300824499600666728,1984005098530613485,0
11073678131790863250,2518565905362132733,0
595269005296014376,16052022013331465663,0
6468691669621555990,4768398163789100750,0
9529684563924550461,4395178590422584631,0
5115201813333945730,13988770519573416981,1
3006076274238553691,16785424866528888605,1
7552611487371221497,18138563400766951138,0
8975981797765055565,5107631474319613344,0
16921194722086009285,9299349198758535438,0
10787324719810918896,4468835402561193121,0
18347564222123965746,15744189299806860241,1
18253187490312618709,603679311919766646,1
6249953013646382222,5097339805375343038,1
18073391192192748305,2549036598487219139,1
4748153026052047822,13512725275828576649,1
9178991440822390476,9922520889165394126,0
746427578502223870,10147718182664893289,0
2042046796104200520,5031004579516086508,0
6442005912900732888,5371843657685717995,0
2056678593024059133,2129673037565246317,1
837831084417506287,2005757947372347836,0
14129248911085360232,1228394582561184105,1
14596693001002836616,14410366244990263146,0
9705939829624464615,16990459718072893701,0
10739867988410162290,8628120927235502769,1
18344519349657860300,17160031921627995167,0
11926508430039374354,15182453412135944616,0
3231187043229832795,9951692872854848341,1
5163479442360595736,8777378901379798699,0
2818659984310876626,2212638964956012667,1
12202104594357587810,11991838536199293337,1
11134456611604305154,5378714818298832257,0
12129630101364930564,15178985195598068368,0
7226097646596171363,3987676840282617852,1
12656367956283820749,3376143570089015721,1
3924954969342271198,10742744472322273468,0
10888271698408201304,14972138494633150728,1
15543392929142990962,10495145990942614382,1
10313680321998517887,598818695967868326,0
14698383010152522749,13242355325986896513,0
10935236270568094792,13720633009502127967,1
17800879034226573581,5121601916032825876,1
17988586177133129695,9710089369663561315,0
16152434513189870923,16156798440900900297,1
5211784737774844830,13348623862487839705,0
6883531769596214778,5855894471792695643,0
2106409409581108366,18197473211681823312,0
13866508442417349698,7897832385490905064,0
5158225624453843060,11609809162861943404,1
8332011715531400807,6107377493054078903,0
9041599586868907348,6074640339453705336,1
7796305896706027772,7657842895212855893,1
13044619590785589099,9481834574930531744,0
4135364166627087551,16194485883623247524,1
11700806778859529613,9256188630898552273,1
1162626198345873024,18003111626641081179,0
4048551120712031982,10722595413369070289,1
6706701035944494290,5261013332490692326,0
15931307959413324459,15351415423075707957,1
15047377850372594014,106436933035944054,1
1748714784287284712,17873168534473118826,1
15741180563695967798,13439956793227628327,0
11141745648915791429,14205249657351140738,1
3770764486173850657,7247953501330169977,1
16403865230816468366,8214231826183421951,0
16486865895228702142,16135902945412540701,1
12203162660200557585,7049371890920269047,0
8110657766482488554,11064417910361398420,1
10499731347718161551,14951807997677589058,0
6816926337921317915,8479249928328800180,0
3286195208145707587,17950328645962819505,1
12873994080997633961,12503621781151096497,1
10461075043143032507,9639802143293834217,0
17554986968462803438,3731231920168935989,1
4552301828376645872,14568003309056693675,0
9030099250268501210,5011759008830535653,1
6634377951075996064,11748949916212673946,1
7064307967844427574,17452415695578892060,1
7109504096395262239,13415250583457833228,1
8861004004927706450,5011219271499713404,1
17730741357363956448,6237502939061551170,1
18396325253847507155,12258208347256829263,1
1009141118367040537,6320521409967122687,1
8886832061277899458,6765846310612510704,0
18090490564452773185,7915763816323671872,1
17256558513798338767,15353195417981606636,0
9208513583527153445,15362228522910694129,1
9162897254819724754,11410899952446928160,0
12197151696503859155,2555267697225928827,1
9962024788448293335,17013128578190149712,0
8013588699093735800,7097093734631118647,1
5922535753489366349,18290666257946411216,1
2345075450204485164,14630680364041945962,1
2846125058266628800,9614365082410147395,0
1909243944752613312,9136841418351074066,1
7333633540148633385,4310593547403792753,1
3997411137736567809,16912929718974295158,0
7157209669585707949,460360189971255770,1
7607329444267079058,15952095927103522806,0
14508191863686198526,10994982512002791570,1
16558966773968811435,9312270189358656362,0
9062122720061982143,7555278653167404488,1
16003593532270207596,8074658935365345243,0
11573865996731461015,10548602424440520224,0
15658056486809902040,9793153138166023661,1
4926870553312608521,13303237615156319093,0
13451652092195306296,193077610359779550,1
8478357543803821036,8931875097586445483,0
7187869035771173767,16371052903620534773,0
8607551323969998094,7803015536737845504,1
6594811538054864700,3746795050221350408,1
1156340374197613917,1256020762374001892,0
9639363139860178551,7768948857228357459,0
10392133732882634892,7045000550686369713,0
9440030769481899984,16305597465789864938,0
10570939411306100457,6286756858043709622,0
699152299450208987,17362388434871330693,1
17304523475005550315,2255036126991255873,0
2250754976785664522,11432244792123944975,0
15084470990034544385,2581910304024553150,0
18247304983178319735,17460955592096503025,0
12081031186059612983,2469002120418862773,1
15835310210169771615,9212624240120202146,1
10103543708634755605,1697472318935151123,1
12492549391469366747,17991888995696355708,0
17490327038688698566,7137998949713902270,0
8019639693576675889,13024296789869559409,0
14810773842438660382,3409736982149069522,0
15562774235335093243,18140991961371241592,0
490672484122138856,8991975703497965094,1
4624698348618665696,4556182864699943304,1
13328337892373240330,12914025845856307913,1
12825664377817720351,2421400356727827996,0
15260943951636416491,15360880777515341912,1
3188505962832990950,5785176450170881859,0
2936600754476182947,3474248497517029814,0
11162661082580850523,9684896402704648167,0
14558092194722427712,268320468168457527,0
11634532069083831761,10686879763105224934,0
2847130490987056365,12788908499112623110,0
9187967708578978078,12443115684834303840,1
9299721637933635362,16426969063786060116,1
15175409373107897393,14482257108296773730,0
6860092291869418818,17395849061907899138,1
15065352792661116868,12480849857028349219,0
13029887787114624539,11311509531500462032,0
11396358672921827175,10642139364834843453,1
868531647331687564,14315692352013570229,0
7576241187893579301,17430092588540020189,1
1933428689959829080,14718205965767406443,0
3833987527042410562,1905742445670059606,0
8477035810560202583,7204314620838628361,0
15449048730292071122,10558408829055036149,0
1485206868937552657,11064570774122363121,1
10579830218589900230,13563670683809172770,0
11063407520454353689,2256839416608112598,0
16941972426847397035,13040662481148948864,1
6948178988288910650,7345360346435356581,0
17798543899547495227,9187539153380011864,1
9749163385902795684,6818052999377160440,0
13648890244157782800,4391298449399661756,1
14158704649110382546,1557067268473555645,0
6386681470860025821,18020285237524465616,0
2861936996385651313,292912504783145361,1
12543342240752013071,10251092603519999252,1
11086197616680810015,1615229749593038125,1
11368290504036651551,3199788880291062646,1
7524230709299321247,8349796241101095522,1
15884994726425087778,17336696891106295145,1
4013936350415450816,11722188288169837207,0
5785461024054449508,13457526649774143026,0
10440880686794819612,7112382019818107725,0
5442709157267488875,13225871026986003176,1
9395357885859911101,8510295129956004807,0
16140300960286313228,15759369873464029184,1
12274232586661314205,15191752688436127072,0
3957075129751771493,4600633303876532602,1
8466735954301090620,3433824268993130934,1
2168456448425078101,12026006092788510436,1
5409079323316810734,5755855621673744151,1
17444870183776319668,10332139447804857579,0
15190088958662235916,9421096488150269505,1
3866502555688081190,16163713250092786724,0
2473073091968542648,4904331663756714329,0
17055887232355231973,6502078533621504807,0
2611743032891143155,1313953599112907426,0
10923281449758109588,15251059308663884434,1
9738523114438851134,1899656488386209199,0
8727815844979485171,9334042944720691866,0
12247739899116422871,5096081557408555244,1
9860861078530782393,5464510230418037894,0
1726569487009871608,8547903327724306588,1
7963370295798416706,11802873200051892489,1
8395785379659202146,6349634159805989699,1
2247955520074102645,18394129473801650268,1
17657013495544364776,7569075124817078828,1
14814275412441633773,9164549040587304453,0
4655777030862377301,14594011668926581334,0
12726621836929335556,10273282565444136810,1
17411913125935833918,12300541251057389797,0
7828729810966396840,3457317775613934317,1
11897960340750213016,6206448913632758179,1
384220011150528472,14896438536776656577,1
8209896602380344580,4108429055342017716,1
2772480968642001784,1700229223277064266,1
5259363024698768949,2292938785031695628,1
4623814011471216765,8634367323529372828,1
7399138970704638254,14817076660169054762,1
3135915767464899918,2972340033958027104,1
14851713958330308802,18305931540688614980,1
7416006888297316535,9776860133006573519,0
5953147691819197706,9471951848763147543,0
18162414978633158206,9289982862298718857,1
15218696877637037747,15061121907889864417,1
8719281399214295476,2650671771938955812,0
4257617770799119699,16879775618678542689,0
327808119784436021,4405105976201264142,0
10787315499790715842,8368130701084940040,0
12546969610730160352,10887842113572028715,1
3150691391049828005,2467556591809334051,1
538097054745558426,17245785376510376380,1
3867756183095421537,15916232064252379169,0
3073238440207126619,16335923671756031022,1
2392226795803390580,639215606645556555,0
14313452002994733916,16637345514840444812,1
2960915174298919968,1183423703274741395,1
12318826891479446569,17421025490792484979,0
1799659190857192693,14066222288289436123,0
12989836446026355787,225200130980440619,1
13309468105586135789,16820281237260146235,1
3180519904000040534,1942654754121149036,0
14134371202452241172,15903138418718122147,1
9734586635079034646,8400998561499610808,0
8427302436425955231,3122761168606878443,0
4990397261839370218,6851233343887502737,0
1344841595617823690,6537420063816830200,1
8963101833150228926,94704576850216896,0
829542410390989556,11161046242182711709,1
12287491545100431477,1951309149868425439,1
13285331423955022564,15725165263485695939,0
264402180593056504,2827258514635407016,1
6358563583628351188,4608596570290425502,0
8843703987634999083,9138921588126389141,0
13265505451189946905,16842762844263686732,1
3046255096261735515,1165133580095900529,0
10354284047957675930,6726705710888973803,1
4115619467491978873,2575263425055880382,1
1499621478124293793,13158680849567070897,1
3327413857147933662,754433499163120573,1
14750467226158682217,10020578821863882987,1
12769149826716535749,11904353203393408955,0
5532255830397475395,17485130345957042045,0
17940338986344339625,2215627733753279287,1
16390121519137671405,10233917303413778066,1
5690081922561604171,208927860031975761,0
13772740238006901641,11736215050193889328,0
5330557764636585504,16587391447918479002,0
14275643917910045348,1578063680926810336,0
93982293322848571,3660321205042043120,1
2014603918930979036,1357089493162637166,1
2069869258758839950,6840933554945527094,1
3094028317462403034,6998916329930216696,1
1107345583083900522,3838648909216408920,1
1715529475002156742,7792461411370896670,1
16958658184558247499,13067850819989412416,1
11197034593308085971,11642600047580410511,0
9194727679820445272,12500171542511287592,1
2821912322586167512,1311504972442202198,1
5792757018697936874,14209228515212103478,1
337037253781837221,12277231658142260941,0
17222675966721563163,1576802404550688769,1
17500900134286351979,6958495988192640701,1
1834114031872663557,819897622867522307,1
6979562323379873102,1936619717489551657,0
1747441462379581971,3015586361016397827,1
18182248113579636694,14350943483288675826,0
13515572450400624571,12382590745135309513,1
2080065849929748418,1060081953353868988,1
9252828068661195688,12086659345572632742,1
17436844284612317930,14752950408692864371,0
10772641460373331809,2695134751904254870,0
6356108101424568450,13117240038944974615,0
15290201069635684642,12781797198020887676,0
377585297651992740,14929966735054575988,1
11416043329748893897,10548864944555872542,0
1212567306917221264,10435918454344741812,1
1056850172358532887,14110109215067469679,1
7793054421218138370,2701656392988545298,1
10515522601722475196,15051642443711030056,1
14495795869925059301,5941556697350359968,0
13511804639529268494,2319643792011816024,1
17020243976066110091,7174541631161610085,0
9780952646646965587,11515175669876846719,0
5787253128615210808,8547486356058522052,1
12449692430702812071,6671024528769840743,0
10191418290227833225,11139852982430704876,0
112294246810082224,7342456929550725235,0
9786755017918463997,7940686232596774801,0
4472053494322261817,13430293556323471967,1
10971877355203809078,660657722790193234,0
1788929118030585523,3160041711076662306,1
13997278415585094614,3720428956332811253,0
6840379317355915130,6732804488821853950,0
6119071548087992584,4368072493196018418,0
5022445949648951249,5375762928768204523,0
4791445745532753058,18324157101761146790,0
12390437728964644857,14643465240665459699,0
15966441983434820986,7741234565293360260,0
24018006575718204,226980364366488642,1
13229657144438162930,6031424202736821761,1
18146719575921471063,16656069836344990377,0
6331391726053446682,8594589019400955935,1
18418812336023470796,10548080376767138475,0
17360402995831151840,12775346412017997088,0
4222022991392911740,1881171010069317267,0
16429746926695631643,7406773752040840978,1
4961809222939062932,17862922465282477939,0
6796514667649901177,9976678253573669586,0
11926757916106456329,13089249471247836331,1
11501538149921237400,7242707614472622981,1
467365348580762252,1675961802323895522,1
12965631851331941059,1039708931806539439,1
17467897120929088011,7127120256268550720,1
5926334151717040597,8509000611083050419,0
15586591476948043228,14583019348158193410,1
12588153058478550976,139812542952248198,1
3289289720641466425,5077982702999613615,0
7103878740085758745,16588688827696588193,1
12839928720929657301,14206791772966584893,0
6718011973492282626,7542212430552924048,1
6060824759050091559,1960424338205331228,1
15307952579127865399,5932931445757981366,1
8524481999527892337,18315431768803769137,1
4698134462474899162,13268800485681653207,1
9923617532046304056,1365394278873120563,0
5780066734449162172,6573546989620658161,1
1874284765444702364,16938941478885795808,0
9293526279024159226,10015485288735322376,1
6716943802926241527,12823034464300673719,0
15349669801241055935,17222453920240697700,1
1870149059245408368,13466252167561278175,0
4135555713610023248,9040919401626202994,1
1939652965619486288,17786111417999673087,0
15076354836207225111,13644447645953894373,1
3473019833139269428,4484431342448834861,0
10569358351325356885,14981570887627277367,0
7859616038972448534,2938860036055700974,0
8737354042910186826,4280286162408368049,0
8170095873785848530,5218984414304145855,0
546750273685512748,3719741231802703116,1
13147608316797646284,3371060178608348305,0
2983462190833266034,12723389725519518807,1
16411580628063998574,7827363639232453195,1
3779410021934101985,15910161413763681892,0
15009106567865017757,4744015944081832610,0
8096962853647258338,6494903963665578791,1
5656318560083326417,859397486035553636,1
14191097186435826894,17432626142426983266,1
9630531464410243000,913386792683494552,1
14872384860251062092,14079879348164853596,1
16528114984215082737,12603045434732333149,0
14919030758879260118,2988921762096350768,0
6614863449678554969,18120297404247565593,0
5614251861928682333,15775894868484648001,0
12388208590059435806,1186862140546843723,0
12392292407483615802,10824485346055366009,1
17696655404966449132,14700530378572815097,1
3200459775543839090,12098641123104772529,0
8986682628728451127,4581704469377517255,1
16655434233310589053,10424121751537112646,1
545442012498497139,14365839192823694379,0
15272712363404308592,13313757860762824072,0
11614256728003967673,15656260429978762770,0
9674323492251626884,10691896885236395207,1
5741711998165068224,1212824689330465860,0
5710031438377318086,3707602388478757903,0
7492842674351679870,7563800104927082898,0
6206792048808819812,6652361273808478994,1
14982479587859769943,9282363636767929248,0
4073391478767320081,2157160844599624036,0
798580252206691509,4970307155233438755,0
17005045520867584055,9692381395794174492,1
8435350268731378784,8608900713364157897,1
8832429504805171412,9102554412535951509,1
7173769145613526307,10242800925293869293,1
4854751131952576874,4308602258113664249,1
17775014055579298331,464914361294842885,1
16086900829428092875,3156311891104723078,1
16275030392951362488,6642926107299380161,0
9768519115868596327,10013999000636458569,0
4286394830097738905,2550569981706525915,0
984198829412581869,2148594969750046381,0
4581878712260156783,48501511859456597,0
1812181707410989839,17035523146824322290,1
4487869922108630841,5227698270686558526,1
14935497075218185557,14831992399401820705,1
8293175631109515419,12352038218464912779,0
7790432229706932579,17036606726538375647,0
8080391320376048192,4944848528050085504,0
17067307616142653490,16156793501297682490,0
3156080435987749465,4247481398099151908,1
14310020892825940060,12940563959350369849,1
13881031703685459540,10931479677288671103,1
15117490076800876098,4707652215731220864,1
1667786981785498200,17407127593135523043,1
10581070816136880563,16023759298113126224,1
6071861766724567922,12544099679569812336,0
1764940503539237748,14457376847328392337,0
17698511222502309173,9573144515059874163,1
123901241384298225,7197869858434582710,1
5385535036118712802,2626644713445144898,1
16949911940625657443,17483768842356756204,1
15842342820180586410,6182758981888360316,0
17397689239692100543,7068512870006461961,1
9879798547615364311,8949519347516869786,0
7209381395107122484,4466845625760740461,0
9302469888727954798,7318062134201126929,0
17807750568884360977,5876988551625967345,0
14398432043182932631,14821771704909520245,1
12892961813335436466,17739989255684518908,0
8013974956415666674,10458143557284001073,0
8807774472036273917,7738496115416503991,1
17955603529443257075,13952921218734313525,0
17564331308557557290,15662298214146359554,1
9714429423622085769,1057808740863991031,1
6659841159515101208,9076397030191673376,1
8318671195868338998,2199405530219947838,0
11052227265958811877,10985508449255800519,1
14481647357743339565,16375472849375259601,1
18093580908289478280,9282443712584301351,1
10497544686494752950,1984017734332579715,0
17196829115930733611,12880877493354119403,1
14392245638812492309,16263635405528942227,1
18166418528031762271,13980168195247328057,0
9123669476210552176,9556860040289626607,0
7943014451338953864,9471057972712649578,1
14101985592386763066,15243821139315832702,0
537235154571299889,13734694923531140655,0
7781845126641275557,5739368747131094261,0
7985705505205700542,17110284187676212773,0
17287172471949512487,2527048057323704382,1
4040054251557172416,4696265594628053428,0
10730459078045814518,7481791267311225218,0
16125901916964648204,17213259348906119530,1
477362230079733394,903394981036299549,1
10322288448540625761,10271882791451116004,1
59073304501585080,7948958818375128006,0
18045508742028508944,7804702505187848834,1
615164716773483852,9215743946606921665,1
16555891222121577798,16345703943996876633,1
14432762190159709707,8746991918040317088,0
14121818186599161592,15430715821917653935,1
15404687861935699903,9069833949421609453,0
12963595692573937721,15555021216427118085,0
15203680094616984954,18410199727677282647,0
16021727281930453821,14771925915362264357,0
13415986773500483568,2292036293925054583,0
707650891305337277,12109433242042313693,1
15934595134591493482,15018449207464851846,1
2936909078681892916,8015609355425175889,0
6397185717164043625,15663945632449317922,0
16307795917456819706,14150736120166099384,1
666304404317815713,13767150442232614914,0
2221267962213720770,5763634918036436079,1
6758822282896755079,6537297822864281474,0
711064036767065402,14004680041059701717,1
378051194322985855,12435852055942524607,0
16419269094432348224,9913065605298597,1
8918476908137590259,12003807394226668198,1
3013451450879118828,3109832961321202504,0
14466273326630269666,6960286954449587523,1
10712696002484016929,12986908009387814906,0
6421623625961846202,12377477620932988073,0
3251277996270609212,13593869882110326871,0
4246119173541867126,5681154145478688326,0
8142358793617807557,14115036267426420750,0
6591093245557469923,16505371284611989848,1
352087745177727831,13457117173214641924,0
8104840230795067154,9343627769905715577,0
489226210964278400,15183727077389280165,0
11234144168400319090,16049129568577491948,1
14736779897494866664,16212003098385589885,1
11842700863470317190,10500685705064291679,1
5025587693384338173,13472364042194188736,0
16575305188859582610,13914696420874924387,0
14137328352667098656,1361416634875418138,0
18057646015711866871,15017926691038841493,1
12499873054831283877,2388080828412499361,1
208682886941254360,137099793094701821,0
9217978029018549509,5234193916782509486,0
14169877373220616547,10127413865971912876,0
4066370853213479286,6201391577195715907,1
2126598778009517109,14647172168093775036,1
5051433006598507767,3137627493094633469,1
3040059046658060089,11725611063512107675,0
9860891374555290736,4024555211322931959,1
18364944950521831265,2736392375210086538,1
9556448409356251189,526512080155871347,0
11507415095617243253,15075075250600066646,0
10179957540327558831,7029632083852774649,0
16628118719733050906,17978712566945754571,0
15168979995080352375,14263578072020334435,1
9400150795675093269,11696589068716386580,1
10470296083003179573,18253320218173451211,0
13540028395989291341,3083638966123205050,1
8277932449767876467,11178555396895518079,1
16541065054076969238,5186664711876340949,0
16261272209568975974,15398603136228239166,1
12012645964240076318,4819192847946158258,0
6906092028208777371,12791783533549817123,0
15835532246740717112,16074828296489104043,1
6271517219801645973,14963115548993695056,0
8502923974662704448,18127800767997047139,1
172042483171558327,5301569597126157134,1
4377922679745191152,2735803434011493347,1
13993087340578083767,1486595209179110808,0
2075136629159749993,12616040232279902566,0
14266580677516239789,947648448120961502,0
6495532042047357133,6359827019424845396,1
17650375648719171442,2538478865969068471,1
6582350577381962687,12444121717267665282,1
17658879104421347158,3059116546281517843,0
15861823784399131928,4478301783032287645,0
17118594476989757444,13148191149559103044,0
9196326443312425453,9721940284030887569,1
16427810460286626505,13316472649920359692,1
11826010079581254281,13560470668780424616,0
10021336120245117585,9233684253717311255,1
6477750445580836048,4698340526360186332,0
3181858719043136328,4115492710922254348,1
12625893886879716359,7119621986562874031,1
10946894863305617869,1512709100691832085,1
5419438077702258826,6450431200915425821,0
15882409795125146149,10366230054709348778,0
12893163662995327447,17112780692661706337,0
10003383617706097930,1837586314314976769,0
17851741848618012716,10027881370526184329,1
7163742900858470744,12369145715184415445,1
2488215379248211936,12616651355620311845,0
2022719183560697411,2009048685715194085,1
16491089782424586607,10269245832830026143,1
2841836367305577781,10715204634996650489,1
10694709619486450846,1681641578216522424,0
9625601259730424117,696676972063706824,1
4396431325073354845,1479448365168605252,1
14294075396184398677,14172530713759889361,0
5298693774807795280,5578011724749118946,0
8991246161332742050,8281587014513451445,0
2631632981247826745,2221753797139882732,1
1750786574857885948,13605339080387258700,1
17007824847972256807,145522183208002884,1
12775747841417484211,10484317677482647256,0
15531747779804647459,2120066752309246457,1
13734916671234346995,12483868911889123668,1
3255796797063446955,6428194779537920138,1
12544480753732940136,14160802623450190438,0
6348174749231913430,16015536581149196046,1
17273857283490879802,18209621943635803659,0
12088979508046523512,18344536302263698598,1
2401617174750195218,13761994711449393137,1
17563468694238192230,5198279185259122933,0
15081800380284445080,10957177581939306856,0
10608849996870567863,2771957428054157828,0
6731703689200293823,6729177840285930738,1
11588606955588292678,10655456492044121966,0
7044862065134357802,7407457472899394484,0
3868321164220596402,2949551230348942105,1
579076763523045339,14274338784771227293,0
7279760441739565506,14095797043164760698,1
12752787358974745892,5204481426347652988,1
17077686993857530417,3929585631417516785,0
10143070356931440304,7223830185198907495,0
2602006420339151680,12542520451271527855,1
15661074818770932420,15014701188290141085,0
7077503403503575813,14375765932779600622,0
1319541409720338762,14117247694810022685,0
3671829936242667296,4577612540665065063,1
7677757541875519518,13219285218432030931,0
770115852143615481,5966439857906052666,0
1229409178039550732,17612543359007753262,0
1606329386085702362,10536325693882639509,0
17820292596918174175,9242315842247720536,0
8482680723421989145,11907887512947907408,0
17948217089892967026,3837382298886435499,0
9904770406668732059,13137930390006640892,1
13039270044323332654,14164819421717964328,1
12411437122037895383,7570673234894339592,1
16041425515302359942,17264522385916214428,1
1189752185697849752,9274624910236866889,1
10124005613980547705,7997174996096135476,0
5486659286182084053,17713977282172248139,1
15908270131313036292,16460600036336449621,1
14141320818918175680,8561670403347393498,1
7284575529387494928,11952938793743778871,0
10521649582833672051,12341645709262989606,0
17440072263600258864,433818317310999747,1
12292602589652023267,12395638398405248673,0
1385436234238641959,8332508106482399534,0
16708527920712954569,13038892099722385712,1
10396335732306255424,11073530273370519295,1
8664455034369010312,1387405652296912478,0
4457427245510386635,2395258964145791827,0
9842152152246835757,7925115926059365395,0
9638072663950276438,8586356698706060136,1
17658626881475588255,12735895657362282040,1
7586093686360926160,12213084081549126086,0
4193957408532632650,13437938651542568321,1
13619817341992292959,11402390350169874905,1
10623130465272750673,12183699225287886132,1
8051048731841329427,7537085204226881034,1
12240302738344150126,13490379822061822746,1
708591856657204292,676323825663087586,1
14090294277051446645,15701500165420263256,1
14824300130002748632,2878867833986510318,0
15904424574862644890,12651502416987453140,0
2346757648905636918,7858795902597850591,0
16182687418144139638,16407774916727234296,1
930159595589949450,690911280353943344,1
8880943851855652388,4189790729195796564,1
16476579084820754886,9890184369571663751,0
15547629137280788352,17791943607924562751,0
2294962955578892701,7322636772071848080,0
12186202890662670354,9927804375731261585,0
16395304443508865008,11685908426294920884,0
12462322427046816765,15070477202138605104,1
5972638836600484348,12661626676082299336,1
2055999784827504187,13507766714985108591,0
3110848925548991642,7001896324982849014,0
7135010700443612015,15303098477736704234,1
15824231000509097073,18111800292902224579,1
12985373444102461655,5610019418636829804,0
14811051169530235231,13188436078064310736,1
6225627620230120021,8450425805097191284,1
667363302902777965,10405692541815481406,1
15289917549135732846,12363371749160525949,0
10597594909894325540,2558096822089516100,1
6341020393820457942,9335609633660798247,0
17229917973871638645,9331945397305105948,0
8924733688295146896,16523842023325284073,1
870389960053727563,6217312340335667731,0
13612188197672244314,5926861025337435758,0
14607810063262717286,10598953063899077220,1
12382912304422345684,10906966058635781267,1
9924329410866917586,15416584883265261993,1
18305209358793821843,1736252489407506515,0
10302122103616007220,2060621285716282116,1
16403305727638022801,16265135352213093062,1
13855005788332323415,15907626253110291587,1
1122147998794944111,5148932591571858846,0
9643858800674443893,686773553498389689,0
7169023873547097549,198256797900117238,1
8255965112647431093,11738500330704659826,0
16764286591952955014,3777916043338063165,0
17778866490977290326,7261071726562817735,0
476885734287274904,15553230268588425673,1
2684389997099139061,15954491590436676534,0
9478957386190485931,2432346681651399792,0
5666664771760684967,3454305230451050351,1
18446235563809383621,14180480123471886030,1
4261414143266256814,17535255400054626854,0
4768894608354610260,8015697291935353025,1
3827488656229819141,13828807223745593093,0
6158850737202725109,3854372738501285327,0
2992345363199202063,9567975935438150856,1
2055146659784512901,5446805641379362775,0
329893487632435812,8052846119435662396,0
13558040290526194910,4431080881279987863,1
12060232828742562576,11494055690922457296,0
9905196824331238696,9354489608815325260,1
238198347277484119,9079271097941549638,0
18215374484201710392,2481804432530490300,1
11848977837051520970,15439841070653629868,1
5334049955609741364,3297574652559871163,0
10922580478474650595,6318419974961962706,1
12752490000954366291,10144579159353162400,0
10487759607310295417,14691354460999908777,0
11281765321750376029,15184606942023882464,0
1407397901637391560,10585444046953319821,1
2885748947334015538,1282051878360449065,0
15729175280716605174,2724099162017081700,1
9748207466984273735,15382239585473822741,1
9999551046946048730,2419875712336554188,0
11494581695040450316,11484166756728812650,1
6580822783768164856,10782488433885606078,1
12693899689125541165,15039400026079793163,1
18054719713736357705,17405603568230822533,1
1720182671167105049,8273024768705283998,0
5564763745342473018,8260680721525409330,0
3899663865344149279,13801363724432745360,0
15265234195815125891,1544728235132332135,0
4948140785941185193,7562425249927572508,0
11268480113564871534,9976479369336352867,0
10951764620319187221,6900657272983558921,0
7004503007963914539,4153243368259638060,1
17277242375332873987,2651728779405146463,0
11962745854542763193,13471632672417428634,0
421010379035370911,12128517192920353665,1
4827021125281882537,5859129617607979760,1
15421865651103665041,2999181344821445933,0
10906764852225212581,17465667428498438622,1
1503686564235182808,13251121434201064994,0
13953367587304991699,13853799167593554610,0
9429530123801247500,12954879878575660075,1
4810827324436284607,14758486263897167365,0
8418479804799202697,12959884707348358187,0
13225218027126616208,14792028447703888465,0
2368369779663049789,9711155567086456637,0
14483931517199804951,18293473820113769030,0
10244597845864176144,5603583104633578446,0
7965026514521456665,7681887992765425804,1
6849340348609636549,658375779531143333,0
6073513709053188738,12785618827212942761,1
6183005321393624007,12139269374116639966,1
3542907423510739752,12342961661494285586,1
3239530616228784310,8638195811321377790,1
5677142739106215521,13973195742198966568,1
13532748574646971115,4997540791031312478,0
11284944229813478447,11457641698929134846,1
11223469546488491710,4241892000971056737,1
9443473010567112191,15692077068881687523,0
4568011099405467522,11972077818997848219,1
5270083881940849728,1257909249421143304,0
1820677561948031859,15636463827407343672,0
4672879009681598952,3370520547807817918,0
17917724131462536931,7565566037348584989,1
9501858542476503417,5669581236163875232,0
8755540257239429609,3682194234219566817,1
5126024744025181086,5505181304777197055,1
15922651477528129655,17729458885743198907,0
8533986990770501680,17653197103548417571,0
18198320212756319312,3394349499288343078,1
16893934824473808512,12413073152190333844,1
7284538912802626181,2373125634698815084,0
11608231293578579355,9052145202491925448,1
9411286510990783693,12655037239126425716,0
14110925180053349439,9443216959393040508,1
2213375844644191159,1919857367895758049,0
12982258926625557366,12388338422279354657,0
5554114917395767341,1759197630270312431,0
13339090334437623110,1683732289738361530,1
8743872739492879602,11558730246774742248,1
4236887442777905932,9694652969856053806,1
10837900143818040402,6410045566051874226,0
4753287081337975679,5964456249750274413,1
296033639100059392,9940465864638815237,1
7455470839172943976,2868950873480111691,0
17504629166093724669,4054837435715316741,1
1946375334653836577,16403775891041536482,0
9052777532914126134,17565278698629219372,1
16857483353167715319,4172546046496320354,1
8198358694296190107,1420224490601354152,1
11646002771968014989,17480203218396355711,0
8249849398762656164,220090499366360316,0
4670949415497484782,11115319909961724619,1
11978712792015823938,1514941069628930842,1
13336521710246756257,4294413805262544958,0
2504381105713681494,16633693993596294724,1
14315795199125740777,6089286278679159958,1
7221753993866974119,7195682920752822810,0
1782856106106589484,15903352795690239444,0
12616965336684434334,11235269787313895041,0
6864396595373135810,6360696044487258825,1
6158829827684881744,13384534895336503083,0
11427139839352351101,12461050127805175592,0
14115977199241475301,2447465026907658401,1
14811578582219700370,15937890872259601357,1
3438393540572090162,3766688209568756199,1
11334085129433144700,6444585514242963610,0
2046519015997918812,5218632942577812551,1
15671739169384050586,6454368674918009798,0
4597422590986662718,1129143682461893480,0
1654289078554433521,4963402226138307291,1
1100428435981827202,1539008218459492959,1
15957764996570821880,5491846906320028259,0
3181205461822346134,1057646384850626207,1
1972278325089856933,16136593487800211552,0
12211182781851510764,12449439895596300894,1
9763624548801339639,14151650481788886175,0
7174869055260364330,8327984021021404858,1
6148450712199020155,14184807325977749039,1
15968827552364776992,16014131285480824352,1
11730917391235455202,14528839935904416321,1
1583704348559042097,18252944550782743002,0
17289715007632785356,15722002828085220293,0
1620066407924393005,5063155893283290334,1
17136590776351601941,2275641468691171795,0
9799322745722524772,5494168368830332481,1
7043576176932295783,8975927216735430940,1
2288124126811163455,5585041757940271737,1
17838815713681291664,14581252641390264733,0
14647257001914213380,15686891956421730240,1
12144221429623694816,10510786939839036708,1
2949467092722669744,231160990399614762,1
2568087537476456558,8825336355336554117,1
8142857168197410477,11360679915674635315,0
6883376423395184694,13761503761206806245,0
8106428459319215254,17485322836103792077,1
10563773607651256710,7573629044507510950,0
2066120592151265460,11035960047986934439,0
3290310820525015927,6529798649161973569,1
4672511125150047567,9005597292584652832,1
3979272013174585878,728093232267163659,1
8432050111997110855,5189158641572195507,1
11671482530511027262,4117125065173758199,1
779378125569696415,3442909776006641520,1
7920482006919571624,1543078695953772711,1
3771406221328081665,11895983097836744874,0
13597199481604710523,578208584225529048,0
9300380351512906478,1557588502330503805,1
15532815684760873039,1928165769633922203,1
17549436254410230809,15223782912106416704,1
10396276690256494744,494151779868791916,0
8032493421578161382,5194692984766686089,1
3911317994040157708,14152164351695983807,1
12567126506296018800,12509727674617321404,0
876533696996661847,10366921958476270709,0
3403130890813807972,5343575460850797544,1
15673406454393496536,4632215146705487858,0
17256880236695665197,10662451738706408181,0
12292175887763404833,1407828367732609295,1
8764417513149587973,15379966582579915762,0
15915386124100004515,15248986508000313893,1
7948192816992585267,6410706484846397617,0
14472099442264040912,16574764323934932207,0
6917693578355561313,2918801427704039771,0
12309551294265443417,7932729905857728374,1
1335812150269371658,1981354586915072320,0
12978714939940498489,9303779792314784093,1
5419580901908818612,16582025330321752290,1
11012451473983593953,12041989111347729989,0
2211600487547330937,2825112695489281415,1
16247553152880112401,15563690833759497809,1
14522299945840746418,5628597788620538545,1
1742290511636745115,8226306659241558759,0
5484165920857119907,11962979869730755082,1
4575203474003506517,2165719012922790731,1
7305022341726117667,6015964496632380947,0
4733824760031248149,275750630399487558,1
12352616734229950706,10892693658834377530,0
3293064725766547794,7737604841578190720,1
15457132709844517393,6859629696279675066,1
12146465825875517336,13041134587164372252,0
4214553860221805213,6594170898679528274,1
5737427839088305788,9030492398737150258,1
11823879671985084709,4054363600265104986,0
14565480997996948417,13487703999787839870,1
11598380911679876126,2436504363382309953,1
8258848405335088493,5220224672476172001,1
9544532260219425698,14604444314661036551,0
13412499789541929629,8911258227195804585,0
2556031750310989464,5409722087819546862,0
12637149544473819949,13284141931885563682,1
9683987646148850685,16926988871121812834,0
809801404885182493,14508054903429754473,1
11123807268400751505,16753016610607970455,1
7954596115811958934,15931557327123020220,0
6052939148307528751,8977064649599043790,1
8694916241461976460,3600136154323604587,1
11693674666793088392,12443482863934074326,0
1034768069967354846,10707071797630840016,0
12297289827538738786,12372280530195341224,1
17102028958692504419,18047528266059251394,0
17039806444266770430,6104874987870521608,0
8894733175584129865,16432137016029333360,1
8435217274336980691,5130376101262829619,0
11410328567516684148,3367506819337303776,1
7841056150855798313,7698467421440552781,1
17312512279104611378,8601006287679919103,1
7312520450364940364,14208395194922071312,0
6033774760094120748,6430962370961048214,1
10200565736504660949,5415849633441650515,0
3787852895749974154,4339389422570460627,0
8241809158177182657,7319866043449923051,0
15127687148195016564,15655716064216767032,1
1991139829493689197,5917130350554669625,0
2174990619737694537,6279331556362749978,0
5797600215045011869,10882820000002601095,1
2192785960697094048,6697217070038505590,1
13770240421233319470,7221533645090592835,1
486621059915777735,18156262128586273867,0
1445895471563625789,265778555091135367,0
18231197573613493227,7757698581443087851,0
7517250716183991665,4875230021971988220,0
9398224375478703692,13717321354330992481,1
17932724611215249124,5698564170689108043,0
10251969650982093245,15996754541933683219,1
1996997222194986653,2851131243448635102,0
8522777729214924930,5814832399678266997,0
2371642462673375939,7704851561895629186,0
800592130164974037,12616544160705272920,0
4353653821759183305,16421698723041706283,0
2542990042489393814,13964820122443138536,0
18186403918182358513,9881733294556724469,0
6353083066877564920,10317684887256221725,0
14463146246578553187,15087116766861669799,1
1399871806680052475,2813367236630860424,1
12814628956363049575,5360705945070789795,1
11894446832399711802,665538875191781089,1
12519926247194551379,13636315169047702374,1
196058064797553824,16401382592014852236,0
14979459815716250913,12213202891971499977,0
4046812182400974445,16925058079786221318,0
8382483911812602640,4336949791239085381,0
6297228438635262933,13979731304069225699,1
8467679917219859908,6319506028330543794,0
15043349084255771809,13612360619178906898,0
11639444326085745306,16461783218641368164,0
10815545374609123474,5602827832305297800,0
8929052562012403248,9643539416781408427,0
13507189871596261010,2319706782437882697,0
5156794720526442137,14144464804087692509,0
14982813658275850083,4596384257237099804,0
12556786012138572532,12514614974141209352,1
4436562966084527374,10478777144188879798,1
16483408264945770975,14435043716040144180,0
1510844808423901216,58241747712827587,0
3137243993436389701,4891828328805346650,0
4745390232907184625,2659112873772040908,0
10762676572592676852,2691894533030518310,1
3319727127301517746,1092409426446974238,1
18104098031465729718,7563904247789832924,0
7406687467667752509,12473930467023533890,0
8298496427502759120,1511618719019777258,0
5101748575998873507,9319114086333178172,0
2621337811790421710,7706348762956338718,1
4838792085646175309,12928143053054124325,1
17920743478726594218,7790069124517527131,1
11680406943159811216,9764324686911989370,0
7823073927263515884,15926824590097413328,0
8778732312319486395,17124400132322339938,1
781172588144246067,18282496989047764119,0
6738446370921434029,7804183668330880140,1
18221710391090136844,18299175861911701330,1
9606046644026918431,11911628094112063756,1
14921675035469579595,13449224856446017554,0
18380288562128158929,5822787672698953545,0
13461301919598497210,6220506628947911955,1
5455677535803046169,4151847650070576341,1
3222777102740844277,12436878604629638758,1
2197891383128966955,3795791830452843069,1
5987281807796873031,1279544608464644536,1
17862309239420067816,10281531199273861710,1
6972868818624756142,16809071109561511378,0
16393702523360244746,847010963046504594,0
8876407943591748929,1671472320962795648,1
18380332245936532339,4997487880114496452,0
10473256444494763582,9273981439742234727,0
13594370337173765088,10274582067904111716,0
1452372542903242145,9161397693697508877,1
12008992167346104189,10569800337714786791,1
3845444057363776179,1180296818110036138,1
8101043564212869861,6396935357367855950,0
5335917159479136816,8984202634158797541,1
15898929213461475469,7079161171672937519,0
13519657923312300431,7675673456476727605,0
1832999596997468765,10728559994281370810,1
10665764091817767039,9450299441414827562,0
2642924696488751730,12281905606981642478,0
12566307764911736709,14787464463798060800,1
12100596675059876708,17804208382952247637,1
748211450360155852,12841740570622535790,0
18081202585474936131,17130305056910530837,1
13162696526231883776,14848494304505348110,1
16715130792925000954,8891406837105573311,1
15520900494303029706,9183763147552670386,1
16396977301721148495,8277674826033776106,0
11684426773820669043,11748568802730171420,1
8120317963013741073,2879519406145262826,0
5717567241429649129,104114541724465490,1
15678882056074617113,2954879207183258469,0
11538834194343884791,8763612210449905098,0
17520707761769308660,7647845425384881324,1
17038257219641405447,15271070823340335225,1
16117290525984512241,7109646168996578491,0
3602975234200578739,15060156423966580200,1
8150907444324151101,4005760167082343527,1
17052017975401139688,6312936830229014606,0
11973933141665137253,11675463029392692870,0
2474498814126133608,800145471703388071,1
12861311851953762849,12378786965485571440,0
17097378712006088473,18187389522207657488,1
8033509256007433709,6489265380369105668,0
14582056277563742583,7082482662266184124,1
14570905615620377723,16122812036484167533,0
16354574332065913848,4580160690978139697,1
8635977074070215837,8701852116378930501,1
2444815639783716748,2190595157322515284,1
6684730888178884034,4986161162332124281,1
2761073186784674647,3238125356015036975,0
651909637624197197,4822957435772071220,0
15934981081693703902,4378242255943739767,0
9630247737682644443,664168946805694532,0
133551912294078345,3496428626080038235,0
14066267249913689963,15154693286006503024,1
14173030510297689381,4452575603990241885,0
4129656931899305626,17265612558833069691,0
10511443813674656336,662789611472703685,0
7854650753545666573,6779841703340513654,1
6569741195962163999,9697861662030211813,1
1994700007256294989,13253000961340157715,1
15856515788092594467,17388063385757986060,0
3223744545472868996,12174222408020632781,1
2756343877459639859,6132483683127280251,1
5762872786882183105,16998225902622321492,0
3255047272409466981,6528359841376534009,1
13464998294617972040,3662673982346568061,1
18096966378671840632,14958498570199972579,1
13474532311101821125,14725862015873896722,0
8162976039508253881,393631390052570714,0
7881229828182944003,12168813586649903453,1
4118638880881167987,5764390575888971250,0
3503171209955322138,6892976495706881099,0
14736449799380787322,15579828810106894124,0
11107301309004130119,6489318322808058217,1
16688384356416104727,7987557277844909859,1
4617582207690560301,6125378574902442743,1
9780063896055671011,15485930159506580835,0
3794361631937056966,7037592516922007642,0
151492320313477283,5584233654142034062,0
8814898416783660245,8889842438004535293,0
10721357018081814527,18228361225515142999,0
2990570081607353517,6822961872265179075,0
9177853087471770200,3682550904960769028,1
5505570037378958686,7424082064955443398,0
3647782428873500765,10209165895956068299,0
2557005453908105097,5395765529627166839,0
8544691985289102112,11875694427173835996,0
4978180671964499866,15652782638973029885,1
5206027169680200977,2200312429050661622,0
5221210994548222244,10960199731399425776,0
4700103264954620574,16095480018701023082,0
11071221775284883425,2489808208592267054,1
6689121459191343918,5640055173833647256,1
13448935960012982070,11434376621072274160,1
2062789211342897665,15601153822968532615,0
5303629616886223331,13876015492678741801,1
1520150681625508046,7381159691752805719,0
2642401370945196117,16948446827115538515,1
17212986027780578483,11169413953939889632,0
14286857414176172815,4274005610331650721,0
10733527005807824785,7333281682067320592,1
8601828516407612075,7390521385077867252,0
13838725458758612948,10192994389489788135,0
7091153676833387634,15808556202499013616,1
99912971363650493,16628365484081804557,0
15329000759508655570,13502533563985470637,0
8182991102030837502,2502807945136112467,0
15225022161969291949,4716334758429134040,1
9245451162387100928,4327276846696850943,0
13018386023898785881,8960766290677719295,1
6492976871582827408,4624834909771762877,0
11951366689672704002,11284124848792948796,1
12219429612092033196,12821386895086418374,0
4470583004545194135,7150111531823551915,1
18381590982845347671,8331449460703836523,0
16499275010167242767,8355325448231630865,0
16486969314008395795,10033716628913619814,0
17891790987402140943,11406776706470303073,0
12044013859397378556,8548245362374825677,0
9356562354086448565,2209409206430368241,0
2070697747340127744,6853365095447915457,1
8530553310750343382,3911081351648248071,0
3341054458179528817,11105244148474089062,0
13907571681512637803,16541459663620845053,1
13235613548217359120,16998309841456721383,0
16335143808433276479,4106084950760416599,0
4302726738598732601,7349756610019471930,1
1308633000722901099,14808939510042788258,0
5817569820000630099,3645795525055710450,1
10055821453690319409,16341699152481965174,1
56484659455097085,505114717364518819,1
6418023997031826046,15421413861632623958,0
1403766898553014054,9366549894270007528,0
18129728143158466749,10614326015214265225,0
5952769629559498293,5555605229868580993,0
2524693629845189049,5515963643553794893,0
13424165922359075205,18396301534251776771,1
2786685735894205622,10412397285209810872,0
5377568821850361057,17256849175424282366,0
13649898774788666466,1612444577040100894,1
897062758935816609,14271163726920180542,0
12931597490267629223,4233800295812488287,0
17990142356745280539,11073545683557660930,1
10409703692039790075,7431193691801399140,0
6242490805867849311,17160663164452300537,0
9814481629265819345,13510595085147704106,1
13381629508223940461,12649306593956583266,1
739566967316752304,765220337916948958,0
16408596421792572976,5730039038027824430,0
10409205096021439346,11197155634374908428,1
11445158728438395051,4490196052063958415,1
7912165830611784002,9647385497040246698,0
9820230949149327135,11373049399145521961,1
6376149843964154634,3121497300239593534,0
15260790889006966760,16005059775132158723,0
4539016593993970375,9457782032498700857,1
13587761792716225900,2222136167715793707,0
835584646609496554,7830217168583122022,1
2314039759671454058,1443450439119665597,0
2149979020339450623,10056954131211453626,0
14569834038354395087,5378286746028365680,1
15089143115962578112,3951256821132628075,1
1847990747373884920,7275869310456635491,1
6782610643431356655,15648580045869176507,0
16099382097187054792,2619076010715899290,1
6691181873863140328,16708030147441032545,1
2423367669487733676,11608073387665917961,1
10463193394967518102,16103825475877414214,1
6032161740039933241,8950408948187300424,0
17321156882018184989,3512266603481695565,0
16505474396680618765,7470889992682499169,1
18136060765285048256,948858007528174673,1
18209820285491911620,16550907821307869401,0
8605652824059284646,17761899194977589052,1
4200495922495816984,2990163766527082237,1
11147587493587308873,7109516246200887987,1
12924816336850227622,10354345578241906580,1
9584722257989041632,4073478762533625662,0
13341189899279220067,7529038491831178833,1
18361445036944404797,13083766466840871973,0
4247354253877956438,17810663031469725447,1
11218149502720476594,13455900386056569891,1
6426757985312103369,1594204015467214517,0
11795198649284881050,4305409573311970469,1
847434055937864530,14884015255803882552,1
14373379523924437860,17396792404881818844,1
11660905774452608018,5602869629123059753,1
10757703165012482201,4622787088387169973,0
11093866866944068633,12909379138207124252,1
13601992059094438491,10245061233191889755,1
6209321593762932649,336944298218403135,1
14113737111221790496,6026528531022997385,1
15288971311283968888,4542802893691523117,0
363283602342288244,15990111722278098691,0
1259532363514184828,6646097841324308994,0
758857406343284317,4217694653340726633,1
8016202475268008787,3412689202853372272,1
1324208867844923988,216917773730017590,0
18385069430289919168,8508465401918042547,1
865864980280037690,11951625641284392919,1
8956428775665530464,8956294955034934707,1
8086956532932095823,6521537364767249860,1
1441749048273253990,13027526892324361447,0
13479226659441100439,12291375297465491993,1
10027020638453796314,5993723805779438825,0
442869617503694800,3193847358636556021,1
9057762100809061813,13710895131306317785,1
17718511376244132229,4462824473929519000,0
3009928434121569015,7114693985110194323,1
6783854410547711960,10584872705347086479,0
3138817438137862087,12907977486567451973,0
10393965139870414085,13497197964527245731,0
2889758436464019632,17778134281740040626,0
7311324943974976320,3076089379289737907,0
14890871031922019020,14772759828201987935,0
3540318715572004632,2860518933308970641,1
2103180150013856874,5195846081865777188,0
15116873699057627303,11014215768525551280,0
4674874852305637080,10106050795579272867,0
10613401891762100335,18350125547291969565,0
2269325413251394566,4375982859976094533,1
11557844881038336296,1266633804674879070,0
770549399287339008,13977083872042415039,0
6959774070958308083,16440501592124779807,0
5365692278235614422,12939846822394571950,1
8746100047238923971,4530147779335598102,0
8107876565938016964,621363015302474383,1
3113237648785711667,12525592950195127548,1
14344191836431257747,6305598998471316808,1
12861161210803741439,7920726913569171793,0
14755795809664502386,11387191480738206503,1
6087759279273668361,15944093978395065214,1
2809783532630863935,5915673160494436168,0
2570596969243217430,15668851822901417229,1
16509942617228674321,1631088413658505629,0
5790803219019537491,251467075062160995,1
12219488013161709234,10233375275831560736,1
13802190086578031382,11679578574602210776,0
4011845728354384926,12847196588829438257,1
15028094012031530102,1149131169988191339,1
15960204518277064771,439197194659780286,0
6005378136493453669,14340428616862282777,0
16246941235931031265,9302407615804355218,0
2086519678502503853,5904439175890685881,1
10293482440856649455,12489739787412475465,0
12809760943051200915,7099965536171892733,1
13326544541869291937,9034314062921958405,1
7505082626791785635,2779673763748194593,1
7201478329298730568,7639614639686752821,0
15836414230790776121,4536153433701022077,1
653853879563566720,1276057111607714865,1
3908930178716941585,5857991746535212344,1
12483019084068993442,4430565072497285559,0
14385424309344585638,800745374442965241,1
147361946416830960,16695417602501686547,1
14597016271356927071,6894564932472045292,0
212979891795569278,4601829970326469865,0
4380990570558338706,7543072234743533823,0
1276069126276606645,17756482539819628450,1
10278756784177015192,11262616851123736033,1
13575572921739412107,8562918318879438401,0
16094579247029728023,5915993699335292308,0
4270791787523312425,18371557726061401960,0
9024035718865091396,16676910991215605318,0
15823041309439000494,17131039900732812670,0
11088948191936795407,13554493186894825132,1
5885985622499054019,7186445432629972739,0
16703686886166397376,11216461420865708354,0
5014222286410793128,12001509266018548116,0
15324895554347812029,4546821929229318737,1
9577941664251630028,9738653579961298175,0
11385221668854591218,6292327731551253335,1
811565239001894420,15979124450119208671,1
12597526597334311276,10385297143390265003,1
9138536100916608650,17587565968748579268,0
10656293342660303398,9317618226935854683,0
308695009531426112,13640890581446951882,1
16143378528995130546,9796124401703871089,1
17030109026887174908,1582809150218323561,0
5533355823010308368,18196331128436750299,1
5977240313091685696,8337879553373200183,1
16850384852274389074,2728289084068899403,0
14309280488223368728,16032418772873776122,1
16545689267091972585,10317651420736840631,1
12652621268242291972,13789067278513433735,0
3393629513997699177,16691886802428714206,0
134848707540707489,6768156044405903514,1
11057169838317580932,13901557067869426535,1
17643748414500063217,15438909562653373612,1
2599013601982821940,2951863301525247895,1
1499816199145866928,13538875737040743811,1
15532206925776669262,16593855922419614449,1
9356634431124337620,9405880136466071901,1
17839664368683180002,8230214188935796782,1
9616717890044714554,3522553723263291027,0
15057794802445466015,9685044431507649299,1
16511749080693430917,5637818129108025434,0
8277761388041996073,8492706184245669733,0
5902571223384913720,2608876479082205858,1
73275793425715802,14558850586301046651,1
9488603905181665195,2176838756761926957,0
7383196340311544350,12375386994037171391,1
1540738120624745617,51052394195789212,1
3748726698226427772,16990770763734483790,1
11487483043777610415,12647688157650469380,1
17875274767470739764,9649984253275919560,1
17379922007834660250,3558238476694095713,0
2375600065362346597,7781902663649020625,1
11323758089402454487,7819685177302387811,0
4633161890022169347,11708972324972722261,0
18131802989723008055,11274759017962815222,1
17028399349939086177,17935013081724902235,1
9047813849205090611,11978539078577122028,0
3007728671311345278,3769448829043229976,1
5894237812259018296,8638595231109854652,0
12611130079255592073,10787762755688920338,0
2116245078515468582,10474892527137286806,1
10868944569766611047,6169277675157381551,0
6746510192880111055,12140813932827855233,0
369318925437587588,3488219666685290177,0
17810945001010959490,2824328769019789502,1
11412735930716110526,13104966196322314153,1
9700726502039197794,9767533677405430548,1
18125883687506493963,13727127351470882339,1
1861482188536439602,16773616719938296912,0
258243672953607285,499465905833136880,1
2320010058357936075,8084229937058367179,1
16590152420681227491,16896555477674949607,0
9469842289934087429,4980239375576957717,0
7629487805348541523,12336365957811397847,0
9359159183992923933,3017172029254617480,0
9885342642991800890,6763915056679544748,0
474413512355806556,3928041566552567989,1
14638942280169009230,4106886716234142375,0
11872319108789318957,17885867591798416176,1
3325114311236932783,12205740154210418812,0
8181864586698806099,17471810603223528222,1
8122253223754230879,6052040148154676708,1
464264042220882102,1002544884817355010,0
11409545465059156545,9804686648723423129,1
13143301349358521087,3604612317578982927,0
14316830693679626534,14163123505089364574,0
15612364616430235607,10754023282930538119,0
727751618462558839,14533561680939433028,0
16110447261687159994,3336398387667455206,1
9327005627965468204,7406181226443387539,0
511584365716278699,11192375405491467262,0
17556887228772676140,17696586642709901915,1
98349643637710555,147372289369619680,1
9169523149742080337,3916989871107100135,1
11422768797642898596,3318936032299078635,1
9355422719971214209,15980873385022385734,1
6107296786886696224,4059580978570967272,1
13111540895027523168,3945788043677542886,1
11510671039281134183,5725745802511229434,1
16313576081970234936,8614763086528521228,1
14933477832538626597,14635862902015777891,1
10524392622886365487,4720396488938820592,1
883533860360821463,980217801409286873,1
11424765008121671556,1424701495177023187,0
3375293549782637190,16608736872881876423,0
331991817993386413,1809934373812185772,0
6932658750393764515,15929980832793668519,0
6990952325596143247,15698390744730001371,0
11638480511323976268,10934245639596386192,1
6896921677275847432,6197112092008505680,0
1945058417593913842,5741416160408974944,1
10776215518704520775,14933893118323520443,1
5233745585785253901,10304041051545679460,1
11702284310957972676,15979893127283991217,0
12315596508452173055,23591877261043513,0
8633271060975728564,7239631091514140982,0
16696938187251450746,8438797787120160441,1
3321542550662062071,3735939378891476363,1
2644483890663107032,6796839982833668743,0
6258554770076139527,5102239698104717769,1
8993034307625081327,15013555347684450657,1
10467855547506526306,12812265528891913389,1
1047448692162696950,10278005167624360096,1
2294241466607591992,4589902568050520424,1
3780016735423648644,12876291366643770737,1
8639600209840238847,4824404495996726460,1
12717128583106532966,12206283352139556988,1
7174437484828499897,12680553606152390149,0
1966964843377466970,10088482372071807552,1
9695559921452709355,2560122075111561341,1
1678982416453615189,15478282418220001648,1
14801659748647384265,7990751074441691901,1
3729605691029779926,11691013403475317981,0
12996417517533403984,7728393388133683103,1
4069442232649327540,12076019216762494904,1
1546785795331720539,10666042468080348440,1
13204809376674973312,9095192225017884885,0
1785492863459360905,13861889100728532462,0
16840635596898262611,6397521598979801507,1
18378814593805872476,7978670515734887396,1
7519641030509594543,8690595470983694123,1
1209193066416997718,9956688983609724518,1
2661832103337534880,399050109493515517,1
13215498007437976824,1452840261416472962,0
6111424687669151914,12740694687969097638,0
5791080539919572906,3463214377102583902,1
13746701957517205918,14178174471725425098,0
5691351262312080919,5402939970894507899,1
12408281305813146302,8346370033306832898,1
16107022498001429019,13178366328743185467,0
6661740808933097509,15618357952834030633,0
17539215949057502617,4062779191408342857,1
1651442850204870111,18043068611082459396,1
13935148535109369792,2587228807225300866,0
13012005645501559899,11901042289534546794,0
17232344629672505384,6200769697404668018,1
3814942057971242911,10939269706548586900,0
10459117962100215241,12753446968911654830,1
14287661962102142924,11849343504875537192,1
7319862700426297121,7896267661411243325,1
7481833096409989313,1295364706640007789,1
2917390138556372572,16095730895863206636,0
2423269500118137150,3075999529257890588,1
27585455834356142,10555250799321406963,0
2341220746321367788,525222974307520494,1
5995769050412573919,10271907306895584658,0
2738582615979048295,15341761679135071096,1
12408825173603625380,13142731057989312369,1
10249175720136990670,8505807241266198373,1
13473607697313502032,16933492341974746166,1
454118965180570750,15169267980204288428,1
14791121147043933431,14900276679723211683,1
3973507774575802909,8539864720839310230,1
14688177069164677622,8628283210401847962,0
14056569753380506433,2405891646546162078,0
2125259999766048348,359365261092118140,1
6318531204095649444,13705644170009965455,1
14636646339355492110,7098681952050825977,1
3962752375806327186,17878030666589809957,1
9153483530560785586,14045186236645798359,0
7891551557649117296,2997091990658095056,0
12616747921429229318,789295177891514555,1
3243023361603159873,8732167480669859261,0
250748379606469322,9459754463009402932,0
4206544767948127179,8057399648052472135,1
7096328197071075878,1698766559788581898,0
2203603298669914127,3031677337872759743,1
16509845159366840783,5012885238757468553,0
10138249762133713227,13877477655636037728,0
5153738678501689191,3860453535290128608,0
8627962733998325856,8215685519353714803,1
17601051377804664112,12939998300199810311,1
17491279313617878055,6034185467323075064,0
2156142017674957313,10168485400494365234,1
9750939769043488050,15332637981488042778,0
2774465056426999527,16774218517341484026,0
17876546498857981335,5707037165189272131,1
17957762782371455950,1257813621785417564,1
6639784230305923661,12823218311499460680,0
16525924000943757257,12398827388312638559,1
4741391376742834440,17943152230149480771,0
12624449856508285814,4093563517110376120,0
4924132517437433778,12260928945391603706,0
8841368787451474460,2694256142409312670,0
541209947284621688,2820133149172090829,0
7387937530126917458,7247656426066816374,1
7761962940515333754,2381248142909536469,1
10842836048555506104,16502145225276036872,0
14724536120820936476,13731272951272301740,0
17001603837150205559,4718448440785456993,1
8500766959893255960,6957492224687858152,0
2213911667519457958,8936918264784978829,0
9398568303030045387,10909651010679860087,0
10845260608723653031,14445246562722240365,0
10619473835928215034,4374370904245767711,1
5765400575605042922,10122457538591019884,1
2699904873416917223,12775006966526860082,1
16890020661011997188,1203621298949276308,0
12130876852234073213,11877978226714161397,1
695681332837820014,15917058133179832962,1
8111474627551973631,684681797144723035,0
16109546702250207651,8845982652178489486,1
10659525561051258970,11252930593831694794,0
7519947095381750772,4926205031521291405,1
10231763699553243365,11129207145806284406,0
10833240798464398113,10515189500634137893,1
17960790939885412172,10407284641238258445,0
13069815598752404555,10384046492548926699,0
1237624149327264949,4384390298509239337,0
10582672477210894391,16466875108994434847,1
7087677844628832634,4668116690018182790,1
2056797161112174614,13356130480257100894,0
5961658120654480754,3640683218414471476,0
12326541808111686722,8448661470255532648,0
7366019327166268290,3821948362142793857,1
8009695378303474158,15759336963641573986,0
1467999020700426379,13976229209827340347,1
17846672882652005717,16370203950759501338,0
8547468492613683531,17943623913651669817,0
16526203230540717151,14518694500166789362,0
16364725196011240719,4552194488677035023,1
5655385670665364345,14077666661017780279,0
11192391795195276901,10138741831767821898,1
11304120290406633759,15663544876848471835,0
12440271553969315030,3784432166118061284,1
5508306331485151697,11236499031748468494,1
4606892938154575518,8649635606524211330,0
14025457821194008365,11714000230738196018,1
3786356890431490835,8275678731513184592,1
4156919460052578380,11168742643156354018,0
7451813529028600081,12753966978073210379,1
7285886296499571725,14214442824399233180,1
10902475069981230221,8728895140351693371,1
2255305211601838043,107634582619745277,1
14157263337353640883,6174560675801318159,0
4717342722599669331,855304070699464397,0
5551189300655376118,1503519091681599570,1
6665277016839389007,15869385445180351029,0
5894512624513933852,1213883955624452770,1
9120259041084288833,5420699244891063682,0
6736724325966092311,2651999486277292134,0
5139349297130365322,1417941891759977795,0
15475584683806786337,16484952932192417465,1
393738027849760889,3734951266443351878,0
5991177283494401078,17851506901625823722,1
6744915916917283399,6487134956341149379,1
11012124631118034065,12146940381101003528,0
17872753403121562876,5711528684748797263,0
2253326779305338984,1544641744262271171,1
10947019178351128415,12162367707922572729,1
3222564866883856525,8116169881644151580,0
2661658174378008242,7107501075644667566,1
17131917900217270671,3311205641156988681,1
9362394042404799177,7134560976666576873,0
9133518192707673556,6160088231060220218,0
15036377778313878782,15112587204210019459,1
5472374177466708485,13703289831457755622,1
10800256794472310029,11509971653441183466,0
8014291489092050555,14529080946732493764,1
1708574624412446888,3282746075539094144,1
15489381615373518442,8334969722676749639,1
5080338322520808898,239663773080156717,0
13710562426286764315,8753532540853169402,1
17874652306575390617,4804476642695029787,1
356462706989168954,14925982006433821788,1
10725760037531987575,8956877168892739682,0
17613875177308774031,1855830758094851650,0
13087618596474277563,10029344817352547900,0
12009967576107184080,17433303421167563905,0
4241913695480154027,17078120543709266701,1
10696335605915411295,1194440623439842258,0
9928323194768155576,17335930611560629179,0
12489433158258214892,17695863199685205207,1
9812913948932825373,7878332048501639425,1
11533370780510518820,6791017193947277103,0
15776364055353017767,16256461569515366278,1
2924222193040936456,1648842078139630586,1
12299463617391052427,8983901979008874780,0
173857931493357735,1967532262886373856,0
14013823337832077239,9243669163313127097,1
15027971466345915446,12955501913253937988,1
15570852443472985274,9899484812255392146,0
2659577223374928502,4386548283471028966,1
15263058597255469978,14284003304717087847,0
12394649400109561874,9734667798204933865,1
17129651017202272517,13291801565515380548,1
12054667868297414227,15868563531535844517,0
4830231396737508287,2981636122860062895,1
16668921554914072953,6789698165968696635,1
179096926416330591,15108286194379834438,1
9227662220003610032,10996391535182347609,1
17138300128424268396,13963016909816188089,1
2003342521480268295,5896070645869143063,0
7715431615088742957,8871154377016792935,0
9748178545750538907,12494444119447374285,1
10441131418194966253,661863305956317439,1
5759355341409126041,15683705943137582087,1
17120575700320963339,14721377351277074338,0
10751320746925250104,12443799362714974257,0
4802612949581593322,11480034922096187094,0
11529873864951836909,13171135465284929186,1
1996902847693010570,3377049844737834743,0
14162849399588891619,9155400315514736640,1
252379010023883227,9410815197980485597,0
13157140369636340434,1727146038409598253,1
5177686015710500723,1441980851806963624,1
10608723710904602086,5105008352786680658,0
4259405553811230097,11773826973666694525,0
15156176876618316777,2596423520311548293,0
9839686616101435146,3852508256107267740,0
7270606774312288871,8491823070478847103,1
8457739948670068708,7061063987290974387,1
10833123086358449498,9606806433405288225,0
7547156009446344270,843938975510744776,1
16131276355624111087,15854267904485040391,1
15345291509993400598,10822929102277890127,0
10614936566666409673,4441974534486013065,0
13831266664837532163,17595663629393676384,0
12408967020765827530,18160767085697585441,0
8629884453162184422,9125267972815726006,1
2301356164180852918,1596677283805076902,0
16788868367156094262,14507651985642777529,0
15921937654019127644,10588545531686091286,0
14029536599953943816,10350921740833606282,1
18007875475645546143,10816094235837672586,0
14919779791455080487,886866193709200627,0
15858132175541055215,15442464626645509929,1
11941565337892755191,2129846355657866206,1
3888460694236523469,14606543403909641843,0
16719083972786637634,6788224622936782923,1
13021342906585362201,3181645395236046604,0
7666115044542623719,14403173046044838618,0
347531321752083711,5402334792517857381,0
4816785385320004748,9421328807829567614,0
14940456438102597657,1715736741894080625,0
550873961317503840,14162067561355945544,1
7460224734398142220,16747528731241768140,1
10788212586474976176,778311581936122378,0
17883943506781960634,1206332921093512440,1
12632965409704749256,9587492091608333769,1
8250706477478513540,6096220284942690519,1
11429843806809507833,4814985812241459844,1
18443268106025827448,2757104105430393295,1
11280069355160960269,5669889683410787309,0
17812548513714834195,15975062017156323663,0
2380953807061278196,6835189312930716150,0
10396487413623330003,5668150346912457615,0
17316373414415722781,3499550089294241732,0
5822610429830298335,2691161494494276635,1
7943351088364492180,4114391370032279950,1
6538081631842040110,4277136048585390911,0
6543110304260994162,4813061824349893631,0
4468034667714431115,9611397349347004301,0
2863937130751218734,1229122778201352270,1
1995814850834430940,3744632014489699246,1
13360522718433614020,16628696778107419868,1
12925197576916010521,9251686304858810279,1
14967809939262092929,1849745865518412212,1
4608727612138616244,17435236359504483899,0
4461696272998559946,111311056351932385,1
5867343970287222859,12206833962152039815,0
4820799105943244733,12893587041389745469,1
742844834907958513,14843949477135332253,0
506665371679566978,18071957147479979161,0
14399364218461238643,16232167035549259847,0
11952725589156366425,2205745739397780997,0
4286306715330217491,17851333162076925601,0
10833124014237365637,1239977773109319406,0
2288063820151754639,3009976581668907966,1
18430749449707608044,14476971617855438972,0
9865410753893607498,4570269806641421510,1
11055915916672594630,15707339363666508888,1
15659410202708992379,15894604001332908488,1
14870519524831655754,12523806910051927658,1
13699708507907459299,14582967466988371981,1
13281375993138544769,8271882849910499822,0
14992998170968571349,7716323820594607808,1
10392992180848254510,42220371881575703,1
7226754491298840429,250262599518016965,0
2902117723378361268,8497111676815503727,0
80150047001168155,6553757975090727933,1
11658516436161902693,10709542804621689595,0
1704349443897740121,3159160890741792554,0
11848475174626845261,3347297573778164084,1
6358528665223304444,2099294118651682336,0
13548722695108375654,1884327504750417186,1
15942749569806450773,15418441292611732708,0
1533287780421944951,9017311408271552499,0
12641002552913651720,17004799262811224460,1
7291864422331631505,12473983163181332512,0
776895080873448360,16472127536804551574,0
10964622546596170886,4146439551728973050,1
1693505658192167554,9072924882803699426,0
482438787486448970,9533591870790036230,0
3418003245139186077,4534037341387578749,1
7025437210510078118,1201264270330391384,1
6366321114604284012,11327243603722677021,1
15632011563374536003,15886218924674347036,1
12113573720516348964,11754119682643477929,1
16197772110535263728,2586354895487112816,0
1522009065531722563,10355391118118850652,1
1161379058987550958,18154480828022648136,0
1185817379608411747,3551781558221678035,1
17514118254535532947,10708131245586448409,0
12410738016224922806,8587654361073860749,0
3941204512040025275,10520511439896721288,0
7523077392386487234,1235184737628343062,0
5917230105230421551,5960680556268374140,0
16303521788652696962,704639034273681415,0
9685796640661893641,13502884257054365502,0
801821621374911547,9202962181611228088,0
14670242159906610840,11609296381904375182,1
3859799986920914248,9424980165369678489,1
2595065544527593894,4059746976133864946,1
314606719661621460,6894367970194986469,0
5990766174645563536,8089606469920069060,1
11959062557761789813,13548426163049438059,1
14565577645153496351,7067699388224025423,0
13804396769341015966,16488282397286472151,0
14679849119335656632,2903846570426271754,0
855004326652614743,9076037340681630231,1
7003258110588834809,4164146421532969230,0
10791174086109700456,11292473773898479546,1
16236429183420216028,6143519536650864628,1
1791648376803084002,2634239232205627490,0
3859713417036227102,3969123204431940814,1
3577884840522703705,15397420464236695288,0
14346220794805795237,13770271242906581885,0
4239779186514680922,1322547511729513525,1
1989684300184671551,10069007883923331439,1
10860857718108300257,8684692282020624223,1
17390353664977475804,13577595712299480861,0
12384494656873369585,8178858214300131986,0
8574801204343715034,5723842028948242427,1
663644947573694714,14360352754554758611,0
14322631062328645637,8662285184556307631,1
7467118606416426822,16603308959590888732,1
987243302628196592,17803476605062985698,0
16312748075069937891,11946499521916867327,0
16073462208434696553,13903531789617444488,0
9562871164361874129,15033245800087411848,1
8193386512719253283,6940048790155613731,0
7991601348826754436,16066268379324341082,1
8165681684317090524,8777405390416737556,1
9414562505796156974,1698800349007760646,0
9348049940116139883,109305033243237970,0
10734150650157782862,17181641384283731867,1
9986770934084118174,15169162228520370024,0
9611519595763529006,16651180654759325439,1
13166506771530099319,9853725728085218252,1
4100743613967010412,14082711895519300717,0
10944264091252013476,7908055598504562091,0
2465918137404755556,4183736380410712492,1
4550369715456840282,10886191686176062379,1
3903344222498688308,4677244694892208677,0
12812653258227114737,17174569228358691415,0
8456391369204961395,11026478925989282015,0
13503872362999729631,2772861456839015534,0
7951021081837441755,6990353224324399405,0
8127893115938418852,6249332338281618319,1
17670894614674398079,821949288291246595,0
5931742365070764647,5918833983189006674,1
2597499272735068067,10461370687313614026,0
4590811924830674326,16279099565960112784,0
9882893203887743537,6797605679673898065,0
5230711481629133316,15612505855775193139,1
6205893797423436329,14394758470256493683,0
11754894564613357930,8891767362131422173,1
11269716708258626860,16417815680513588495,0
2697237976086000719,10642360930909032270,1
6087841941829087179,14427029036667364102,1
16288619760076586880,14105346035149685031,0
3141245702999948483,8986862891325082031,0
6894982901923561563,576443072423269471,1
707170147556252064,371652780290309591,0
13860485122757826458,14648586015249659306,1
1992375125429536572,5720550451402117719,1
431308998311684786,11640536408233116134,1
6545254181731375694,13582280029819679514,0
13206682409743016039,16384566832271505011,1
13511608077711922098,902023398029602045,0
12392095124255905480,2641164828957856475,0
8988676729222649869,4378397888342294880,0
18298935717857086445,8766416809016115933,0
9926275181998827228,816403982852081198,0
13714305026661190234,13473162822028813025,0
13893973055437300916,13399575487836822538,1
5210972831783092865,7576311339904416473,0
646669335236457257,4965072632674871878,1
11239017551656740157,11267061437374561623,1
792010210308074907,3993678104498374414,1
11993150739117899984,12045201431947533744,1
745049483224324301,9683076308135587436,0
18184663361906405043,13439744379560461489,0
16997866416325483734,774192951616650633,0
8619899412286876390,14528970786611619803,0
14246638999229095055,13068424025025938023,0
7355998510284240483,3620766220482223046,0
847487797644272929,6547594650789242502,1
2472318544922844692,11058478050700511081,0
414858753777259166,1382227685232721476,1
4944645805873227249,15182236011951162398,0
17211779902636454172,14764413834124546823,1
15014799545436487052,13347089534304804767,1
18045860583089734779,1149112665883295751,0
14471024865295748195,11727577991419837491,0
2717140896705157124,13528032660889185742,1
2614053061671546141,4889398884164344728,1
10539331395572515092,14876580695245343279,0
14754812328371659089,979385438506198894,1
5394763801065275629,3806551584840360143,1
3044958984164727324,17044566701297126662,0
2836492287325400263,10923963167371566086,0
12007292907072022474,15370796695063228003,0
12050409420474762152,5056892962393384350,1
17683592874236045393,6299642409245421181,1
11236847677256148303,18148512790832928961,0
464725188322747700,13494587255256391231,0
1300001069152365662,6124841495253879762,1
10277692138265152990,830471066847139062,1
3912120044487575466,2549313458316323516,1
6835703312237998478,5542006812113330877,1
1951939632359673300,307956283491435274,0
4850807168611691885,3406774271624541536,1
3883598961464791652,9009554903073357488,0
11862799823329413224,15069643680261918913,0
2792126708285810003,3812748865959990942,1
14804276664751657812,14427251189660591772,1
12774962153085388324,16074063987318691761,0
6948461018691728582,2092032471773584455,0
14611181556175435787,6277249976739764614,1
7260031938403859161,276934992465072792,1
16810128990141939498,7217814524202475586,0
16773261266517434886,17555842863982091903,0
200271003363314832,4145721335633101740,1
4913067752107132914,468092787623446186,1
764859251416534426,17784498234644187906,1
12217893593383401519,12700004090258751311,1
12544281033540953394,15402239384240333647,1
6357736905208552757,50469694718947592,0
1767709844902965526,2573579499698356241,0
14052044324271765579,4326564764531967669,0
15537466627012992069,17312471078233396236,0
7710794514945919360,7083252654492766478,0
8344919065427482031,2738552374073192598,0
10045567743099681429,13529161203535353973,0
726249602112523781,15905932696793839946,0
4590357210549701116,13366342079440346357,0
11151026623940930145,1748698901876427164,0
5370003915342798367,10028980015791804435,1
1473046443943074739,5986826359268928584,1
2228328181241775642,11506715561751754455,0
4097407533894075986,13706676487235603388,1
3189792936938106297,7991721326453246128,0
6205651850271737583,5836356369344217399,1
8860979408458132520,8285254219283923760,1
11164824944478256833,9832011119684610717,0
11862569102274341806,9236400049521427663,0
17802689598378712548,11718523973706789923,1
13909129418074084782,382353839413278264,0
3393129512829672831,8387030319587090740,1
10587944068251313586,12678530539884950563,0
13008694811860017980,7284250061053679465,1
4417916017337649408,15843013581872325321,0
8719508189375989172,10183421048564860528,0
419433366451569199,4930746469429417752,1
2569999879248323795,8908737485197358366,1
15691537296843998537,15045162595545836637,1
4008078432473392580,162568931721157050,1
6812428572548342522,8055631443633597797,0
1062576171893992539,17361773601734559322,0
14319355069986267122,6602894466528830108,1
1023126930929898430,5661633138120128314,1
14652386937694135959,17450498435718809512,1
5221065508200155867,6360213953558568292,1
15331609704705142689,15944727184402023737,1
1706763451066002627,15181106450873266797,0
17183069679025237572,6649529497125589632,1
16441169987919539036,4918024720622350342,0
1306521599101571317,8360360307180303248,0
6043781566766037288,8413591341837370184,1
1624419010642664121,9719322155088543188,0
10392419685680943213,11082427765993338569,0
11944133502513326411,6195772334617862429,0
1051724444033844604,17066465676883624945,1
14821926380770490603,17478774355023218247,1
1846445403758699662,303500035225102630,1
18310120249019277152,15005471133388815498,0
1312749493515592023,5015595267210515033,0
4809559363865905170,4537324189243521862,1
12044514706702578674,13124112775865335384,1
3487306623754944395,3585067491679031231,1
1211845315998033557,13143417421339363108,0
569389363854512114,17340975119428324228,1
8385393345375170934,8454523120071006326,1
1326902246719780886,3065859259744973708,0
4754579714740830652,2690162856217200589,0
14120893546385764903,14185066353187680350,1
12282310806441150005,7779084982455222327,1
2053622863045257040,12450129030587095914,1
4289017281921995214,8058391347029341545,0
4197564248021104572,11469851648993812872,1
7399664280470359602,481897166938821782,1
6535495654810574995,8287708207578799131,0
8102273798600953280,8781473093376805943,1
172407561806879018,6230715593625690548,1
15285968775796414860,1841294650604634992,0
1215561936329393455,6953972221191520950,0
8766497928635233082,7721692120131490205,1
14827845952681149216,15668996111055590013,0
1773800713464659762,10946941744519019534,0
12478520045086209674,837381323710106852,0
16241315002548776449,11474256481482169292,0
5827307544009389182,8168584015623170353,0
16031705536720141688,10969087302470701087,0
5458064125417247228,1214222909382097297,1
14768915030293562938,942616495463091503,0
10594509889093618334,11949996940646371062,0
14014690842896779022,9562282463634137332,1
13451764181075340276,8681611852392327634,1
42897267267984828,2619477503400293013,0
2671770559029567712,16531094524224361487,1
16762100824804712247,17653173997602355276,1
16795493877985176167,683689059372054900,0
2755120876317294149,5562439978574412748,1
6419738590344185652,4749762398187004646,0
13578859955274415689,15981938835088812003,1
18416729487549326269,16325718345115095891,0
9338437110525652537,16079671607691044024,0
754884866842364151,5056002554538851596,1
15406746393141117352,16562810520996881728,0
17994764974596032024,1818895258246441586,1
9309524968661960332,543215766795348044,0
2716557382404609464,17598564086166183661,1
9937618913751542047,5553975634657765426,0
12912263153968651352,13761902358377915282,0
5588119895949536232,15468174783059534363,1
6085851666675605519,7058016904001770483,1
5899599608019754280,7493589034451482906,1
10363053057875391035,10575683440858242079,1
16018845923873128218,5871848595043307614,1
2769609859164202419,15904120280774158039,0
336823492870337832,7977809289817416128,1
16027277150645455676,12475294726216296300,0
8695753337130049624,1057508242904027312,1
9553996929365962764,16448266953257008822,0
7496748862147897359,7823431421493637964,0
16981713850552933726,1313052516392674390,1
10700272297476715297,5132494225734603198,1
6992018658902386464,15266387395614650192,0
8761688616502813024,18281631805071892790,0
3982481361085803657,3415032619155941279,1
11039163894151894062,6016138214796264259,1
17332947742392860935,17674131043628608299,1
8087041485146953362,10054759388778639336,0
14455712286653414257,18062446687087622933,1
13367834499468702766,10542711087914993173,1
8322782609144510189,43331365046568970,1
6291743603557223928,6805930238500456137,0
13217720705781419552,2295129157202782067,1
17498345940995720500,14975906091712516119,1
11606010473919895444,6743706569997631961,0
10797670639686123373,267090581502249544,0
4333610664234957414,1003595214806679304,0
4012059154314561005,8803811966882055072,1
5139140714308629260,13301033063603268015,0
6476001344800754772,10156704160557035245,0
2018596697992337670,6428005923858185751,0
1978774911303076509,14279309477096540488,1
5377251038406913450,8836016733664320953,1
12959249608576080992,12725083499306197127,0
17140059963331127706,16274626551612684198,1
10883436628506948768,1507065022959191876,1
1315623966518562501,8566106535324013071,0
3711729628112125196,12277066276213822658,0
11816130539020321056,16133375396064399449,0
16811190997623048599,7029484194263962406,1
7395479143919758671,1508467816554039509,0
9551312712285268961,14544808606057299687,0
8688615576197669662,1845949680496935125,1
8198116736080155874,8162572223399647464,1
18042723115286366784,17227295257414377446,1
2023484100289168511,1541782695404781537,1
7974482657796328995,209029050320305871,0
8814977811877523993,5224019341196611339,0
5065600591088146757,9154944705795465729,0
7576312822026790138,15574776641475795422,0
4989519208516478338,2418747981073767762,0
801023999133760427,825798175797025992,0
16979050111618853153,9670095613043535750,0
16178090281887344785,14785008159849912483,0
5922458794811307156,6751184359900968337,1
1887157153433805075,7938323538517721152,1
2683681366963091109,10527886457716015302,1
427617994314513335,684439026577970405,0
7751253773696296156,4024305660992435154,1
17810420365242960463,8230792475321344641,1
118563507605888856,575518458054335585,1
12497665630876317307,2347037626097979386,0
12060422819154962311,4283242718494300588,1
15134323195331688371,6959119025218906073,0
1729609938553085650,571756113978856945,0
6260233668773114794,13902684806271557854,0
1918501449837284592,2498971006613709426,1
16937218916003072656,2654352047700090791,0
17756305306077446798,8436516806811775177,1
2437282779689924340,3064286623655580436,1
8048976591217030107,14478659342130581315,0
14789940382008142412,10022667003633740487,0
12665644074966231985,11003746824605767768,0
12356711079732708313,18103137441813253837,1
1368138193978192021,16818327727795371681,0
8583973595057687157,2789744274511183086,1
12720569813748588722,7212840543998299383,0
16991979899985476925,6160653919619205460,0
4539976915388392684,13314599127598876772,1
2508273008103393088,8046804967751731517,1
1034931324101405609,3485526097457685260,1
13878634777435480605,11860673758686529283,1
8365016421479534084,12914156242170850204,0
418338515117664310,7579183776931141282,0
442166954168558573,5099470103990663969,1
2575146574982731745,13444466339589358405,0
6067158252701291783,15830914072711595831,0
6681552308590489975,17004716088870651487,1
4011168761572718443,6507626430609726437,0
1276233438574556464,8264531791003760192,1
519531118945203490,2713533813453921447,0
754696553958063688,12767597377338726462,0
8644998474558488467,11501002793237214115,1
10180714841998611238,17086039827898727694,0
10676212796631401220,7143812613048779747,0
15018482292639970678,5331655933749694019,0
4811560880817991543,15410490500567240080,0
11648875696348732018,6325684951532782203,0
6092090934492369445,258766118236575376,1
8449671381473363279,1690000375847707771,1
18445479818215798487,17034748843864867708,1
8442177496873652057,6104853359309922281,1
8536870615758961820,5777374622567107192,1
17548860812044658599,8488740448696544690,1
10373350905987100600,10084057417998281451,1
12817222046943264003,12215715635504456830,1
14762835930444043342,15938274521789608538,1
16090575457866278493,15250137383378851881,1
5009390945169807909,5042597588004705239,1
16700681097279099790,717030594099881728,0
5781368917928790650,16127413842480226616,1
13563581558391287210,5885629788370269553,0
3788449620276728906,2607756486597347920,1
7748887215916035747,3717030340583849679,1
4132956752694521931,7206675809732121360,1
8770577239143143017,359623742160441639,1
17345032428306438425,15609926032014452615,1
1345520165098635324,12347089215323254644,0
9313715685688286722,13902774457713956787,1
12369075979287875716,2060330935641292660,1
5281896615892636928,8942651602151928521,1
12103634981760044259,16387076058626160072,0
9949656850489674146,9224740320912757278,1
2432102939782840473,17157125493014513211,1
1041188517223838326,8318709805567661384,1
9591409530287413383,815438537235191262,1
4913942858424304249,17243119147424704841,1
4416430404124043402,8579401047907107916,1
5561212910494897017,9794009045936207223,1
12888680569055269671,9316534161690834093,1
2044844388271048701,7594016680791401180,1
9405700416759427681,11241229464417780170,1
14158319394227076983,3079571031732883924,0
11934241341194013787,17548576087729508426,1
10964466922144560418,11259870546483442724,1
11964913824364692734,3841565790924101043,1
12211835709516211455,13654756710897229040,1
18116787376647530803,15917011723320742620,0
17824522235403780211,13184862033826075527,0
14568102027816425631,12643211853150787000,0
2160867791137957215,12183247241726774951,1
9370383446317214447,9022555504239274807,0
10735982294278933216,9444177833691356093,0
13571295347378360438,934794359571577583,0
7387530235050913520,9521617665823083572,1
14252002615996564932,10856537119815086773,1
6549230359538478341,8369802388995302638,1
17271389206040029719,17540577065139371726,0
2285007684864441665,1608333563517053670,0
12939922457596556190,9542042460181513710,0
16610787198055461650,11155986069665036510,0
15742287855001050709,16024796370435579477,1
717440327548433543,14207866337381350402,0
8526292430787346372,7226348693793186255,1
18357557601349170850,10562490771427207262,0
12907195386722070034,7485662343045322340,0
2300797107664277590,18421519408075325975,1
5444922838139535488,13809436281900538733,1
15399032844880723938,18147666428875585514,0
12517174846643708136,13386898545985883281,1
1642093713500184694,14929173729396715945,0
4059497059581834741,17930028214386548063,1
498699188261512455,2794668307960527819,0
11415304293425058533,452296003309345413,1
12321947983438319801,14705977250357119409,1
2852609938647919415,728678116851458751,1
12371456651167462475,4179045912662483766,0
15726954495672040574,1153585786453278468,0
5275681818954775457,10717601727385106953,1
14302056334923322390,15201988564604142833,1
12502756664892844152,11552007420756036281,0
14994197634786900151,5696905884815542776,0
15434235894406291973,5879906586287891292,0
8864124936655039581,8425044958210269340,0
12846752339594417521,8127439456999294701,1
18174674782186331303,17054208297444842753,0
13955843527083998600,9517610592626346778,0
6702705583887672284,6440202391907047948,1
16075760355404114790,13532047619185174818,0
9126747129379222738,11875696065070892069,1
9749313710319812171,5227948852760891711,0
8395608109422399221,8575787234700928329,1
9362851432122282165,5374736452282677122,0
6033770799980875172,4510337321505816307,0
3858103765363344585,8530284184399687905,0
15134860136473837185,3171973608701478286,1
8349125591070330796,6061525785842179635,0
3674490232428893253,11754426448081364444,0
1067856958009496054,4050276151069983247,0
14925809215011572813,13528339533913383555,1
11043218540312287588,14053178875619843112,1
16357658976461832900,10019419797344192163,1
6586268774202566266,4721523774647533181,1
13705650977921559812,16078047320955727875,1
18015445947385026682,10205560719163155119,0
9326634756466057514,12173458917295703156,1
10522456281032811444,1010966004122136101,0
4627985121289770014,17660425802351394504,0
13412878619351145685,11213537064148073798,0
950682239174248812,5521846203216119373,1
17031187401479156400,12123426577502806509,0
7854411651449479801,17967696610284885430,0
16684989492603543481,9767305130014455734,1
101464173993924579,2132542457884271062,0
10026659847791845161,4007708964913522843,1
13291000405473354018,11663901823633927474,0
15043754452371952757,14438626344588796632,1
17445260165697904409,2409747502878182594,1
11090841311855108922,10825418017950862347,1
11063375970587084495,15940919978763231390,1
575230014675081120,4116964891458597955,1
16460002158472094953,5377579151099836570,0
18300746304202932461,13018876385536825036,0
16446332850708477201,4276130042033661411,0
1823593996975399321,6772288443725517976,0
15945852220457471488,7585482771862619762,0
4424335571639224449,14780148640051328284,0
2640200475072420184,4195616995412482520,1
2162782432011251398,18268615510339130871,0
5029139322971545000,16145292756931212356,1
239242307011966762,16580557131417311229,1
3846888869728883119,3473845797000913099,1
15968731645354605100,4470721032887964769,1
9508740999942739375,4644397368856353449,0
4064633806302850969,10729388315998506224,0
4514875028783417551,4333949543834364199,0
11919218527323699580,5408852489133792224,0
6600276119355688449,16826010597983623233,0
12275723717022538093,193889792039454226,0
4654227720723916358,12606862308245121244,0
10468361548566628694,14012075083864149802,0
10784078900390939440,1114899337025835502,0
8716232263951989272,6709927344633065103,0
9091131542909839860,8099063261005860778,1
12454777648439595901,4438511534394640914,1
1311058712055226338,5340713878489652094,1
1569738987458341119,6088597574443180013,0
7098617041443571361,3639769256788362864,1
10038331564682126084,4368247303143351441,0
13647991831753477958,9876757516438726733,0
12841137996510043645,7228626697304579741,1
15186573929471576660,12018365865432168035,0
10310602510137620075,6663966564064164130,0
13188302042669650682,327754382903531114,0
14599016105705398979,14302355262509218222,1
8698790835613248779,4285330614824184398,1
10675076077131211626,14534730590913001792,1
6621775498577629081,11649319517315123675,1
14476344390478151728,9350790659349670502,0
4387933077098019221,6082140195153497530,0
14819999646229581725,11890677884120280943,0
4212638008997992235,14474734842764986189,0
859340307431414529,13017298195727583188,0
3493112101127712993,17873691310151879978,0
18160319615464100230,13796350422782030146,1
3740519521602121021,13950953050454887487,0
12897417136832814657,14632183395823208352,0
14980009049293781343,4077328794050564244,1
6288372068821775593,16252383749150061458,0
665672609575499803,11457636241603931832,1
11159222305040297679,14816253206423726689,1
17386076470682987061,5594159441164016981,1
15816919303124043733,4644152044901236129,1
1123694576849210252,13595489128154433636,0
11666496547067107856,13893755578769123936,1
13378580711080957703,18292883072571662804,1
4677006656417498318,8650356699069979128,0
9301148850975065756,8193519240441656302,1
11975950978703669476,11915881766662361229,0
17384047159266307625,12849615054105276348,1
3149610624465731270,840245828462000062,1
18413859597477467404,11369401382981764524,0
16096681359656487706,5152617943868572234,0
16865101117724399105,6035662612829384330,1
1025910818990696113,11409256424146295121,0
12238478775615648043,5901589976000923990,0
13126449579599828887,13873164161929319183,0
3724312166749025331,2603206253922058049,0
17605603368216379505,5801629645115248572,1
9796821164662822718,17072659003647531817,0
12122116768364626053,11322587632940687246,0
11178949364699544566,9044584227681952236,0
5139981739521102895,12039092514141972802,0
7879242452207793864,15949264524645381267,0
3041276337679343415,13596464589622642682,1
12163623820917345899,14420773657984588793,0
17834394582379362922,16718532819433283721,0
664137706544225010,2246968525710385484,1
2305096351615647665,14097550074974585846,0
18441181987444983900,16962702773605436549,0
11567909532789229932,10279706383455423659,1
2944297638244719893,5198911327407283747,0
10298600927530452673,8647230124223362936,0
17376969355871112516,18143210559813395965,1
10091919484547833019,14531778164998917650,0
3753309711430932746,15381336947156172912,1
2771546187033219949,11723293625413567507,0
2667356505470699621,12633999411549363251,1
6629936291708550925,3456462998979955525,0
18411676626049548450,11715366837488001941,0
6250583346434556358,15108522178933381293,0
2929535686286609333,2952888225553801876,1
938759497752978230,8544825032212730746,0
2017821915039231181,14982351632637381126,0
770416454977015651,11947988893354155163,0
6036660093584801623,11864634832821752442,0
8289608190107747589,7158955374036033175,1
17939889141303359872,9846178333384284178,1
6216839685644036025,8540000705941546871,1
11870568999849263279,15594395631513477009,0
4146309058947688847,11261666644340695559,0
474556549589297443,7143230112615153872,0
1264012328882530573,4651431135181239571,0
10380792125351359465,17275282115418949206,1
16653586736842561446,4205677876997048365,0
2619126663273777887,12381276087781518204,0
4538564334633653200,1929968355972022838,1
17460244807752942296,4669318745009008254,0
16890953739942527108,16634248263316965188,0
8749527238573273841,16017486758293356467,1
8490305137127408035,6357184824947498989,0
14414047331231389197,16352458813905782328,0
16416387150118500060,11385626686287002367,0
4455977941297112078,4890947739385648538,0
