C,C_prime,label
3986088871,541174589,0
998788414,2882701271,1
2628264450,2578189225,0
1726744825,2647009106,1
1870481686,2402628030,0
2663444564,2771221833,1
3253359912,2659611377,0
3106999810,858311721,0
3899395642,86491407,0
19335282,2541404830,1
3167220916,2040574911,0
3482696983,3229064413,0
3616682145,1318435929,0
209348964,1793342104,1
1328745711,2590510017,0
3113260607,3179251745,1
1193368604,1792696930,0
1722031748,3916231173,0
1522120996,2486676075,1
278399766,697425309,1
1283016556,1599913679,0
1084402766,11567358,1
1975695232,2931970613,0
69583698,2020840054,1
4074826157,3969879375,0
2110478306,592025455,1
1024388511,2869958467,1
3996977575,1867233102,1
1491543538,4138114857,0
1907153378,2514977066,0
2661115941,3112125920,0
2632555480,2488136696,0
1908534630,632335458,0
3512230210,1212676047,1
329778976,3667968308,1
3180965110,2282160195,0
1851067454,2721770599,0
169333398,3094701110,1
2079095195,2472154966,0
4257581942,745262985,1
1835301080,1464745617,1
3172251921,1440410080,0
498813052,2502739501,0
3363811552,4258600856,0
3017816723,3424782717,0
204534962,3054115402,1
51934232,3006697636,1
1374046889,3497825841,1
299791541,3182009258,0
1705442445,2817558906,1
2168080576,1498221649,0
1059477632,172052588,0
4048142882,694400650,1
4259689910,3470512282,1
2174396160,671376275,0
3466559688,1517400196,1
1858719599,1732937547,0
2429018611,610981613,0
1737431885,418187626,0
4221046969,1485435069,1
3336499726,590379874,1
3561759696,660995059,0
3081984475,865182203,1
3148226578,4196035041,0
1165819826,598060659,0
4007691259,3800423794,0
1853842839,2792691983,1
178983756,3713681790,0
75208562,1480961806,1
2139907323,761611754,0
1349685012,3664538088,1
3591087174,600395062,1
3832687863,2019564631,1
3477639888,392830593,1
505277064,931819982,0
932905973,4279498094,0
1940023062,2917138116,0
2583949775,2783409821,1
442902849,3607762880,0
987383657,3339511357,1
2062344121,4181120720,1
3412687728,358736797,0
3203724363,376018631,0
598054328,1236715813,0
1815178582,2881978814,0
1418381925,2951911961,0
3270170524,125853349,1
3580499322,3136396389,0
3852404973,1027109419,0
1588335851,1055906728,0
4174816689,3488622078,0
276987898,952546366,0
3396833475,4264828800,1
633303779,2868470846,0
1041067429,3593204161,1
681520569,3556131832,0
3319952697,3177708100,0
1049432047,3299085404,0
3268430425,3554313309,0
2373858786,152858851,0
2569925834,2361667501,0
454861977,719692809,0
3736489099,3136278389,0
3150301574,588500336,0
1628012593,3940253457,1
3322491259,749990098,1
1628765597,3112546713,0
3754757160,903311323,0
4252914791,964660139,0
233354314,2570808504,0
2025631430,4269171854,1
672062377,506687964,0
852603085,3438793674,1
892660954,3016152970,1
672670529,2056697248,1
1301013123,2077916074,0
3267844541,1357543311,0
609765043,2208023135,0
3065386620,176723632,1
887623133,3863985273,1
1903843414,3336344913,0
1794269758,3553235675,0
2245800167,3901570804,1
1185843766,3327919654,1
2556144350,82172775,1
1799367067,193259882,0
2096465835,3841936227,1
3628343000,4038217602,0
1538014793,4021735408,1
906092880,1663474325,1
150751726,1621005678,1
2083978756,250116171,1
154699641,4107242341,0
3652216862,612275729,0
4120610536,2286692286,1
497089224,2889856434,0
3222827044,2203766532,1
704906386,2412911878,1
1659849170,3902644018,1
1268310177,2103005294,0
1660852639,218927919,1
1826341142,3749691770,0
3289132164,490094734,1
508972639,2289863911,1
3405221259,627378139,1
3315103706,588794733,0
159799867,79794078,1
1470526507,2241771091,0
3672085441,2424150795,0
3655527638,3933010507,1
163272607,1766407055,1
1429149105,1667600040,1
1005814531,2783589925,0
979047320,2616274625,1
1280124509,795757992,0
489440001,2950810661,0
2229226683,4201425782,0
4097698482,3720834585,1
4241965658,1771100603,0
206771907,3460235280,0
1518452789,237015125,1
2408652747,4019137367,1
2921556068,1471649727,0
2407021427,3953468652,1
2501486260,1552217414,0
3363030876,1782948063,0
948021645,2209850952,1
2435979936,3227465799,0
2894943053,1628430973,1
1989311665,3230368165,0
222888616,2892860543,0
3037944134,1475236904,1
1821552485,4243876753,1
3259902868,1892641269,0
191089326,225580555,1
3207175225,670796186,1
1919795370,2239695318,1
4157810979,2677394878,0
2054457601,3966632777,1
2547163928,3451211326,1
3983886199,2720264016,1
2401356947,483646307,1
2119238637,1052717025,1
4079559588,4226254059,1
1211984285,3799271774,0
8556135,3071438588,0
1793227584,2871265252,1
3600322305,1877121996,0
1326433732,313548058,0
3114856775,1268412311,1
1728209632,1348223533,1
2257529889,243929332,1
3092410996,1552808484,0
3314578575,645096750,1
3699339630,3298405922,0
1083709565,2829978665,1
1968386245,1272846270,0
2431727562,4229058778,0
1963239373,4111627097,1
4224192551,3580473775,0
3048520481,1383508032,1
3036913295,4041049542,0
3877904451,963440892,0
163129589,3838134190,0
640259257,2553511457,1
2250519238,3290089162,1
3873235556,1126566684,1
55961553,3708617895,0
287649503,3273675856,0
1992570109,3537436469,0
1836157354,3376646602,1
2564962610,1053602654,1
1629952557,225018904,0
3282872781,1827532867,0
3433538149,744052265,1
755957064,3610008472,1
1233248151,692429509,0
385740263,2662744707,0
4247394398,768112115,1
1642973483,4146316054,1
2991991343,2385842655,0
1799068307,2238311232,1
3951207773,2683604409,1
2936701525,971844804,0
1342339743,1073598820,1
2818118354,362993595,1
3386355554,734166252,0
1125018559,1005079705,1
35921754,1408251008,0
521350704,2310789950,0
93730769,706116372,0
125283192,2772841958,0
3366130162,635476204,0
2988427411,2073830453,0
2437520267,2853934330,1
1009203075,290360173,0
295123002,1188649940,0
1752857986,3212704583,0
1366248204,4055346108,0
437610338,1323355794,1
3830561678,1660894158,0
3871410915,3806578884,0
2013277128,2752642409,1
2346223806,4120011318,1
3038246985,3227338572,0
88782879,4198716903,0
3021826982,577495426,1
1848527542,3926163998,1
2674217610,926650200,1
2692597472,3109790565,1
3389986968,3486683312,0
3295944079,1352836587,1
426105504,2872373698,1
2711385558,700369382,1
1744249792,4122312160,1
3749384689,1447142633,1
2881678268,651870402,0
3978783006,1898519103,0
3243572618,4260015402,1
3588673663,203994435,1
61005348,1841085464,1
2353781049,2889464951,0
3253734101,1771765325,1
333457434,1974639162,1
445368110,2359115210,1
296549912,909441552,0
1055734938,3452102463,0
3338497171,1149964967,1
145292661,3736493993,1
3562222966,1316118958,0
2790021271,1079153371,1
2617930585,32216490,1
573292101,1059390713,0
2021693844,1288303982,1
1146406407,522074606,1
1875717561,401283373,1
597498030,2235313167,0
2255722190,3362884846,1
4176512080,271140877,0
1212366327,2264095809,1
2930253746,543606206,1
2144622484,1492531579,0
4158432693,1204443409,1
2168775263,2038674667,1
2838593064,1561579353,1
3893697987,3702588841,0
2905043636,3350320450,1
2504785433,2167400646,0
1169068650,112782685,1
293522083,265797081,0
4113675865,2449363756,0
476733186,4035416367,0
1530855778,1494063489,1
3016643195,1437876291,1
1432923058,3118510713,0
1809280411,888556907,1
3631739585,3584786600,1
3995254199,1746406478,1
1634493195,678044812,1
3535448854,3665021061,0
4033556849,1145174297,1
2714805133,1370624941,0
1603478134,3488177678,1
1340873204,4089219706,0
4208940519,2075245995,0
598915657,2883849933,1
2697841796,2285365341,1
1431973544,2255967727,0
2131415104,3954339475,0
1540082778,1156040146,0
1887457295,112632442,1
2519768497,1277337952,1
3049967,190895508,1
1071358890,4157958118,1
549298118,2551646765,1
3991004109,2217419876,0
2999223568,2394036088,0
4076785951,873974281,0
2963526317,449579841,0
2448878759,371192670,1
330835162,2363523254,1
3261756603,1582081151,1
1619737789,3966889221,1
4278464615,3778874340,0
3650616431,1115277768,0
2356230323,1388776324,1
963333157,3562944735,0
4214189807,1060242870,0
1977131661,3321261761,1
2874193219,3264866330,0
3250222957,1506756588,0
1203044707,3690983915,1
3961072544,2625089356,1
3486524703,1747213329,0
2568862394,4147630210,1
3439336117,759866893,1
973799565,685583714,0
2948174482,203935038,1
873908783,3962552961,0
2802400767,181561234,1
135589721,2297576125,1
353076647,539300063,0
4137747603,2348040068,0
3608012234,2269086123,1
3960530670,3766372050,1
92599661,4125807009,1
2785883112,775918225,0
2738270405,3921008816,0
1882849178,1933948512,0
3331335178,1896863175,1
309599852,2081074817,0
305586092,2287210780,1
2322282300,2337315457,0
881898249,531914642,0
4187887082,2508201222,1
4276203058,3991757567,0
3475415240,2276205299,0
2725754862,1841528623,0
1254547685,2997677390,1
1272870444,2822029572,1
1207049344,3823537165,0
1166378967,2343257375,0
335840095,2614253579,1
2510188933,2619125860,0
2891571450,2225124505,0
2869355246,594034370,1
2536313184,1922238910,1
1640028195,271193467,1
2873664223,2032118363,1
1278754556,252093509,1
1971134524,1019983038,0
3997886294,215966002,1
2955128393,482601772,0
868675079,1127035409,0
2081754688,4030035388,0
2925008348,977962316,1
1503491197,2816990853,1
77309808,1308257158,0
2254654738,2380914470,1
4059234542,823500775,0
718804592,2375597852,0
3120129284,1251815085,0
132825814,2986127522,1
2699071092,2404085002,0
1394423010,2843474614,1
3830318151,2051578548,1
2856781139,197839350,0
3806181911,3604252341,0
2255887560,895880212,0
66607761,2502617937,0
908969274,3287008455,0
2370780315,1787835020,0
1308857731,3576698898,1
2194635086,690333286,1
4179338889,3592491850,0
1674003809,3457292926,0
2687525457,726588924,1
3405283803,2819257791,0
3706043544,615878427,0
2531831371,1513500340,1
2236374700,928167936,1
820023451,3254625558,0
82887280,2464561188,1
3738230938,421329539,1
1518291586,4139637458,1
951002796,754267974,1
4033449422,1175392201,1
425966695,1022832089,0
987700936,2894458304,1
116472474,1634622181,1
2903510793,855642027,0
3963670553,783660713,1
2926461370,610056058,1
1620608287,3045235860,1
3776371939,3136071094,0
3167820788,928788940,0
3404120118,3218378821,1
3238504278,1422263351,0
1957641788,3657739584,1
3130436039,1763868471,0
140093021,3118624118,0
3319191868,51552633,0
1009477140,998757418,0
1255775893,2347960980,0
1026080794,1632524301,1
540415,1168392020,1
630406131,2735024279,1
1777375424,2547156941,0
1948564900,3216384597,1
2135697968,2958212585,0
559341259,3478676615,1
3698161397,1011843726,0
1732091040,3307938388,1
3652213434,3667340732,1
432234685,3625864337,0
4286607132,2978223942,1
1459296018,3840839450,0
118269303,1631997717,0
1315606452,2919002275,0
116356082,843997330,1
2852800532,1997315854,0
1803526386,2435664622,1
688764188,2343746346,0
3036440869,2455036168,0
564141419,4043853082,0
1545368129,2760818658,1
2098563590,1785224969,1
2364068691,3837923243,1
3751046821,1001584193,1
2192200461,982288361,1
2650198941,9405504,1
1082627234,2487190564,1
382720954,2502160081,1
1912317477,1480980323,0
3860520142,1899459054,0
2996840415,2158181864,0
4166554671,2589913755,1
2392626528,385538500,1
2441666190,457330918,1
180494616,581794294,0
3851783725,1771777777,1
1705166600,69580185,0
167202920,785177520,0
610474279,2477685915,0
1788872913,2939107310,0
1146304730,1511912439,1
3055897922,667386050,1
3584468837,2139912589,1
3639004096,3957869885,0
492928572,3173408192,0
449584084,2817920300,1
1355073385,2929087801,1
1804235761,398232357,1
4233189204,1987039544,1
1361171677,3670923383,0
328263894,1515904235,1
472969722,1845667834,1
2124186518,3836636534,1
2534682430,4146207690,1
194521181,782659938,1
4080927606,2133633974,1
3176864050,3872269513,0
3043511531,1265766019,1
61134300,3621478351,1
3366578674,748369723,0
1387391877,2472463447,0
1388404940,1389403811,1
3875075840,3487846783,0
124860617,2000091275,0
2328201569,1136345006,1
183135430,780821183,1
4040186612,3988437891,0
2763232387,3663529784,0
3029931195,529343805,0
3176489767,297792415,1
2455152876,3805269424,1
3059124937,4106548570,1
4068845906,2458098966,1
1354641165,1617775549,1
2186027669,4239001777,1
2489904881,1041719729,0
2647324200,3744784517,1
1262011580,3026979164,1
3770914715,3706223473,0
1876259456,3237838783,0
3926551167,3225200506,1
1733453117,1278398198,0
697139418,9377115,1
1810525058,3959185365,1
1220947917,3547352235,0
72789684,3453864826,0
433413672,2217971532,1
1908866010,997138018,1
3314112341,3854242312,0
875170295,2042670084,0
4095402073,71556185,0
745319116,1752335088,1
2429884533,419937717,1
886568501,2201556393,1
371190853,3152004046,0
2019616599,3363201811,1
2048270343,4001794572,0
3980382773,1709469116,1
2984497064,106017638,0
1274689117,1287067184,0
2901183760,1667422076,1
4049637349,1091185613,1
3422827055,1848833275,1
3171717011,3089815012,1
2359408701,2218898592,0
2716100053,3582707581,0
2987657191,1019962632,0
3817839238,3135340443,1
3803707932,3592872824,0
4191345876,3854157033,0
1361275211,2919277327,0
1206038726,3265501861,1
3204935766,1165507959,0
1301594971,3281131807,1
4066318979,1310534195,1
3919835202,1267271210,1
975728763,4253444858,0
1077577422,3814752790,0
1438830112,2546243590,1
2747084978,1339651438,0
609287695,3031325235,1
3040658337,1090186164,1
2906540630,2474416406,1
3617353510,640554953,0
3518673877,4050905015,0
3663398643,2022568103,1
833025506,3375039598,0
351922823,1689799510,1
1245665907,2684267554,0
3234144320,1255405252,1
3476021814,3420085296,0
1204777476,1394428566,1
192892575,561426640,0
1189295729,1731764127,0
3676399003,554418995,1
796042555,509356262,1
2591959805,1017620895,0
1656197420,798698592,0
666298127,3851681887,1
857073199,2710756254,1
3892031944,1002499282,1
463614721,2461974876,0
1495455000,3498582512,1
3708708404,2133346336,1
3673086044,591115229,0
1291935855,3339429527,1
1287633450,1700811195,0
3911741498,2458736910,1
1582476059,346091948,0
3129826007,172475935,1
2822413285,759714644,1
1729059718,391454542,1
3625142136,67231736,1
1090153237,2664474214,0
2455065328,3394446916,1
1993889274,1490363697,0
2073523072,2679026668,1
3777775317,897903193,0
3237825824,1796546637,0
4067723446,1869437252,0
3699555958,795730139,0
2411557942,538959530,0
2378172720,3236138056,0
953808599,3255758839,0
1776581769,3360493258,0
3050580715,203008915,1
1713048639,1288891457,1
4194070524,1465037856,1
296385347,589699149,0
434908016,2380943835,0
1251964679,310427135,0
471313378,3639503454,0
1675184140,2785788127,1
57560097,1631885849,1
2468168514,984131013,1
2128459728,3437984164,1
3574590131,962681439,1
1628432595,4011137595,1
483529101,1708041548,0
2257201509,3651126287,1
1145361267,3136371244,0
2889712516,263701949,1
260585930,2582014417,1
3594428762,1137473594,1
1582039243,2401823610,0
3181720079,2055432504,1
2227803804,1418009000,0
3973047370,1740099798,0
1775339354,472092202,1
3536087088,218935443,0
1935299466,2197470979,0
3084011771,1439489607,1
708052475,2510341815,1
1759342717,3058605342,0
4054373144,3531919585,0
3553550411,2150563341,1
1561995131,4144284103,1
1908380473,4092921313,1
2776481993,2674614793,0
3319513134,1574519886,1
3058660889,745384009,1
2847788065,33993816,1
3214163906,2726205327,0
1331433381,3850815933,1
547410581,154318968,0
2432031629,1006616006,1
2141345269,1951110855,0
967581835,1608694596,1
4127120605,2505285538,0
2731781613,760755274,0
326790310,3109859842,1
3329864039,1224696576,1
381565944,2512892773,0
3352787710,598091679,0
2203750578,3971949718,1
1155208904,3877340949,0
296479630,423459004,0
3798167592,1475442809,1
1723392512,4108977312,1
557580292,1658468065,1
1352569314,1892248866,0
2663048175,978090907,1
3336647987,2385953545,1
491720641,939369001,0
1870491014,2801500286,0
1766493756,1624510995,1
2638246404,3845151384,1
344551931,884787660,0
3450932103,1741277781,0
730981104,1629926949,1
914891109,1826764749,1
3855371111,681469380,1
1459333151,3855779241,0
1743807413,1901937648,0
751110054,3364239215,0
3912189204,3001625520,1
154089597,1291674012,1
1415094089,494558040,1
3859288394,3895715559,0
205431815,328478885,0
2059786539,4044039703,1
822885433,3905210583,0
22821211,1444497963,0
3178217318,1871080123,0
318008902,3083497410,0
4061319711,1377853135,1
4243709304,1710375334,0
3899136715,2452027125,0
3267831574,2346800541,0
476644847,3420874427,0
2795497300,1015624435,1
4150182233,2857927164,1
2679199901,3400051123,1
1635049743,2704233149,0
422606084,1973898486,0
2281987087,2690612398,0
1563844607,3609741651,1
1542091096,4113076843,1
2821410933,403240657,1
1092518381,806935496,1
107229088,1586363904,0
3060073790,287474971,1
402682909,996671824,0
3415969909,1978759837,1
3377039166,2480909502,0
1462322984,3039758892,1
3095911832,249841947,1
2084887319,476737451,1
1906360690,1736204630,0
495487861,1056879890,1
2528582654,3015528565,0
4142395698,140269593,0
895436763,1087305824,1
2258105786,4091028460,0
966720321,2743391593,1
3508861228,1361734976,1
452455419,4051939,0
3551143265,2893526924,0
2520873097,3922291637,0
3936781207,3601797735,0
889792339,1996484615,1
508010583,2753924823,1
1464851803,1590455255,1
108204882,975112,0
1148988756,3998675530,1
3469965517,1013236040,1
1875711329,2360046519,1
4282444464,1437740272,1
670890995,2241742195,1
647665089,888679392,1
2647949453,3991043273,1
2490590650,3970519522,1
815250513,1351320869,0
3137457973,2887892282,0
4249396333,782493558,1
3499038864,1991899828,1
1250455031,1522038405,0
774416685,3472029590,0
3028001355,446677976,1
2869791144,1384809021,1
2839034608,1068552578,0
712770819,3776694508,0
1688760532,2711739171,0
1639010804,1441490991,0
2847766014,3046801779,0
1540671439,2050486921,0
2465255653,1424124955,1
2057053293,4203358938,1
2327829640,901503436,0
2670129302,1428702970,1
3382165437,1860072358,1
2236979677,894639385,1
170793532,4250971435,0
2619816481,1291411070,1
165039929,1195583543,0
75386847,1785927138,0
3217879479,3040775989,1
940675842,4208410023,1
2605892921,2760783807,0
4154012407,2106059835,1
4229124330,1577931138,0
1812623357,2148679959,0
4216168908,1362816659,0
1917357243,1270554818,0
185429788,2391372976,0
1430373878,3261215293,0
885697020,3115084312,0
2153395778,345491096,1
3977380981,2667600597,1
2750823656,4082507381,0
126858448,295270417,1
250137655,3097118439,1
1042635821,3230094878,1
16406440,2595703510,0
426499737,1674606663,0
3051785397,1984961328,1
3479334573,793041609,1
52058324,4283104162,0
2434260379,4046793115,1
2466163430,4289969816,1
2013343095,3883695366,0
2895367579,2206358440,0
2601699226,1319581305,0
27251316,2589851015,1
62827874,2041766688,0
60226600,1244199301,1
827724512,176708911,1
3041081913,2138141881,1
2223059197,4275528959,0
38067502,544705024,0
2290297336,1222349324,0
2714370718,3660224329,0
532962785,2985207561,1
3239543412,888276073,0
3655895457,3990487377,1
147600393,1704639283,1
2984289314,166871202,1
3583066883,603971999,1
3651008152,719048364,1
1875243658,1067470407,0
561457908,3507553969,1
2476670051,3326406056,1
2243604095,361767655,1
309714810,78490821,0
3748347890,699181967,0
1886134096,1940206287,0
739209434,2046665600,0
4059300564,1907797572,1
2415966535,2687187740,1
2709321057,4013831681,1
4041086177,2602310608,1
866835419,2802569002,1
635587079,2247182945,0
2337552972,773775489,0
1300306832,2206181341,1
2179317670,1263010112,0
3888118595,3575477745,1
2702817772,928687908,0
1263142312,3078832913,1
1541932864,205702937,1
2733912643,3571440488,0
1657318382,3827675178,0
2556808035,3971306263,0
850822873,1715920113,0
167486618,407872758,0
1221149643,211509785,1
2719317995,4257261583,1
1292983043,2295914348,0
1382222800,3563682136,1
1527508118,1043940663,1
1130932688,2299387802,0
3011371617,2349541876,0
1920687390,3026810798,1
2969624181,2681906412,1
2692334971,845124367,1
1412450538,3324444350,1
2420901146,4212477318,0
3132512046,1979543266,0
3717968123,2150985878,1
1245283097,4259496896,1
1953861750,836545810,0
1930557521,1907547888,1
2819355894,1008336086,1
3675363528,1142153994,0
2690216172,1951922320,1
1046086853,2684655497,1
441300408,3720697694,0
4027687468,532990109,1
2862437000,1279802487,0
1112862025,3989710628,1
505808336,2585306460,1
1569229423,2792795281,1
3518027847,1683136918,1
2523685719,2938799680,1
3599848203,1717913967,0
2275567684,3952670796,1
2488656468,739577852,1
83419574,2938293822,1
1468471990,1426670112,0
3296677864,4249893034,0
3219273336,195217007,0
2385991803,2151280807,1
3348499686,1814061954,1
2419028786,1139659923,1
4085805404,2610337152,1
1397112551,3291436219,0
1310059939,2797301871,1
2062470392,1477673360,1
3646652090,1297974974,1
3820153522,559275197,1
1349858155,4033857523,1
537874083,2817734856,0
1046810158,594286895,0
3790739032,4014772039,1
1831056925,3871672617,1
1448818793,3661754577,1
4133090861,2123952048,0
155854165,1532309937,0
3882278182,3885941832,0
58834845,3638994406,0
2110952668,1547479233,1
1187308004,1426400643,0
3419498212,2515213484,1
2338596638,1281070440,0
2020551556,311532616,1
1298511401,801612428,0
3701155813,2639196307,0
2079704809,3689876001,1
2537178789,4155166568,1
4205754907,848568017,1
1795253118,395858362,0
1583231084,4228957872,1
3761992441,1684376165,1
2572021433,1212760988,0
1526591747,3568513839,1
1461881221,3383326916,0
288861951,1330115761,0
2910016213,523468471,0
2403840158,912498956,1
4032982885,4174066622,1
133784320,427691595,0
807111886,1355204695,0
3641822542,106364344,0
699869611,2313297245,1
1416029782,2312246408,1
1037899770,2314719090,1
763145444,3475968373,1
3750517212,1740266856,1
468323054,3558650024,1
2013698743,221793524,1
707874257,3629766430,0
2480744611,4171061393,0
3376994224,766930940,1
421261494,4189066870,0
4146414582,2864956371,1
4076820015,2265868621,0
1913586780,2457249408,0
3609224184,3166577847,1
140212104,1272993956,0
2334478864,740984409,0
3790134444,4189196323,0
4194627480,2164916279,1
1312560118,2189806281,0
2027177111,1402889326,1
2886458719,2163411051,0
2065407426,4013835414,0
2867037118,4170043346,1
1504110397,771375173,0
1101788241,2821924502,0
1904628315,1484448056,0
472718199,1455190819,0
808380662,3120838190,1
1183575445,596734857,1
561147540,1566900599,0
4029988493,2347021567,0
983012627,2906048879,0
2789619587,3427375480,0
2204899660,585706107,0
1772197332,1928606817,0
864850879,1542789813,0
1931617897,792990365,0
1045236571,2590491635,1
2280994183,395561149,0
1685829406,42843290,1
2811703273,565590920,0
233606486,2700988516,0
2234656786,1426812052,0
1933235773,3167151602,0
980263400,1536787613,0
802791392,3470624838,0
2650002246,2317963372,1
1411251441,3156158561,1
555884846,2597637722,1
4083492134,2834561090,1
1335429592,3317932187,0
1709419733,2874273855,0
2194854377,1402822612,1
2571364300,3616429743,0
461894904,1109252515,1
2631041921,3908072225,1
3283048240,3831852235,1
2053367433,1497698670,1
2332272803,1083671469,0
3512338970,3338600299,1
1562940530,253414210,1
2434245344,1033706316,1
3042591884,3803723629,1
1058997863,631364409,1
3293820226,1178944390,1
1147142981,2787040761,1
2726266751,136403411,1
2882599396,1843183034,0
3509538642,3989199808,0
3111462873,894138309,1
2456344215,2114679990,0
4106117932,3650151043,1
3410159858,592212728,0
3485372092,1807903694,1
2820745801,3527242547,0
4050188822,4120837215,1
1377696002,1637838403,1
2945966478,2912476729,0
878065584,3626304718,0
3112088941,951675880,1
3530517710,2056383379,1
1914526243,3426201739,1
3268942161,617009949,1
1670303957,204704445,1
2684479915,2682911344,0
1216784702,2029438393,0
2788818171,694472820,0
12545745,150062915,0
2005612295,3542719940,0
3873009697,1254881377,1
1681087993,3999630125,1
2325164789,4132197081,0
3387075486,1482123402,0
754471725,2541842230,1
483372855,2331055387,1
1071699002,3240711373,0
13822356,213092110,0
3736455695,4158103534,1
3180320768,3744838088,0
1265380678,896922026,0
848129311,2373666342,0
2634067728,3811650050,0
3634843785,1542358146,1
542255847,222418704,0
2380286471,1277556066,1
3779981263,1739545999,1
190682294,1263237138,1
2389671768,489457465,1
1379125206,2195260205,1
3355751817,2620393583,0
1956647034,3929373436,1
2931818655,3875792554,0
1959445190,3297781262,1
472055692,1301308317,1
3741209394,1025541166,1
3021698106,2373821151,1
1038809908,2348562848,1
3895289717,2570946419,0
898444715,776466322,0
1161689176,521088617,1
2139991856,284177329,0
3578712910,762601462,1
523193125,1841395160,1
42622487,964896171,0
129100827,2212971711,1
1468035736,2902372645,0
2279499575,3554080046,0
1091004067,2147859266,1
2424118274,2511374140,1
633206768,2338282960,1
2487930027,3969782724,0
3114520150,1764617767,0
2637459438,289310678,1
1277960894,3404168817,0
3429833106,1774875447,1
3877530783,3180376835,1
1139567096,1585427901,0
4086359906,350361647,0
2332677147,3986595368,1
2177804587,1427761773,0
1664708839,2055125183,0
2156733325,2073238566,0
2925006200,3030317820,1
3807291923,507823807,1
82226579,1288186948,0
2896424242,1669703142,1
3802524132,1649766051,1
1387322529,2225979231,0
1992822436,3892243329,0
2978043820,1816069905,1
2952387843,3736354554,0
2959143407,1194511327,1
2151529037,4245940768,1
3342169121,2904929647,1
234962681,1006589620,1
3045646420,3865974385,1
3719852444,686678342,0
1841261156,4194297639,0
2886921285,390392338,1
2083748035,2316469586,1
2501337264,1246058737,1
955226437,2566213005,1
3017388462,189261413,0
1818210599,1581622174,0
2438081531,329547215,1
1835659529,3775093185,1
1701673918,544977611,1
3016178442,1086739841,0
3943108761,3729790527,0
175780684,2105332633,1
536101339,2002234684,0
876495861,3294676777,1
3109472193,285859224,1
1540076684,3080578442,1
1507419669,2787634553,1
2571272233,1126184808,1
1907513989,1367105664,0
337403317,2513830723,0
1617539974,343622422,1
799447592,2192883225,0
1177128528,3522961167,0
2738850168,2686216223,0
1154717040,1661324453,0
1157537768,3909676828,1
964716726,843614092,0
632994939,3252745331,1
3433045566,1854587030,1
1763658691,2910669026,1
3788651159,3852803507,1
3117634852,2770711104,1
1580293496,2192927655,0
1587667681,3263652517,1
485037712,1545303843,0
525849588,671233411,0
3789271623,580164802,0
164496681,2283841637,1
766955290,1672267123,1
2704786188,4053868203,1
577075280,2468814498,1
4177246451,2426510827,1
3116928464,3393087916,0
1862223925,466787936,0
1532813588,3906480937,0
1683023172,780900874,0
1391247766,766333400,1
3684168570,1373439426,1
3638098542,4077096950,0
3909335205,2479124141,0
2940477292,3232629878,1
785151076,1108547917,0
3506457621,1942194869,0
2945061395,3717600087,0
4075262349,2780810678,0
3369061923,105733417,0
3398997565,1566698411,1
108773081,930732603,1
4007750972,889030739,0
880387600,1419748698,0
3210249294,693456096,0
1293924440,1609418606,0
1644108171,427326345,0
2846122403,911967468,0
3213808692,1241278951,1
178914681,3176913834,0
1268053881,1913019314,0
807535251,1113605552,1
1451523084,2656436364,1
3658630250,4270981052,0
1620549829,3671362853,0
3748680122,1364884226,1
2068238662,4145543832,0
4042083110,2676668166,0
2498451208,1539443296,1
1226250869,435423120,0
3997786887,2804497375,0
3859561805,1943176241,1
3683616335,484796627,1
3370955859,4086218421,0
735328616,162039242,1
124081343,3077810203,1
371718069,1339416350,1
1524389799,2970915287,0
3945273672,454177354,1
591305876,2702991892,1
299106459,1718898643,0
2031396460,1510991006,0
4039614616,2193690301,1
52212945,3341683449,0
794860023,4135472298,1
1211487261,2998116714,1
3385067430,1062535892,1
3262381627,3354214260,0
1636026734,3860549018,1
208983087,2677994546,0
3464600031,1292640510,0
3572111613,3584458535,0
1649660176,1113146649,1
1234638459,816596860,0
1202751190,3979131723,0
4010229626,4102398459,1
644970962,904120420,0
1923791006,3635162650,1
654242874,3139104086,0
331335978,1038687163,0
2349523617,2724993221,1
4176202818,1727858262,1
3901389609,2240035013,1
3354351830,794226630,0
1530552261,3480809333,1
3076585514,355352022,0
1230779969,3898767916,1
2683693609,3790557201,1
145372912,1757184932,1
437243507,3226718424,0
24926222,1667905210,1
196059865,4263106345,0
1520614376,581693140,1
2403028669,339841589,1
1760886812,1821327988,1
3404170098,4006143363,0
3050469586,2909574340,0
3800892753,3060875547,0
986116590,2072756524,0
3313984317,684068287,1
2576108139,3367638623,1
2340569810,2749421283,1
2044482279,1656129034,0
4154365477,3629122190,0
1161803786,281624846,1
516286113,2972334489,0
3140178093,271958000,1
1438236194,3343595746,1
1063047667,2297664353,0
1059154529,2550268394,0
2673701730,3271372962,0
1900718499,3977395536,0
3547810690,1803903759,0
3268504156,2884967553,0
3706490674,3687923242,1
2665716473,2739219097,0
536126365,4262149585,1
1981893394,1269871657,0
2492032439,3841437580,0
1523731086,3989421377,0
2239606509,108871445,0
2116837272,4262817826,0
289399792,2707760936,1
3776516805,3071500461,1
658151229,3368594732,1
1968102826,570921576,0
1787227922,55436107,0
590660110,2511862813,0
3991330723,2011995065,1
696787190,2157908759,0
4055279667,2696201474,1
293574773,3033844628,0
3638652536,1373600631,1
4184896915,3414748174,0
3305348890,1023800222,1
873753000,2285879841,0
4025488508,2246728244,1
2542150867,3618113855,1
3039466469,1006850274,0
3371969023,1905983377,0
3062509460,3771125231,0
3931291611,1723604903,1
1965026824,4281673888,1
3626614483,658748907,1
435605327,2815960547,1
1359533104,2274864253,1
1326955875,1365390185,0
4090815122,3942096571,0
2974234037,2997168975,0
3377380740,3577438873,0
1781276808,3674564095,0
2823534564,547949540,1
1645557857,3321998802,1
223874054,1864037030,1
191217763,4199500875,1
21853871,2841051879,1
1419091580,376201735,0
356070662,2233979370,1
1203998616,1784563940,1
3464147234,960013074,1
3644196996,1975042297,1
395424693,3667656764,0
1743419802,352640773,1
965972077,3720730809,1
861762658,779157336,1
965896104,3879421071,0
804928188,2705059128,0
706432492,3663563112,1
3852728956,1575071468,1
2353030166,1318736590,1
107983879,1488458558,0
2503738754,322096990,1
2078070396,398599776,1
1419676852,755270143,1
39070637,2508630093,1
4223043454,414196729,1
2680369725,2351535188,1
3282887311,4008710284,1
3869597596,1745545759,0
3335946444,1469341049,0
485087387,2149533701,0
539981603,2489445083,0
1106414572,2973639099,0
1715396072,2302432937,1
1993273514,1715120360,0
4149142432,4122271052,0
3543651298,594376458,1
1969663198,2627001368,0
4090751071,3997883188,1
2545258843,3857389495,1
1951535806,1440012563,0
3113234972,2103977687,0
3871502977,3217586104,1
1517060344,3796526172,1
2585061749,3600172242,0
3104135027,4006636198,0
1806060448,131865355,1
4095524511,3630088141,1
2359989680,2790550381,1
2111374331,2950379002,1
2407074198,1688368441,0
247995908,4280216899,0
2749630800,490227437,0
2225131344,797717447,0
577394473,4099829457,0
2052472296,1102704915,0
711368347,3493674510,0
814436666,955264833,1
3535698539,2791629376,1
4285494386,3117016743,1
2964646666,1605548189,1
765588526,1956869388,0
355949103,2778541035,1
217613845,1136809422,1
1630832400,4007300204,1
3854281255,1938360503,1
3705012613,2668594719,0
1079107436,2932147495,1
2983460217,1210830133,0
725068964,3825309665,1
326242347,1333588119,1
3625481852,2680325348,1
1495542628,1678731614,1
1142544127,1870001460,0
1736411246,1033671988,0
2658085579,3797228115,1
585876153,2575121955,1
94643638,3482196509,1
3532623250,3642586273,1
1040375163,838365438,0
2476631442,502291304,1
1887734036,3982356383,1
4220069286,1960265400,1
1204744701,1716052810,1
2313706592,1971922672,0
907330327,3584472199,1
4143932275,2081521070,1
1948564241,1785287502,1
2074335492,2154003233,0
180326023,3097239881,0
654355737,4251077464,1
2927233474,574923070,1
3258483105,1312190749,1
1149301803,2910037057,0
2506358085,3772767393,0
2450921483,2717866523,0
3620579991,599093065,1
4159836181,2339171804,0
2760886218,784910273,0
2507285000,46021853,0
3406522700,1316044321,0
3895457404,1022174847,1
3381801527,385514128,0
3232556855,2990123785,0
1226971347,3543678715,1
2830536064,423410453,0
508964873,3358195890,0
438991147,4214807658,1
2767978772,775319881,0
3870449263,996483657,1
3555668485,2225706046,1
2300627575,3089134605,0
2866118934,68497107,1
1254707103,2769241179,1
2082468926,295040006,1
2322691505,2281890449,0
1936414919,2105385698,1
3141449666,2131785486,1
2658240981,1790973986,1
3633204899,2430309658,0
3071331795,273995524,0
313966750,2019042979,1
3274092352,71622071,0
2886676666,964262301,1
4281183970,1053016846,1
487350786,2245878641,1
1094710936,3939432416,0
2065129801,2253163381,1
229127882,1214468402,0
1426153179,2367412931,1
2202143098,2719844764,0
4199622623,2260715475,1
1230592087,1658076139,0
4230498361,3611675397,0
2122348081,139376298,0
2129031412,2507914258,0
1195497588,3144112320,1
2000312270,3412643678,1
348460101,165651948,1
843513774,2169354805,1
2036909820,178229652,0
171708864,2450177524,1
4293738108,1280225174,0
3217311983,674954067,1
1487313604,1664665033,1
2563135210,1544985049,0
267460951,2972165707,0
896395902,3984580158,1
2966447021,2005226160,0
2901594418,2455816405,0
3911326133,735706257,0
2646990407,3140697355,0
2880529448,2991708446,0
3260176268,2013437197,0
2634847055,2784151970,0
1963745237,3273037165,1
1536731860,3577405892,0
2909356414,3420978028,0
3005091252,2035300875,1
3946759400,939351451,0
2041368684,22691016,1
2979066849,1343979231,0
1288142778,1830176779,0
861031471,695454029,0
3764329942,1719775114,1
2342394056,3691766611,0
3991263327,1236433800,0
3471516591,4001612347,0
1698987723,3446540899,1
3778783039,2533806860,0
2731903124,1746148085,0
2573982979,3247820904,0
4202184317,2593520223,0
1214744273,3999880221,1
2464629428,29268923,0
2980490797,3215249945,0
4065806894,1366925060,0
1677586770,2725399283,0
613647564,2525442769,0
2223025757,1455313201,1
2131018387,1459302051,0
2408094926,1383269524,0
3811925546,2497412374,1
1528883936,2958418589,0
389646739,2714501851,0
2346900344,1849137248,0
3019957581,710549061,1
457455128,1993814954,1
2537756336,3298558239,0
3218149030,496933406,0
1407813956,4152836456,1
2573203297,4196319074,0
1879491131,3261136509,0
1604256944,3398540131,0
2341210400,3846993466,0
538785552,2948894555,1
2254634729,2488153504,1
2506369933,121773963,1
2248147825,619615468,1
3643959236,3602849907,0
4054629899,1540267946,0
2160937506,220174896,0
2734475463,1101500454,0
1167817149,3439920605,1
2841259198,1143421299,1
878152812,2874866349,0
1633891505,2937184048,0
914476232,891509305,1
3832410024,409572047,0
1945238224,1252813851,0
1236034760,3414837996,1
34457536,1724252343,1
440302693,3779204572,0
4124090,2582149166,1
3363576629,1785128429,1
676966773,1840298590,1
3241518746,3190549943,1
253806331,2428460279,0
598792875,3243394283,1
3442144739,2496417815,1
3118546472,2807424009,1
3859705941,1912899805,1
2695176934,1046212858,1
1090690207,1980528161,1
2833086542,2393630709,0
9953821,2998739445,0
2546977882,661079259,0
2449806824,3351787482,1
855623093,3129554895,0
3525480939,1476687743,1
2274871194,2239297260,0
1140669573,601241185,0
4282865599,3458197715,0
3338572930,2177404709,1
1965804846,545222096,0
888119241,61150210,1
1022220148,2393359887,1
1084906287,2958319491,1
4106191212,2172959907,0
2171682153,4041531252,0
4181211374,2788582321,1
1035302403,3568509844,1
3101581578,3478598887,0
3166924539,365516690,0
2738570082,786264598,1
1653903399,2026818440,1
2731404647,1800018548,0
1402904874,3265893415,0
3560604034,3461653006,0
460208883,1861859205,1
2595685023,1502157456,1
3009418599,967389244,1
2683426247,234356661,0
2677508199,2337943518,0
3793609669,641367029,1
1598445208,4086424400,0
935403238,3061785194,1
2918947092,96913836,0
3739105883,363733648,0
2946685280,3391918349,1
4213546377,2997706540,1
2451231914,101993574,1
3237019089,1414165722,1
2639919768,461572224,1
716963494,1665138000,0
729102696,3970419417,1
1711312804,1080999066,1
528295124,3939636351,0
3361163826,1944820081,0
4086331621,3692148660,0
2986787479,1851613682,0
3835975804,548839533,1
599326628,636693245,1
623614273,1387702654,0
1119755075,2416156172,0
2765547688,3820456328,0
3442575697,2674177774,0
1936933264,4250508280,1
2518908533,2323589728,0
3258522354,2746806481,1
157700069,3264483828,1
4091633733,2308914777,1
765907343,541907029,1
3780945089,2471748910,1
2759796524,3174268483,0
1172342847,233294857,1
4024775303,1092043671,0
1528384544,3688352264,0
2149851644,2748987297,1
2569358074,1363865573,0
3801199477,2230561045,1
224723023,2063805115,1
243033537,1448823935,0
1288868950,432020951,1
391529213,1633183873,1
1002088970,2936531176,1
1227725350,52907118,1
3936267,2246764831,1
1386113341,1672539362,1
632530907,1585818543,1
2202899097,3145584436,0
221915474,2200710403,0
3881596643,1601370799,1
1697025159,3501773880,1
149224314,2395877842,1
2935411639,1905090074,0
2405964455,3920843180,0
1042919630,1937482143,1
2723456086,3169475197,0
4288039881,1636362597,1
1765979308,492618992,1
666539558,3832143591,1
1425214899,3652557975,1
387138625,1930763461,1
923042746,1928777506,0
1831855103,2204095242,1
916517445,1189147471,0
3534131928,210819212,1
3288486469,3345003684,1
1724404959,3901696698,0
887963738,99331279,1
3390585451,3460035179,0
2953743708,3494915158,0
1426749628,4061964051,0
2720159644,3748870403,1
3776430118,709967924,0
3783750259,2155839073,0
2622057260,2073699917,1
1704787523,703287766,1
2650280488,172395102,0
3053878424,3052149283,1
2320788563,381550472,1
718792980,1620069323,0
2138088435,1302602996,0
3213635522,3642911785,0
282157250,1796969366,0
1612626753,1436419722,0
2591179410,546077854,1
3150382534,4146443669,1
4132928660,816436744,1
334642961,1875918753,1
3814098738,3464997368,0
3951843029,124755365,1
3710686725,1098410824,0
613531173,2394979079,1
1593159812,4202909792,1
2077871550,3891469654,1
3429931997,2283466693,0
889465900,1300644466,0
4219032013,504608772,1
1003050450,1806936202,1
2972433689,3336323887,0
3234056047,3460775773,1
2927748142,1641760917,0
1305439860,956386478,0
3504465439,2451899813,0
4249324038,637651872,1
3822937655,3944487406,0
1836533753,1321471624,0
775373572,2185884184,1
4245717287,2300735511,1
3126153980,1116411472,1
2229594409,371122113,1
737419712,3854292159,0
2396280143,2650937927,0
46859906,578902697,1
1306523557,812589745,0
4273412426,1652413841,0
368631890,3119939662,1
354967517,2369442604,1
407622892,3494768856,1
1522487436,3026572068,1
678410793,2631938066,0
1579404008,4111129636,0
181641686,833923193,0
816470885,3632326557,1
826317194,2050164138,1
3455031489,2584740230,0
2025759048,194254465,1
1069484362,2677934924,0
1806637200,1027947256,1
3880966115,3938236118,0
727013828,509146647,1
1400771386,3607671806,1
2177733347,131543195,1
1633807906,1004218466,0
1353546234,560512812,0
1702724256,4054276776,1
4243582155,4112996602,0
815027135,1069913838,1
1758963606,310263699,1
3991857278,262023698,0
1028717613,1898051534,1
3666978314,2384281468,0
3293305198,1237183371,1
3379724304,719368755,0
3161956738,1395532774,0
968692633,1030746478,0
306679664,2457682888,1
2084600940,3896604559,0
3595793545,1139664118,1
32916781,1836040321,0
3305359714,959541522,1
1688355269,532971248,1
3220423422,329355294,1
453006085,4005292706,0
4064999750,3284150817,0
3308836682,261325456,1
844620719,1962319299,0
2086591175,2360893123,1
4126166262,3705362314,1
3940571699,2131331205,0
968005178,2984800904,0
728351020,3550970899,1
3921515160,2172364428,1
4293008430,1400622577,0
3943101121,1765060545,1
3930977306,2339060111,1
700970780,4129914032,1
2603398476,4268079991,1
485543927,3418967184,1
991151811,2705940523,1
723001708,1829388530,0
66120560,1776039980,0
932034725,3210681653,1
1122464559,2900214231,1
2724830975,3250251245,0
67933435,1920386659,1
1889392807,3528396615,1
96318451,1400890588,0
3101050469,587258273,1
3806221446,2951009597,1
1518102325,2339778887,0
3235948263,1483828988,0
2315393494,2910799159,0
4275371583,220305388,0
1076234640,255113970,1
1467944227,180234310,0
1783446396,2288474705,0
452550114,3035148298,0
157717034,2423357200,0
3563495239,2171393439,1
3457401425,2430013268,0
2658110579,2941013570,1
2548874610,465984986,1
1109955339,3669022146,0
128316833,3616287354,1
872836512,1700537418,0
3410278452,1900693000,1
148009977,1448704651,0
3222123960,1718568808,1
241274428,713949679,0
3756797946,2996275075,1
3446099024,2444659783,1
3745419074,3137441286,0
2668654285,4066286223,0
4220407357,647368705,1
3711639437,1192614225,1
1772795538,1009292746,0
3319929490,1547472398,1
3106507290,234331171,1
3604403949,1172345208,1
2239592190,1898835236,0
3411108816,815769496,0
26150956,862304797,0
1815605672,705606616,0
2152156060,3104336198,0
2426299301,3639073053,1
3380683021,1283581615,0
313280404,2558171584,1
1311709123,3627668807,1
1581560767,3531482087,1
3873038267,3428643175,0
1284930543,3890526063,1
181858709,572710142,0
1329999768,3262586042,1
3551932847,766024499,1
3007331044,543280585,1
3332419921,1720337913,1
906721182,1692801413,0
3547549431,1078763807,0
1354302544,3303251080,1
2336533422,2107819650,0
3221130140,2168578157,0
1381562107,3264198963,0
1175924723,3734929677,0
3235192622,2593646735,1
3324267675,1435346769,0
3259969848,2155454332,1
1729859932,359595860,0
2769534955,422728673,0
4236747013,2196341737,1
3917746839,2381716407,1
2224623545,2231715158,0
1257661067,2115568062,0
2535029973,3765027728,0
1111158030,2695817294,0
1186318560,1120627677,1
2495440803,271039781,0
3817742419,1409436797,0
3767810561,1114064675,0
3223569442,2951855315,1
3287998269,3081488666,0
2260348785,1972813521,0
3126475494,2842897385,0
564741452,441705579,0
3531235724,4075840938,0
2211344548,1469642848,1
4213869323,879619657,0
1955295737,2324784049,1
842233255,2481662392,0
3282861014,1267843321,1
4121634214,2506166702,1
285893339,2587585406,0
2012623116,3133325100,1
3179489340,803315228,1
2264447025,1872585048,0
1681590052,107252450,0
2272696008,929608276,1
3446085630,3565471316,0
1796347786,259807014,1
57091903,1547019756,1
285733916,2181623022,0
1155169863,2819155798,0
2457169348,37996800,1
4290751614,1670364664,1
2913614867,973845970,0
3455547938,2192243948,1
4225490618,1407257266,1
1747931045,2298461770,0
1618833988,3049996471,0
3131377473,3481751488,1
2674115761,163399389,1
3970927056,1976905112,1
3823476798,1051410689,1
3798573312,2913670954,0
1730464364,716587663,1
42858520,1870012962,0
3113770421,1041865724,0
3107011057,1030977841,1
1060765858,3904878038,0
3050008476,2529822047,0
856535455,4085393091,1
1728015484,1731006276,0
1437154129,330287284,1
1888520490,4116631703,1
2475887287,3093170941,1
277526500,2590035166,0
1200051075,3646787995,1
1842301885,2463435535,0
1846539921,3866604899,0
2829632148,3124714268,0
1240883861,3116895785,1
1067905811,2944931759,1
928101432,136487526,0
1485532352,2790818401,0
2082662445,4223933257,1
2020004933,3322383723,0
2289365181,3205954559,1
3427256622,3597472823,1
504878998,927847998,0
73657758,4233994494,0
2070175180,1447963877,1
3579069575,2857721815,0
2903321771,4167129083,0
2317666151,564075486,1
1660178830,1950703981,0
3145638533,1834402189,0
884563550,2533093566,1
3088414112,1071607566,0
1045380770,2590780373,0
3119801705,1230651813,1
3002528597,828481683,1
645276088,3061581280,1
2904160527,2882323157,0
22961593,1296261375,0
1521583753,884677531,0
3711264681,985916428,1
2814961377,4121105176,1
3647029981,860879873,1
2092236621,610262140,1
1487902905,86360290,1
2629628724,1920713808,0
3532277186,1168035962,0
3169191876,1280184592,0
3742928352,1328917842,0
1703719980,3666692271,1
3187862196,1446010580,1
2082789756,598070172,1
2177767909,200943659,0
1982699158,3224048658,1
3865979188,37424498,1
756324310,2597765598,0
3708908383,3292209752,0
2658372634,3793063150,1
52869791,182406861,0
1541565607,2353823355,1
4018459229,2357601708,1
556630538,3940817222,0
1364024910,4114346127,0
1536799796,369934740,0
3521927425,712539475,0
1087062832,1176769945,0
2897418684,4054141109,0
219158348,2393284824,1
764023655,2199945414,0
2710172139,1969168815,1
2601194928,3670253103,0
1136286576,3115351512,1
3894466724,77252717,1
3095190279,2162717793,0
2109994002,3339272200,1
2206988096,2171195294,0
4174731096,3550009846,0
3063324715,3221883611,0
3524524269,3810129000,1
2715349613,4233842375,0
4261127517,113257781,1
480761125,937419029,0
2046480546,713190157,0
804264303,2911546887,1
3268277810,1768868145,1
3316603414,1419870041,1
3633925250,2243165258,1
3320392157,81369859,0
267932298,2247535734,1
2331858674,2963257090,1
3382497553,3200672959,0
3226285139,3153155624,0
2871497662,1998606923,0
3540457038,2984651723,0
3491970735,1294828187,1
1296925704,4084401796,1
2306429628,1865568442,0
2226545495,268713951,0
4172702638,2637021690,0
4150731051,842868946,0
1605978670,3554187223,0
3805673685,1877160210,1
1609694634,3164306930,1
2177531616,562074216,1
3520935668,1478730552,1
1885901094,3656759860,0
325403925,625454852,1
2401680456,3357012920,0
4011516649,1471450677,1
1641787872,230785400,1
3792429615,3175996191,0
535642809,2690034047,0
1841848383,3511025875,1
3461422677,1346090061,1
1526830851,479288269,0
1227960290,606550501,0
497925166,3418326894,1
3962635859,1985954978,0
867501962,635137124,1
3097621421,442752445,1
55735758,2877071762,1
2536770196,1162043143,0
3679900076,2485193017,1
2518219946,2347634175,1
342626310,1316679410,1
1719360058,2444863928,1
739952105,19156357,1
2104161122,4245709899,1
3545133285,2786072068,0
2481416493,533588453,1
3660445447,971002231,0
2950437345,1847134630,1
3706543148,3426545006,0
614416481,1886992772,1
845789455,2643212127,0
1589127465,4102746089,1
3168405446,3587488045,1
3855483372,707039712,0
1852765763,1148539893,0
3220584488,1766840331,0
3828981309,1601392419,1
2741573148,518602850,0
2783944536,700268392,1
2340037090,4178841598,1
2776017085,1695907692,1
4156479853,2309760127,0
1113671081,265465323,0
1970633931,1739403568,1
972172264,400274299,0
1447252463,1315552757,0
3022119852,809175812,1
3962587884,1946594888,1
1245736086,1682814988,0
1765642144,1288241401,0
3325604697,3401337622,0
3954662472,239405129,0
3435375484,1498609794,1
511375267,3362526710,1
3436575025,2293395863,1
1796218915,87693963,1
2523662101,669041077,0
3560881696,1341157676,1
863568237,151248022,0
1524889724,1429282958,0
2456237716,3695819915,1
3168774383,3168034210,1
8669441,1913205775,0
256480379,2817083284,0
2828797046,3041551987,1
376623185,2183686489,1
4072131824,2690238181,1
3987664996,2819871311,1
1651463573,1033075269,0
3341607682,1027249446,1
22461013,1708820188,0
1336668976,1531568912,0
1880629700,4202356564,1
282201054,1692679050,1
1977223717,2842060109,0
2373027905,599572551,0
4121350316,4180646518,0
151661109,733186828,0
1664938912,2171950979,0
1702451951,2055462742,1
3647196052,1084609772,0
3213392012,3598528091,1
3056826175,738001897,0
491430089,1853924480,1
1849156100,1712156464,0
2956115331,2209594568,0
2330216490,3708557066,0
2452383590,1895648112,1
2745900623,3775188545,1
1704229481,554800010,0
4067159245,3932772525,1
2554956099,1130624558,1
4089070362,2275717942,1
3754654094,602261810,1
2541319955,3805710869,0
3619420058,701654894,0
1122810986,3367397922,1
3534579603,215669318,0
4083537680,420939790,0
1125249323,2926772840,1
191533673,3677061078,0
308000222,131936,0
675711220,3997858947,0
2034997718,2026107192,0
3973013251,2563000120,1
4294262917,1071107316,1
453950020,730640153,0
1206793946,3854364746,1
2181006128,3034841622,0
2219433366,509555474,1
1684572533,37133289,1
3386650008,378217996,1
1343927016,1619434285,0
1531890171,2809596474,0
2204643448,398858293,1
2140794936,2855741159,1
1395406442,2469536262,1
2766013943,2441491986,1
2774935946,549484909,0
2736759498,1285841799,0
1452005103,2762539167,1
2798892395,3837959549,0
3576335371,2896524458,0
3667738739,4285301008,0
2647697009,1226243767,1
1373717281,379519341,1
2054110565,2914097404,0
2071309647,3195578426,0
1815833559,2786745733,1
408249710,1011992422,0
4175084934,2299581391,1
2503648323,170988822,0
2869947310,919964519,1
902069211,864421392,0
2455630274,3699881038,0
3395213706,2752925962,0
1750383999,650453550,0
246830269,3900428322,1
3555667609,65184214,0
2717476826,266465876,0
144608012,1468222886,0
1949686857,103552486,0
2641311450,3265997557,0
813566167,3983552952,1
3821026378,1899949798,0
1025881554,2167322206,0
396360164,524017848,0
1570861458,1972079930,1
3906077812,3856602688,0
874362470,2731802528,0
2185668312,2180803324,0
692384965,3380494525,1
2554660367,2519048911,0
1611729007,3024014621,0
3212655879,3089088307,0
2666514928,3838427028,1
796170040,1689045220,0
4164080721,535495434,1
1979492623,4224086967,1
574024881,993673524,0
274905179,883880103,0
2287825528,1064607982,0
3661175598,942661114,1
1801735548,3564192027,1
2184331411,669932733,0
2320828740,1014440788,1
3853342631,4028720869,1
759502077,2636845488,1
407628651,4011404848,0
1685595091,2469866342,0
2034159198,3267633446,1
3207381233,930200539,0
3626463678,1241864014,1
191200318,1001386327,1
978575719,4259632075,0
2287038731,1558014868,0
2516270089,1636175732,0
954040038,3097988046,1
1102493329,2801329525,0
1379032818,2551819864,0
2590141483,3991818,0
482413449,1459092972,1
2945799413,2579724275,1
841096683,2436925548,0
543261280,220148380,1
1703185099,4270616133,0
2925802329,1278208371,1
2866248142,855754857,0
1404646065,2182452047,0
3282145872,2080327372,1
3150855992,2575380772,0
2485956068,226533555,0
1086877695,668174230,0
3364677572,3015858507,1
2610933003,2552249200,0
318357974,2392324490,1
2751026656,2478782964,1
1922742730,2687283345,0
2380384755,3304757855,0
3956985635,1764078536,0
1285894269,650396840,0
2160729110,1889165582,0
2224827705,1016231293,0
2545907517,2004981922,1
1977884982,660221865,1
269407423,2232512034,1
312119030,4284757384,0
716830279,3067049619,1
578526,2324066189,0
3621851809,3233460380,0
2263802863,1166816430,1
137860115,3016404750,1
3314143723,764390687,1
382911590,3000771706,1
3312685276,6319693,1
77456930,3170306762,1
3849791524,966857123,1
2930000411,4156681113,0
694373516,2916568833,0
1855756090,753730788,0
1458278190,3555292974,1
289414437,3121749013,0
4128045486,572132274,0
154355436,3289822879,0
3351670261,2820507718,1
2622874773,2089433294,1
2244164149,1646678187,0
2538885340,2773367959,0
2324130601,315484129,1
88822683,2507521671,1
1389423628,537818184,0
3175734175,3663290934,0
3279547121,245316351,0
1864318403,359222071,1
98495675,3982960183,0
2864170508,728014532,0
2315300668,1233000451,1
3328982372,3704519206,1
839889572,2216513604,1
1698397410,3311994978,1
3175246716,3681610143,0
3260948467,2134150003,0
1119511189,2353330505,1
4040284539,1091240995,1
2549001941,2054435248,0
2060936947,3793406332,1
2594468101,128940620,0
1689682160,3428586696,1
1311299365,4030954728,0
3902313565,3016370700,1
1195966061,729110223,0
2449360850,3795095850,1
413392724,3089735710,1
1978002068,1227104661,0
3366276783,3654810585,0
1752998171,1620762513,0
2338634481,230950326,0
4092309343,3644158518,0
1992574866,46433264,0
1545048909,2368859672,1
3682285705,2682421597,1
294228500,282145481,0
1240380135,70942150,1
302760580,213055752,0
3951612354,1260503593,1
3015694510,293950597,0
2105194337,1054113964,1
3317007607,2849120384,0
2183391927,3739495038,0
1822496097,649268177,1
3417655090,2409826119,1
2912143145,4155548726,1
2852665365,3408360029,0
729633350,3596917087,0
2509694371,40638136,1
3438108444,848530720,1
966547516,2942802129,0
2661646263,3660253147,1
2689406206,217150069,0
3828877525,352289045,0
2697796243,753922611,1
4114295729,1749621628,0
3689190854,253857558,0
3074034672,319335376,1
1409577142,4008085330,0
3441844699,1269826587,0
1513438869,27397770,0
2660844778,3507507556,0
324537044,1922496425,1
3606982970,3286482466,0
2982642006,1751125889,0
3900811664,3301743795,0
333464581,3198999349,0
2725892364,722429211,0
2558599323,52950604,1
781209732,2454071456,1
1305892209,368898313,1
2968046237,553383344,1
1697103309,219521421,1
355260223,3595906490,0
1183469401,887258698,0
1000023515,2955711620,1
2102859513,297080489,1
1483232396,1967217936,0
2773222021,1359354541,1
1274435488,3289210672,0
663399571,444246124,0
3360106806,3543280000,1
2531685623,3941265046,0
3126509324,3133023034,0
2572876907,56817319,0
1092603544,2883086265,0
3452975511,207716282,0
3765186359,2152962526,0
3939315204,1295748368,1
3808800235,2427084245,1
2231996401,4230973893,1
680576339,2929081463,1
1494396968,1324861156,0
3703955761,4155157231,1
329148281,1285191659,0
3161099951,1464914198,1
4128148258,4275687062,0
4112779136,4095820843,0
3939569487,2195403527,1
971200902,2357548916,0
3132895896,1133917920,1
3052439998,4187938994,1
2694131509,885497765,1
2323243125,4183029564,1
341048701,3935996274,0
3984474366,2003257575,1
2395789549,2399881462,0
582922950,3855901599,1
3389812276,1982488352,1
3111035529,2807992721,0
1038923790,3850758845,0
2121800763,61005202,1
3279968839,1677354575,1
1869703276,3632054232,0
2880773370,361325560,0
865337779,117854945,1
2724878320,2138399868,1
2156289234,530002484,0
1040591969,2413564105,1
3843172302,4130405815,1
786432315,3908454430,1
3873803642,3806974669,0
3444721804,675378476,1
795408923,2095232445,0
3020449024,771100844,1
1822341257,1210833076,0
2589619907,1729599312,0
2374648016,4036252125,1
3601294985,3539042970,0
1321054090,3796074438,1
2304791292,309804365,1
2322415819,471827115,1
2087228322,57588102,1
4284363989,1950038983,1
3346220143,2037140201,0
1759877618,312190257,1
2581332767,472836798,1
116715789,1202129789,0
1648549962,2674431222,0
2046281268,2067073056,0
1665045420,812346247,0
1053780173,2848897814,0
4204691892,94773402,0
2230052552,4197402056,0
2898185105,4221724675,0
57563860,1071414827,0
1247707351,1226754296,0
4182513035,1700711707,1
2632112424,3485380688,1
2841912381,157680885,0
1848094783,76107219,1
1268925662,2466546351,0
4216400944,1751872513,0
2263046403,1059957807,1
1984336961,3899416297,1
1933827235,4104483206,0
3886052215,2508885455,1
717058070,2431030604,0
496966258,1045513693,1
2136917390,1424283544,0
944056784,1171025627,0
966912870,4199374211,1
3104002730,4039433705,0
945860452,2979872174,0
2744622235,2894970613,0
753324091,2909060379,1
4086412390,3388827316,0
3606920428,185113550,0
2462516692,3260253564,0
3393446369,1349896117,1
827709674,4048776414,1
1234155169,3531974457,1
331047551,820906059,0
546318845,2874658576,0
2732354676,1461896504,1
594575932,1912437350,0
1155430561,2502371004,0
1203164557,1187673231,1
3886392934,1595591340,1
3323314587,1014716279,1
1253604374,3593602511,1
3029968324,1296244749,1
1203848448,3258973244,1
1117046581,3503167901,1
49039847,3624434495,0
1983602639,2659462277,0
3690651984,3507344692,1
2048027103,263909797,0
498313616,1162304007,0
406782421,3021054313,1
549183741,230359655,0
1940430574,3248631830,1
3197117503,821741207,1
3896372960,3856728781,0
2070210276,4252109872,1
3282262536,1932877791,1
28699540,1766108008,0
3956425274,1846053730,1
2996472517,4229880267,0
3455278203,3953671542,0
2780515323,1564860327,1
1490193278,490644777,0
3354348848,906921411,1
2864087729,4005343513,0
2335627828,892422993,0
1903986970,3562182111,0
3990623853,1183550275,0
51982472,947689058,0
2384138070,1014069534,1
4232523877,3795334680,1
2262575662,349627510,1
1750078471,246310475,1
1735554418,1288280680,1
1547506124,3600463624,1
1238675105,3760593889,1
3878758027,2876573446,0
2359322086,3898693990,0
1980696745,1332758926,0
3724709061,1735361322,1
967728835,509851703,0
2150075964,843077603,0
2720949520,924326997,1
4082499777,2890908680,0
682219253,4143740914,1
1967897673,1918624280,0
4284834350,1259057858,1
1766054140,2648371225,0
2615544324,130599528,1
694151795,670168716,0
3686624477,1839710100,1
3341592963,2621489156,0
780495598,1410404988,0
2938887064,1494315280,1
738542086,1018414625,1
247594480,1902815283,0
4261749223,2858397724,1
619959501,3323617381,1
3134726162,4139588938,0
4252388598,652346142,0
2901652512,107557674,1
2921434980,3776158743,1
3462469705,860072200,1
554473757,2402175949,1
408381950,3129065418,1
4009657276,1728179099,0
2367272624,1412944749,1
3561496676,2080511180,1
2613096487,3221026545,0
363205533,4204909735,0
1153413018,191354454,1
2586072750,3503702936,0
1702891654,2881901506,1
2025490829,560546684,1
2606387839,1807049778,0
58571565,3009904565,1
3672412144,1911706069,1
2673246233,3156909145,0
279440476,11612008,1
1420090346,2924350882,1
21159335,2743653183,1
3218607485,4031748653,0
2519015895,377214299,1
723181672,1633693234,1
1339445075,3432357365,0
553401021,329885449,0
1007828845,3889259705,0
809178,2965269997,0
4156899165,1875368861,1
1549926529,521963023,1
671654728,3707138899,0
3943806828,1590135107,0
3473375226,1360371130,1
1389762887,3203420531,1
2813891035,886197984,1
3691804572,722061881,0
2952095938,1441252962,1
2856735683,611617043,1
4044536278,4194540824,0
3311018345,3277900289,1
4207227489,3269435017,1
1843946531,3388107835,1
731193644,2938906359,1
30396532,3758742848,1
3167574292,589048260,0
1519512894,2443645200,0
165955610,1390847594,1
1920191452,397246913,1
3847494398,2245237716,0
1668553356,4027936249,1
555078803,2186494167,1
1552626781,2900728001,1
2570816827,2776454190,1
3582623768,2556492253,0
3910544111,968979979,1
3061356810,4053496096,0
1730777473,415488537,1
3937590330,1135897795,0
4235897194,3010195239,0
867650688,2627794236,0
962436188,1486320038,1
3257740787,1965271078,0
534220194,2203229525,0
3794359293,3257090481,1
3203444469,320569606,0
2482031006,3215362107,1
800372852,4099551227,1
1462031957,386187353,0
647148950,2233701076,0
2538533082,559153698,1
3589845031,3487282503,0
1590842916,1992067010,0
1291670372,3738660300,1
786045372,424073081,0
1030251476,2078852519,0
699900140,3793082913,1
4226721654,180024509,0
3623824221,1393054654,0
2309869358,1154761205,1
848103899,2913417840,1
1652718963,115395704,0
436416072,3091576844,1
3258657494,266058271,0
3448595099,2303171251,1
574788433,2712094853,0
1864105883,1471417497,0
2437389766,1165324150,1
1065512148,350527620,1
3215406795,1778722358,0
855859568,1347344653,0
2624153399,607357935,1
942976910,3127236282,0
3380010990,2248786816,0
3809313453,1598471960,0
3875421623,2577745310,1
2247683657,1751264787,0
1433852441,2062569036,1
2693063333,276744029,1
306045335,1298881910,0
2340872789,3426233954,0
1921861039,2739767710,0
870300538,2772548947,0
2150164854,3364976145,0
2131275931,1894193319,1
276502654,1053938208,1
1665700381,2650829013,0
3128843623,4165802695,0
1434733664,4261190125,0
2479394545,1077517526,0
2877827725,1263156973,1
1496192127,2597872443,1
3516244860,2834028050,1
3611515913,1888671015,0
1730327564,4170156630,0
2357244080,3749973926,0
181045871,3435966538,1
2507937624,857882084,1
2112827973,3578585468,0
2432430129,355318037,1
1505483253,3718846692,1
218279546,393592975,1
2955516032,4179332994,0
3146204326,967676494,1
3557303426,3627812473,0
1845469337,3539943612,1
3663992035,3532587635,0
248710340,2164106808,1
3419831007,4166438073,0
2208476663,3204817149,0
2873365953,2283979508,1
3883890711,4113989511,1
1595245374,2806260741,0
3563477985,611909453,1
265304865,1812597817,1
3606560983,1678312984,1
4121432870,1670787418,1
2438555255,4218120199,1
2735474651,3349305210,0
344370553,2055263705,0
698790074,211402223,0
1972202734,484657817,0
103902832,1474834641,0
3712712532,2312251915,0
411805731,2190304871,1
2960621054,609080582,1
3583305689,861368498,0
2396773561,1018271047,0
171963516,2317449344,1
1486080071,1325267562,1
499036374,2308908415,0
2458505867,3074011838,1
3147358668,1072319974,0
2921173671,4059558203,1
2816872694,3262142531,1
709891472,4154398131,0
1417406795,1001315423,1
3822683960,1908613472,1
628167491,753292726,1
4119186574,3464987615,1
204617662,3741997234,0
3034971062,3457950549,0
1587309117,2397326996,0
1891174659,1774562444,0
1257583717,4042773141,1
3292157063,2083136407,0
1501118456,448628740,0
1102034458,3310968478,1
1969098286,582776883,0
2605468760,3462542388,1
3524444818,2071351040,0
3576979215,3719594902,0
1162113545,2299400929,1
2362626893,2191070597,0
3949355674,4147387825,0
2761156798,2832556630,0
1208212753,1310019284,1
4026051093,373736122,0
906853717,1476691472,1
1935732478,1796602167,1
493633440,693067538,0
3981909827,1408054353,0
2451645133,1204556708,1
1801515412,2964914071,0
4035772498,1120636750,0
3462584939,2992282719,0
1256342742,2016567314,0
3511147917,190409665,1
116683198,1636345070,0
2418662065,2957544356,1
1309649373,3441532640,1
34552758,2490235142,1
3437236828,781090273,1
2571862056,701525546,0
1097335565,3584540837,0
534158179,1502971640,0
1219382061,3524685530,1
1780133878,3708638156,0
1959520894,562527951,0
1397886505,2317394635,1
1114872382,68840394,0
3587398511,2932468932,1
4101036577,1411146515,0
2403843557,3537362643,0
2591118561,1502613137,0
807560090,1846772433,0
2527801048,3737303682,1
2236177534,1269804683,1
1120708044,3349013215,1
1608381059,587745515,0
3030468195,2856393708,0
1286100085,2174672115,0
3154988130,4189624754,0
3152633846,1964702965,0
3581131507,3325111667,1
1199177373,564940473,1
3543909219,1256348503,0
2610022724,3001257014,1
3023509028,2430921991,1
3323901916,3363884757,0
47380429,3276601949,0
1627702335,3624323532,1
3463477179,972902951,0
4241828184,2576378464,1
2169247406,426930834,1
4198339491,1950288131,1
1693306698,2905328254,1
889026359,2008675508,0
2640822851,285307639,1
2950725305,3604107254,0
4200743522,2467187072,0
3721864377,1138343652,1
984286043,3202832966,0
1516339899,3688080332,0
3301567435,3039090308,1
3616035833,1492560372,1
719082921,1767548254,1
2476917941,563877556,0
3913010277,3357086283,0
2829061239,1883157262,0
1206905126,173024967,0
3064787690,313949058,1
2479268735,3558329449,0
2685234019,507761390,0
1209124347,172906799,0
893296881,2372955261,1
1644680441,275378693,1
3335199317,2832857173,1
1111721739,3229446487,1
3887604081,3320714759,1
604245105,3064974728,1
2400803543,3763218016,0
3118055439,3453458642,1
3098425828,1410345000,1
2245575529,3792597037,1
1840954185,1057610620,0
1723596226,3443207831,0
1729807176,449839664,1
3372703871,1838912469,0
290869532,572577483,1
154137469,2808946957,1
285755506,3211778889,1
3256733245,1644470614,0
1547810958,850813768,0
3794776290,1377930478,1
2900729266,1269296643,1
2682696911,372401883,0
968252089,2441538150,0
4047277222,1798208086,1
3184551573,1571748777,1
2725510740,2414582544,0
495616204,2033390662,0
2591983124,4219896712,0
249503032,416464408,0
2656553499,924086342,0
2010111740,242408675,1
799299492,646273495,0
1533514218,4246305750,1
2035476137,193923647,0
542081589,268615846,1
4044681126,1425806759,0
2613604735,3440185916,0
665374320,3059704148,1
2444475992,626824707,1
780026061,483572374,0
833359504,940692532,1
4006881768,4220834183,0
3424135445,1641203741,1
167237535,147881368,0
2948881233,3208676712,0
1558335676,4109153504,1
3015691540,267947649,1
1452828976,4048690355,0
2057590266,4072709333,0
3400325542,958044267,0
941102411,2486690065,0
2179033991,602905931,1
2349457508,2035567241,1
1883508468,1845216158,0
2340103321,328306709,0
246342617,3528196808,1
2878952004,3101967487,1
1135463691,2982103947,1
4179169638,2241708821,1
2810377519,559862422,0
949993543,2607999240,1
696356211,3001541446,1
4261817268,913248606,1
3788743599,194343786,0
4169024005,4094834206,0
1672030476,4156543272,1
3071924301,2917889551,1
1730390499,2454286553,1
528686216,1535318286,1
2243880522,2697752835,0
1873831837,2447092871,1
4169339315,1338697623,0
215719099,534061312,0
655426504,2572935488,1
1994725549,3553469365,0
3284204668,607543048,1
437627536,606445372,0
4159627633,2101924945,0
126118083,3592733633,0
824875896,3829703316,1
1619140571,899605667,0
993805952,1168363726,1
1836079824,3666418378,0
3692470201,1314935069,1
1508420674,3050884358,1
3140980533,1315410550,0
2000209815,2832616571,1
4144709442,3520262008,0
3741794763,1791832093,0
3914954163,2659306505,0
1276854234,725033451,0
1780332957,2062848147,0
3473726552,3222345585,0
1521568479,2757740544,0
3451450891,1697625838,0
4208133625,411153154,0
3919910786,2810129514,1
2116603991,4062585067,1
2535882236,935068111,0
739101396,2856548472,1
4085942537,1930542673,1
2649065417,3795393734,0
3419827299,238009435,0
1808837975,1715922192,1
693047957,3856688267,0
285457816,3181125873,0
2810165115,454726720,0
1135057914,2726903351,0
260399262,1368761418,0
3639066298,580499526,1
1879032827,3920718183,1
2188199126,813670966,1
1257501591,235507740,1
1631954469,1112776402,1
1737609128,246145894,0
2317178469,1042783997,1
1325850994,355339975,0
171184865,439605748,1
1353728689,4079788025,0
1357479109,3506172037,1
1440248355,3808850046,1
3284443696,3205604189,0
1772541365,3818770623,1
2569558312,1260219714,1
745413031,2242111497,1
2973658917,2580382638,0
1172830188,4017875390,0
3279327502,1829257794,1
4246801408,2502643848,1
321558947,1126735187,1
2840565126,1175276655,0
362071380,2051886799,0
1875786967,2018565768,1
1889650679,3877930850,1
2120915161,624173395,0
3860162137,1233330082,1
1179856448,2390850432,1
583070856,3236583968,1
2610275500,1764324506,0
497293656,2179907872,1
4016611530,2574955034,1
296398176,3212115852,1
745091232,1505013461,0
4272716335,377047590,0
4210651704,3888229587,0
458347328,2345423087,1
2964196883,2216761773,1
3746359171,1606038455,1
2964445418,4157590434,1
2733323098,3301031704,0
1288093464,141804251,1
304651525,1548226212,0
1875738141,3492001057,1
1511781513,316500830,1
780563876,3823113826,0
2342612053,226625075,0
3293010511,1377908939,1
3105903393,3774285212,0
537408889,1763982780,0
3330206099,1146902291,1
3216184633,1396771439,0
1858746875,16517967,1
2035017856,1533980710,1
389298685,691718308,1
609520694,1025831864,1
2572593090,2276077485,0
929171903,2874706374,1
2414887909,931556546,1
3144442652,1142451408,0
3897168154,1909234312,0
94117048,2379382935,0
3579588169,2105203437,1
2962577573,3713653588,0
3507623255,2248847214,0
900882073,1995498347,0
1726092381,2567565872,0
313110977,3758670265,0
174198448,1390794464,0
3513432436,1627946436,1
3121028158,48544005,0
1057790390,3680079798,0
3635751408,1196762845,0
314499608,120091327,1
658917943,3940229300,1
311741809,3651091705,1
3142733810,4005009410,0
1220031925,4034838913,1
4076405618,2275104164,0
1219058556,3266555364,1
2705524647,898490299,1
3726372999,626884563,1
1957469025,3397810633,1
3562209899,1260722329,0
3558248560,3154076560,0
3435988799,475038824,0
1899270798,3252555302,1
1895041430,2903848966,0
3750893350,653043637,0
2809658498,3858540482,0
1707026818,2221758577,0
1768046731,3360812537,0
488021119,2901508714,1
2387577197,3759258545,1
2828409983,2320480177,0
1707343104,3385925024,1
3001812285,1557043117,1
1476908405,3333234333,1
3358730293,2652267345,0
2973483939,1657586306,1
2910214012,2102775853,1
3552336461,3677987195,1
2632104731,1964764982,1
2318066398,1555543839,1
3858557487,1633309578,1
346180867,2022758909,0
4191848776,2852724624,0
190644021,427549012,0
127424038,3354023092,0
3845482165,632061351,0
934910650,65731772,1
1847277766,3742270470,0
596447794,3339145793,0
368954362,3690934763,1
1768945575,2214813933,0
4252036110,2132423398,1
1934242734,2461197523,0
2436015511,640687204,1
3278633542,204022245,1
3519283904,1076010596,1
3642337513,3041360109,0
1679473397,2365068667,0
1614877159,3512666096,0
2908347486,1178997207,0
2195607091,584645271,1
1775650670,838398738,1
576761376,4023844660,1
2607429863,2755240765,0
2785966127,1873033505,1
3032328547,813438530,0
49976,2042152666,0
2284344601,1803457471,1
2279595572,3445180899,1
2636824654,1526086704,0
1339961168,7059903,0
2254730576,3724501186,1
2506898798,3914237262,1
1722445716,4176258192,1
3103494811,3896260077,1
3581801607,997684943,1
3786510348,1455756733,0
454968949,229842864,0
1253228206,2767228173,1
3351791497,3987376776,0
3892333787,1348096086,0
2984940116,2316344349,1
2319198188,305329120,1
2698262139,1347359210,0
375825332,2709624686,1
2340016963,2366745799,0
3461075907,2969609369,0
2901587921,1790176064,1
1567216387,3744669147,1
2317376347,1449466955,0
2234201297,2200313230,0
2857247155,1519642431,1
2234112702,3549106755,0
2273608265,429283497,1
4214229969,878875106,1
476696154,430551414,0
1286624783,2706229355,0
3371106845,3329647848,0
3999748481,2829171637,1
3737227039,3023800980,1
3049899481,4242351961,0
1881965364,4193674796,1
1564889562,22074556,0
1810861684,395473144,1
3068428440,2235718753,0
1600018239,1879979445,0
3868190060,1890651920,1
444220068,979410621,1
255866785,2510213565,1
44786626,193107918,0
1006768199,3025783646,1
2069605077,241213985,0
531485602,2303175066,1
871605060,1194555643,0
2148339094,359717402,1
700231438,235075176,0
89957925,1797904567,0
577995635,3453073843,1
82102991,2784141555,0
2087420684,2826443195,0
821157796,2407671945,0
651095874,3028127616,0
192644589,2587588201,0
435514577,2609875577,1
336602635,1648243847,1
3629915491,1280629885,1
91658681,3682900969,1
2026825979,4002445975,1
2707589113,2638299678,1
1236272982,1109617014,1
2035842082,2046385588,0
2808780492,728006384,1
3190408986,3561174905,0
1197264535,2498539900,0
2767061562,2750414344,0
1482785013,3434790716,1
194644810,3837144083,0
2037258074,2403372875,0
2600528258,1218086774,0
2719026366,2694954088,0
816506115,3430200456,0
3987093459,1729909045,0
2618322722,1578241634,1
2298678390,3762409573,1
1161330322,1897661340,0
1180414899,3450908298,1
3026038233,1376113037,0
2427022935,992484717,0
1255067730,217421877,0
1674488999,400597809,0
2988863955,4030750186,0
2800296794,9419134,1
3366222906,1484253005,0
473987826,2762626904,1
2024423029,3668221961,1
2551566122,562892519,0
2840081333,1944747493,1
2326353652,1825161447,0
1586912827,299442653,0
1117707648,3169375635,0
46290332,1486635665,1
3277727032,3810148476,0
3767714779,1363886544,0
2932877318,1532670109,1
2193116582,575060442,1
1205525228,1243133266,0
562063352,3350132052,1
2540758219,2271639599,1
1422181906,3039722346,1
1482601176,4221415962,1
534084183,1149196030,1
2268054371,3346863826,1
770328206,1691165443,0
604202702,2379555706,1
2391774716,3306036545,0
4056375747,2568101,0
1989831088,352040135,0
3873089970,3125151940,0
3564887813,878807965,1
4036676104,1161913184,1
1762569969,4245952105,1
974805936,1570221595,0
960224789,3536937341,1
4196630729,2306574889,0
3273866,2782649411,1
4237864802,2128253314,1
883420081,1348085006,0
49359781,16480387,0
3631843099,2256877773,0
901321770,396042282,1
1476369854,2502509321,1
3107184712,627155489,0
1244827986,3809987269,1
654599769,2968618734,1
576758743,2508107625,1
3908998500,3436860065,0
24480756,4199007269,1
1599359025,2316431926,1
2314184248,392168325,0
1394292092,3644166976,1
3315768345,950212973,0
4020640401,2678087205,1
260196542,2203101358,1
4259791296,891381511,0
3396341253,2047771353,1
3214286330,1639030390,0
3109440595,1271018394,0
2223887409,1015480553,1
3252622582,2847680145,0
2847743717,3237263178,0
2316744480,2503265346,1
3378886615,1363174738,0
1509284909,2504003600,1
3709311669,201831247,0
2680914086,3751398565,1
1559217968,3536139560,1
144586885,2723980821,1
4025901759,3922304510,0
3042940094,523505343,0
1062580505,2182320284,1
3767280920,2380861312,0
1499507113,4195540938,1
3755220677,2117792553,1
4256855598,2332259280,0
3096858913,1921267489,1
2622278357,3218517224,0
1023015479,3787688956,1
2796557913,1358877845,1
2501587519,2162746783,1
1305800079,2988416619,0
3929966659,720643208,1
3818775331,156599009,0
1922439995,3322466878,0
1028688348,3739578443,0
4132330316,906488580,1
1603169500,3411051680,1
3232634764,1149227103,1
3950235014,2276273547,1
3227026176,2498384544,1
3136865496,4203622557,1
879131709,3775057876,1
1368552859,2278760664,1
3136383309,1763065996,0
255656662,1002156839,0
2421546727,3354892362,1
1996200169,3464590353,1
2566965755,2338847309,0
3178968866,89155041,0
623406226,2295786814,1
1278222376,4146019365,1
2511130329,3800221213,0
1116283370,1237743128,0
1214383511,3080009390,0
267290922,4278486353,1
3242880396,3546401505,0
596010997,2506108305,1
3907882717,2936903851,1
2699178683,3391374636,1
991255513,3222646126,0
924620386,4180337862,1
1154687952,3914925939,0
1533429348,3689856908,0
1663838484,3370560126,0
1554767458,2860868830,1
1874806787,395398319,1
1438731272,2852878160,1
434869480,2312972700,1
1604009644,1261757889,0
2110624995,4151289971,0
167414903,2933953508,0
2199380102,4224308698,1
33679364,2025719138,0
3404870160,843905116,0
4245096690,3922802724,1
3998994058,1079063746,1
3823629217,4012805623,0
3664650994,2121321022,1
2323267368,3916662902,1
2647118052,335383068,1
2148715250,2133554406,1
913300670,778176278,0
703863646,2980782107,0
3616077148,2556419659,0
869243255,1842451307,1
811676967,1150264680,1
1848671662,1754303381,0
624763754,3651099480,1
3675186737,2115423355,0
2510407489,3417334678,0
1666390463,415086422,0
3256384131,2317766286,1
4073175686,2144697222,1
4082610855,1150120319,1
3360936453,1148549761,1
3467430920,3686168225,1
2503136290,3231826889,0
1245412174,845626974,0
84833985,2037397005,1
2201835416,517060720,0
820368959,2795990047,1
3402533049,1822987036,1
3314670605,771713185,1
4114160888,1164441652,1
677605597,1028981019,1
96342262,2107645034,1
1945903818,3993928202,1
3562704868,1948430194,1
2405575524,1986824134,0
2201891133,3535931520,0
3906817468,3459305535,0
52005527,2419820507,0
4018463315,2106459163,1
3645001060,3035653609,1
2947752871,4066287125,0
3807741037,1776524026,1
3310099715,1885758600,1
2471364480,2637681909,0
3858355571,1461132015,1
2360582916,4227255006,0
3859100153,1321946404,1
2623280418,3719877820,0
2508692010,4122842690,1
4084148099,1896458631,1
247832162,1576087234,0
2923824311,3008331659,0
1750769798,3130471977,0
3750043776,3120970030,1
2561759818,1757634250,1
3151000155,87425228,1
144639045,4138996379,0
584390659,2597844083,1
59036718,637831750,0
2395932870,515206254,1
3004929066,1523842777,0
3507799447,4258260652,0
1393767552,1956999908,0
2091899081,3472453341,1
3801293636,1894120832,1
1655350345,3236702861,1
857665491,3510923595,1
2819554171,1409750454,0
2523664679,1855406063,1
3287852869,3884195650,0
3601541462,397286362,0
867831368,2644288733,1
2239652084,1969322230,0
4197505473,2424898323,0
3283736871,970212747,1
1495059187,4280047925,0
1967190418,911759897,0
2065762819,1631020352,0
28938967,3233545988,1
1794573292,3969722628,1
126718975,3542518873,0
3975582058,592772011,0
2076219115,244303736,0
3532760051,1900855200,0
1989405809,700563346,1
4033268389,1224949571,0
3763763296,3185264941,0
2930963842,548181982,1
1258268306,443939530,1
2889961802,2581041207,0
2268272537,554511765,1
2626899330,489328841,1
173305486,969758730,0
3866850416,4281692495,0
1151648325,2593288340,0
1358369948,973981001,0
468180461,2441675521,1
3307356671,2097991091,1
3389420013,3739344051,0
2382235189,545874193,0
971861355,1089356438,0
831625324,2950652656,1
2445917231,3492078137,0
1147841295,3480934475,0
581341371,238823887,0
2372973589,3523967353,0
2385618035,329183882,1
2536010871,3710303145,1
2177206692,1412282388,0
3819904821,3075805149,1
1876883032,1719330547,0
4058539880,1339469252,1
2818074170,1364488327,0
8074037,925568719,0
2943959058,1008262578,0
23719028,3073574588,1
2164139254,3469976153,1
1178021335,1971710278,1
2244449402,2048007370,0
1220285172,3905676737,1
835903026,1222095957,0
2847933642,1961099035,1
3714253238,3922538649,1
2301823618,3798226089,0
3470430781,3706595641,0
3566143926,2789859251,1
3752506907,750103959,0
3366751237,1654792713,1
1348880840,2826324630,0
304476999,2948554922,0
3554166706,1622807065,0
2008124930,3179528242,1
1827302474,2922650566,1
3858519726,1742651502,1
1906048836,3523031904,1
1673817680,2249133034,1
38887321,4028954792,0
2154251215,2302769848,0
1765633622,2561664333,0
272296361,1431890186,1
1982225887,706948505,0
1394102290,2014248839,1
725223274,4038056057,0
4257709356,2393193277,1
4015770501,3807499331,0
3457048264,1687471633,0
2210437487,819161877,0
2910113341,920535079,1
2675762773,2922285990,1
3932782288,1334512175,0
1933265090,350758287,0
2083624400,2268292003,1
3713688097,3830651689,0
421916070,3733077592,0
2992576828,706033140,1
2293608652,3831460005,1
1807751986,1042690646,1
3052222283,597099811,1
1982030612,1401249901,0
847084850,2963735258,1
3863108592,2622772596,1
3730400290,3911867702,0
1659245404,1710601941,0
4021236742,4083735062,0
2276296284,1708899521,0
3887702719,1115044914,1
1185526917,292529296,1
4266776439,1619754463,1
1836106388,2576842319,0
1245231681,391029557,1
214828142,3978463749,0
2465032938,52856931,1
1108044575,3686903319,1
815506679,2250352142,1
3066833107,296511366,0
1938058216,2070741581,0
2218025884,234126955,0
38819913,593243644,0
3528023523,500187307,0
2491011407,3224531082,0
2924498871,1119813403,1
310596897,3558116995,0
815363859,2928657783,1
3486249953,361354593,1
910507535,1641276556,0
3086963137,4110862794,0
2446154744,919100147,0
4253170592,2555067528,1
358782573,2534686873,1
3831536809,140048173,1
3943310229,1729416009,1
321680533,2066098189,1
403881991,1072763269,0
461481011,2682518595,1
2801281877,3547920824,0
3059108300,1052284384,1
4132023832,2542670173,1
1492811216,2725453706,1
3351644291,4058847446,0
995814050,2302710939,1
711944536,3897665397,1
3234914965,4032523145,0
1874334377,524703397,1
837496436,2146546924,1
3891717146,4019819876,0
2527609447,431913646,0
752487559,1644408172,1
475541325,3586070932,0
1643925781,775338956,1
188548829,3220623887,0
3775185623,641021587,0
3108385643,1651801450,1
3928740200,4198314442,0
2297917041,478835984,0
3915466332,2956210427,1
16394487,568673472,0
2895919676,2686407822,0
3027067176,3628821487,1
2564506784,4007018187,0
3580469989,3488914391,0
1735071771,2649754418,0
1336936754,3317364730,1
2137897536,1493647449,1
1816229469,3551146532,1
2620897083,3251496889,0
1515945242,1067749845,0
3112043891,922810303,1
1136598805,241481524,0
1341529159,3986167032,0
1927639934,1704050010,0
2200246288,1529408134,0
4213761870,1734807635,1
3261590709,818663000,0
1919566380,2855818764,1
280051608,3472076220,0
2878531023,3768710350,1
2357330032,2075465975,0
1290592081,2036520142,0
1985544289,1852135380,0
2119766412,3287210601,0
633932424,3090123596,1
2095045138,3674540362,1
1759816621,3057062996,0
2065724011,1617562928,1
2557050294,738203968,0
1269998959,1046130046,0
2347836231,700161761,0
690039509,3038489261,1
1213209847,1083683523,0
3366360076,4293067622,0
4056333494,1053091542,1
1396311105,3459295685,0
3010203569,3968863274,0
1660521018,1962017523,0
2197654817,542330413,0
1680948011,903545953,1
2669516824,388973816,1
561415236,1841351968,1
811918576,707073702,0
3527019769,1842808861,0
3321415765,1033542677,1
812657092,1300443632,1
1972529003,628938924,0
3327111566,2680053090,0
182202377,4190938112,0
1677966900,2415615750,0
2564399351,1126000476,1
1974181152,3317504436,1
2905407649,2909381340,0
2802545793,3006702094,1
1304775422,3718244165,1
71953457,2994413201,1
3814405937,1834067353,1
3754534485,398207094,0
4179921088,2881670711,1
100938824,2049840352,1
338297553,235453634,1
1707732171,526124309,0
604841748,3586950583,1
522164144,4175540336,1
3387879928,1448739507,0
609012610,3166611106,1
662806054,3110649507,0
1407363431,3757336947,1
3427175834,1354247638,1
1851503984,2425109721,0
3402494766,1993018202,1
4257443165,2542692964,0
3381742778,994710231,0
333501357,616196623,0
4285607954,1682521012,0
3668855145,3505032796,0
3090889601,3985951933,0
3143455835,2055002728,1
295270677,3153567737,1
3241656625,1425877049,1
901638185,3841746906,1
4185839941,4245746936,0
3881848948,1159374476,1
1320461527,4273872927,1
3528903598,3541078186,0
3202986378,1504091901,0
1525507986,4244631218,1
2287087535,1690651698,0
77842160,2728693006,0
1488309978,3363652717,0
1373343054,339725634,1
1335745546,1433062604,0
318280364,2270562823,0
1927694479,2180794503,1
1446419213,2915578929,1
822175620,1200208453,0
2723931240,853812197,1
983038964,929381332,1
876326378,2002740720,0
2095317155,1997200647,0
1965858327,4177420071,1
2785306990,3304730688,0
3887730303,3725376823,1
687361706,2337884556,1
3032927664,3472784030,0
178667193,4060895408,1
1432830246,373967988,0
472489249,2405635001,1
3319672494,3139064246,0
3478812992,4022047347,1
323655697,1696135761,1
3020757847,2548349852,1
4271114683,1452347583,1
183108255,2658548536,0
2487538752,4136736535,0
4112207928,1452061491,0
4095153893,1969044252,1
392523431,1437907968,0
1971466330,3756039882,1
269249878,793874860,0
1279267820,1257402013,1
1814330327,4228562859,1
605416964,1819124443,0
981343133,1649450590,0
1734728099,2600522167,0
3307804346,3721259260,0
132533665,3664648497,0
132242244,801125,0
2905229110,524464968,0
2776519139,571272749,0
3132039373,3676496623,0
4030618274,2047640642,1
1785005137,2248016765,0
351007685,2439431034,0
946970249,4164468762,0
1650155267,1032076888,0
2277630329,1595439763,0
2546229191,31581057,0
3529737049,3292504499,0
3657388941,1300614085,1
1643169966,778357885,0
2221526217,2769836886,0
1071792759,2968062134,0
687301865,759766602,0
2139067209,2163326081,0
3595816357,646539725,1
4144583300,3735860115,1
3264940117,1793979537,1
2633265664,1255282980,1
2028434890,329673361,0
2770691334,2537548430,1
1569261608,876084757,1
3350989591,1172700519,0
329565515,2475825583,1
30190179,761035986,0
2554452049,4035329911,1
2575998188,2648760915,0
1906332100,4088311624,1
3606923341,3033304168,0
1760167641,8919641,1
3159838792,681148727,1
3177117578,1236973565,0
3079082440,4102297865,1
4033219506,2812023957,0
2530196759,3660961278,1
2715631182,1003164183,0
3487144404,3866665095,1
1015595362,3667024858,1
3105812280,3524244602,0
995743522,843311720,1
2756228236,1322073152,0
1550166430,4071060462,1
2419293505,567124157,1
280053992,1660669616,1
734905497,3397388950,1
3353217254,3086791973,1
4156927195,3113877388,0
904970935,1724265189,0
1517010533,458032002,1
631625852,1738280906,0
1629094031,4024976335,1
2909976118,2760707985,0
2942629459,3947968435,0
4260318712,3202981018,1
2611656673,1239726493,1
3128885200,2693507020,1
541712368,1694319990,1
2935811434,552222526,1
3688364502,1533227867,0
940893373,1418561851,0
1805874280,4286700552,1
1958416090,2489926378,0
3076902156,1880765671,0
1288835992,2149333973,1
3927303736,1950350576,1
1149336702,3170408577,0
3135348904,12044268,1
134955682,3623900306,0
333352364,1322361951,0
1689845652,935910763,0
2728822271,1082682050,1
2537039406,456157251,1
3523494575,1907460450,0
1672906495,3813175875,1
3192980832,2677816876,0
152775696,2650934573,0
1798703595,2828928963,0
440526036,3457866639,0
206957353,4062914026,0
3284795161,1177337998,0
4060630422,722328097,1
1368864876,2090180302,1
183385879,1757999491,1
1568899838,3953483850,1
1345020516,3221347491,0
4140472383,2635554729,0
407669423,866702697,0
3399716584,520992400,0
2313680264,4016533516,0
2365270126,620067986,1
3239833001,1113424590,1
882192349,3883231763,0
1592472654,4141730042,1
837412104,1030018863,0
3792090255,3908120279,0
3974970749,2234206329,1
3852322079,2035595765,1
198099208,2431259214,0
976716348,3005210983,0
1448291228,3735116954,0
472218523,1436249831,1
2857407811,1078380846,0
4081562201,3412269138,0
1837938049,1600784981,1
4213683538,3656248312,1
1244611168,2854346380,1
3935210787,804317135,1
682505397,3510739972,0
4135058574,3350987825,0
2843134950,2085783431,0
3637488225,2410574783,0
4008303973,1356586724,1
685014053,2565939063,0
1246916011,4130550600,1
4108503539,1954561331,1
2526309494,745159869,0
2145043111,1472482115,0
3238867827,3409900751,0
1117369215,4000997905,0
3402733053,1452789225,1
2630983032,2354265723,0
1114676267,1199981966,1
33484739,2172928827,1
3563332598,883070659,1
1603138693,3448778426,0
957105758,4122660346,1
910079209,1537431638,0
1390886200,2699105052,1
709709184,2248688473,0
1179329788,2696764952,1
3371620372,2014800147,0
4169305823,2863098564,0
150357841,2336346720,0
3754928710,2987685131,0
2479054636,2580897425,0
2818524446,1106376546,1
3271898327,3248085296,0
2888195871,1684562623,0
187857881,1464405901,0
1441435909,1102291385,0
3715977147,868225064,0
1156408212,752017289,1
259110251,149931318,1
3145843359,2506564567,0
682567911,2219169935,1
3563051438,4050420009,0
2896423762,1183145462,1
771523596,1438786197,1
1359591152,4245141228,1
3706438228,1699852185,0
1575678096,4167321772,1
810742609,3930125585,1
3967756775,4284038976,1
1403348515,1560169826,0
3051876547,3263773195,1
387878160,1195157888,1
4162318453,538039377,1
3182158712,2247991775,0
1491852580,3535104792,1
848070400,2868546484,1
3550850330,4052620090,0
3329683470,3532015483,1
409617889,175809981,0
1038926109,3047016730,0
4001851773,3347998723,0
1406524014,1886896650,1
2495810669,888248381,1
1933269717,3550298761,0
3313386773,654638061,1
1388005058,3503141110,1
3527836152,2265973099,0
2876155922,3697592939,1
2734870722,2221397592,0
166283162,2971339597,1
2747140740,4206407575,1
416002828,3294202573,1
3995053883,31499954,0
4105667230,1653397697,1
3148268979,2236677910,1
1836054238,993772277,0
3991130133,1955855679,0
1920088951,71264168,0
1732173323,348948795,1
1260524906,2388820854,0
4061742593,4224388985,0
2084439048,534516552,1
3998366808,1558225737,1
3378087920,1348807884,0
2830872043,2532542484,0
2535524028,2806284,0
290890677,1971624917,1
3290442878,340506234,0
3182269310,3632736711,1
2260913212,4180170628,1
3046509769,3330769879,0
3803963257,1000188572,1
3768191509,2541405025,0
3162078974,3444728136,0
1471165238,2453661474,1
1086685919,930950225,1
3794452261,3793631223,0
2747919192,1440172532,1
2755788084,2158073535,0
2149206555,331517912,0
1276626658,217209831,0
4091230819,2881601080,1
1686765704,3629417660,0
3463509671,1991144155,1
394028427,4233546306,1
3466851736,2053676956,0
3688589941,2893760975,0
765921804,3185674200,1
3279318235,3144186070,1
1063663763,1487954756,1
2856129701,3032058948,0
1179962925,540973465,0
2672943989,2789060798,0
1365169477,2934254702,1
1628196516,3961825086,0
927971117,3114328706,0
1698189871,2851486576,1
610617416,589964202,0
1524032050,3759838550,0
3993583978,3719546832,1
3044429095,3463734084,1
2974404149,2786426133,0
3360747143,2350367249,0
1522243561,3409925427,0
1671648487,4283212570,1
4195325469,101824010,0
4079437784,395642857,1
4279223396,215792086,0
644454083,3661663295,0
2715987282,2866606751,1
345999990,1658953914,1
2376948519,193702275,1
4036976293,1714233564,0
407876352,1009567338,1
3567118325,1699552745,0
2023650698,3141753403,0
2868694548,1800376748,0
757234296,4146920644,1
734474063,1481550277,1
1697074324,4109082946,0
2386509778,4123974173,1
1063678263,4186223241,1
3559975020,1915364480,0
3788127521,4017418622,0
2722876479,1249472671,1
2726325597,1624555365,1
4176116778,503376898,1
2643699855,3716248814,1
450147216,2530657487,0
3018602733,3872055434,1
3637703536,1523547549,0
2936181170,925400538,1
1031079587,1869308126,1
1959416149,4045977653,1
3678799362,2202780244,0
2029892749,4024121241,1
863712460,347693641,0
1553533712,1097961550,0
2724468434,1937860011,0
4193476147,2814751991,1
591944857,3418825771,0
838552028,1799461488,0
1317595466,3240850727,0
3623372880,633532120,1
3186420462,452695485,0
1227322685,29988602,0
222912853,2049558736,0
3831474572,1153465701,0
366989777,1635844444,1
876279276,3523265128,0
667571606,1714108123,1
3885629560,3118479968,1
2172654759,1766545199,1
797806694,2388329905,1
2773786043,3130770023,0
643931658,2544876422,1
1811828873,434636493,1
1694262707,905349483,0
1694691328,4205423911,0
4095852702,2121264835,1
3845372429,291168042,1
672756961,3000166182,0
1090813786,1004579664,0
1526365096,2563711888,0
4214126745,2872802824,0
3752611385,1706267999,0
1158576546,3356782985,1
3186374360,1921703343,1
3941414335,1975152122,1
1726165281,3804877225,1
1585070673,2602737173,0
4213236190,3295324804,1
3275326577,1704878585,0
2017534093,2177902420,0
3586202693,969923737,1
3408926931,3860582277,1
2124613760,233929910,0
1132492393,741792909,1
1235373181,4238685801,0
1371949659,2558991496,1
3410206655,969503466,1
3411051576,2612712376,0
1609769083,1374506878,0
3620680344,734388816,1
1489318726,2398568196,1
3638436415,636589165,0
1529775282,2540113624,1
3274839061,3704394289,0
3022308261,4182440934,0
2863027238,3778507783,0
2678032072,66367892,1
1411992220,2288732860,1
713079979,4136559623,1
2763353884,1595060510,1
3465890389,3825348952,0
2782354744,3497764598,0
2347995276,3616821427,0
2991143241,2785134076,0
1593179517,1751393329,0
2022344755,2219288828,1
198431366,2008935402,1
2867012964,1425913768,1
772488137,1817021949,1
2164679693,1040486581,0
282437773,1959766117,1
4062001604,3668720614,1
2773434374,3969641872,0
3543915803,2708324543,0
3214420221,633742961,1
3567779978,970805191,0
3823127086,102848428,0
4189382964,2305157632,1
1109511714,107427591,1
2721604733,903542621,1
1322279695,3570066711,1
1546404964,3617072749,0
4282544746,3835210241,1
2561664230,3233639044,1
2816974158,130900390,1
1374646527,1085761055,0
4017101575,1695980931,1
4122423512,4039069735,0
971294189,3213326279,0
387068769,710183446,1
4097541083,5782197,0
212587376,2657605825,0
3480034118,1176772833,0
4268546320,453047846,0
3069703745,1425889289,1
2759124074,67807430,1
3389053367,3039740554,1
1854549658,3673661893,1
640828496,2721586216,1
308441062,2322643782,1
2371119844,3130112964,0
3063200231,2574230407,0
2929378988,4123556285,1
4067240185,1753216633,1
661378651,3459673140,1
2531061846,752232126,1
1949922112,2429856034,0
1021495411,2771372445,1
354368701,2176926722,1
508250074,44171571,0
2636777694,929594958,1
4153777167,673505466,0
3268632427,209142776,0
305212093,3105348826,1
265802194,3052216186,1
3343019315,3954813504,1
1770623053,60026405,1
2531829000,384987536,1
1531666326,1443119271,1
1184130041,3599664913,1
3508041114,3115447319,0
3136601400,1888050006,1
945706444,4104067406,1
3101271059,1881962803,0
3451167975,4165340291,0
2731342911,1401106422,0
2308889147,3702567892,1
958908934,2441913339,0
840135434,4024852270,0
2135940691,261571808,0
2798771462,103100883,0
1461951471,2484606426,0
1669465893,4095790486,1
311546016,2424782356,1
1482751389,2300532640,0
3126451006,1618683183,1
2453123422,897807235,0
356626473,1701049497,1
2154711494,3750236768,1
4284013645,3744131423,1
617677932,3978021036,0
4199047718,3548053445,1
2376711154,1696741181,0
2938009640,3659404829,1
23647205,1766049651,0
1033105250,3187237786,1
2278039027,28307254,1
4109423919,1273940919,0
166415888,4021591149,1
2863763532,2307859852,0
3891523339,4130108429,0
767752587,3988213554,1
2928180055,609828484,1
2280618988,120097913,1
854081204,2968732112,0
1954527334,1363927543,1
4144610487,3744966858,1
2401735371,421349411,1
4112532749,1326883625,1
3158264415,2726208001,1
3185629035,4057308438,0
1608692390,1472018118,0
3208732073,1099126777,1
3952646303,502561528,0
583209516,969493210,0
2004065176,3657569733,0
52738453,1499815781,1
241009581,770423693,1
879094387,2149971792,0
4087514712,2353888443,1
328207919,713058296,0
2937995254,4256178504,1
424658966,548787954,0
198379831,2585646123,1
2903898917,320285109,1
1770088889,1897286720,0
1896370526,1519957865,1
3687135396,1681601384,1
3858302394,3078859698,1
2908210981,1092989010,0
3023043191,305611308,0
3433888626,851356098,1
908719755,3553045927,1
3624628627,2150537055,0
3790565804,2579485187,0
4205223694,1697179075,0
3893450648,1953492740,1
2784970177,1260553342,1
3316184247,775539093,1
2467913828,819660519,1
2326845624,2863393074,0
2180247841,4075656716,1
3856533559,541661199,0
3493385197,1176111485,1
2516035421,4259302191,0
2881047621,1189310061,1
772252259,3154994363,1
841129870,961997702,0
2031077722,453512241,0
1301677385,3455119757,1
2860867359,4223390354,1
2031514526,3373307706,1
422137898,2624059525,1
1228918016,866486825,1
2910021861,776924822,0
3448046709,246496090,0
2647050579,2209716010,0
4210938711,361912676,0
2077645208,211327895,1
3454932080,3172031141,0
78950257,1972267722,1
468784977,721750380,1
3067988229,3403116860,1
1157544620,2070248722,0
2927450568,1682939801,1
3213254821,630738825,1
639469298,3911021768,0
3355101415,890230666,0
517794458,2851104414,0
378823452,2543915015,0
94449938,891254428,1
2527372893,3199902162,1
3848613304,840763924,0
714472943,2869936598,1
2446174540,3438786692,1
2359267519,1114987588,0
2954136920,3406910608,1
3388439139,868845915,0
3027397946,3109681681,0
1758411458,2844615863,0
3039498232,3981075409,0
1267953999,2716942255,1
2868009902,3188454606,0
4102188604,344399517,0
3558619187,3273514912,0
4097093754,556671424,1
960496113,2639454561,1
1965216988,521175564,1
2579779089,3336997,1
3805742318,3712424846,0
1627407249,1238031103,0
3407031563,2842313707,0
1100474406,1443374575,1
1268263022,760868588,0
54610032,3185158988,0
1228016392,2869196140,1
2414084270,4276646886,0
712064425,3025928129,1
1394472499,4028530013,0
3860894335,3089279343,1
996603485,895069372,0
2850104290,3118984711,1
2585439502,2322653909,1
2286729411,2116643982,0
1554147216,1162406876,0
2148528238,3994106595,1
1655176814,1196022685,0
2168684034,1851884611,1
3159649018,3642601409,0
920627126,4051254926,1
1330528707,167322679,0
2202116696,783651308,0
380535953,2626216208,0
538270141,3605498493,1
1914077117,184340866,1
705335129,2585813889,1
3616235230,2011462835,0
192321956,1978561845,0
2461738101,3907064413,1
3347675442,3452877299,1
2234038596,3308432878,1
1281768160,4041771507,0
3617760511,3704364732,0
271185481,486618104,0
2212694776,2425828582,1
2559650673,288079417,1
4009433452,1758315400,1
3848465949,3960784188,0
2122626273,2320555909,0
3468621373,2514163706,1
1583585229,2227205487,0
3606310770,2344723728,0
317402085,3217677760,1
914549986,2935275686,1
938206327,2431874947,0
159315820,3167168741,1
438728895,321354655,0
939138885,3367810112,1
810318724,1453842862,1
4231502039,381207893,1
2086701153,2309739515,1
1037392845,530213145,0
2089921047,2389961209,0
1996503667,4146786011,1
1902925460,4284307762,0
639949010,3218760172,0
43338836,1725688382,0
287042699,3214852607,1
982235012,2824869330,0
3068009567,2848191437,0
2035519656,382082829,1
4167447602,1775528274,1
160900150,3186396632,1
3066746868,2905475561,0
1083366929,785282284,0
214658282,1154476961,0
327659793,3524648672,1
675483283,815508329,0
1770175762,898164090,1
4117307787,1627910551,1
2980706911,716166456,1
3149152697,592348545,1
1715263466,3898764710,1
1180764732,3993235084,1
3893119225,2282581472,0
3863130727,3009593194,0
4193219610,4163013643,1
668275293,2949367409,1
711882986,1083074263,0
3889194079,2164612568,1
1528894010,4249577060,0
3367200078,2497799261,0
1875734260,3248198688,1
1937154433,3317441481,1
659744917,1619264322,1
3492273721,648978419,1
3686549423,1802285865,0
613501567,378534506,0
3239452099,2239951227,1
4089298490,1966585619,1
671145867,2152612807,1
3803343200,680471867,1
3163394709,3420686149,0
1035952369,128960723,0
2761132217,3622952715,1
2198724553,829903153,1
3541350029,2204104566,0
3986511767,4029457449,0
1227431013,2901950069,0
2355442382,2374321808,0
2132473772,1568173660,1
77337555,123061236,0
3118391698,3847762535,1
231319263,3374311429,0
1182753142,2904948640,0
2994046282,2871247293,1
2882160495,1338190416,0
2820849075,509571077,0
3898159559,1392984075,0
3833358361,2994295254,0
1482722098,4260447579,0
429396451,2442841427,1
3121615565,161889770,1
616310129,2660680665,1
4216678681,2552983029,1
800328337,3534047411,1
3610792023,3754109689,0
2405904014,3875834480,0
3815924319,3696540132,0
3053226596,1714408325,0
2004813736,3309045605,0
1690658198,3840348567,1
2718311972,1561844913,0
4226304368,2929990981,0
2903936449,802864353,0
773934862,1938175332,0
330624294,4103618738,0
4160677140,3959167751,1
2517629793,4023766569,1
1210037568,302369784,1
1580771432,1867317918,1
1833738665,4115287357,1
3944959006,2468470846,1
3663708612,768408119,1
650985494,1617185267,0
2363624951,178308359,1
3819904912,1519115683,0
3657033917,1606150733,1
1848445480,1890090874,0
3626486067,287833830,0
2656766046,576962406,1
3885410370,2684132506,1
418820854,3147606266,0
3564646330,1135995557,1
1720130249,4203051929,1
1748509085,1858739386,0
3015940397,1009590801,1
2179465556,2113357934,0
3818442934,2204739222,1
3258919193,3760195113,0
367999029,4017137097,1
1623255544,4118389808,1
507575515,3058827323,1
2439938767,3302486434,0
1045293061,2854195285,1
2983264662,1813301844,0
313882934,59537422,0
762936404,1794830570,1
3850025645,1766615769,1
317992090,2659802710,1
4039523093,707854384,1
283461906,1103287254,1
3947011771,1932013859,1
1348476772,1404201017,0
2948800342,1030835159,1
2027484120,3714986088,0
3385398208,1270064456,1
821457233,924296197,0
670902098,939617342,0
2676920090,4187002278,1
1471858900,144227732,1
3326643555,1112960287,1
4113363153,1324515181,1
632358087,2118542450,1
1856912923,2210800889,0
658232940,3436257239,1
746466295,1648413082,1
1248064075,117037912,0
3376727583,877213159,0
4284780908,3248932692,0
1529805698,3351568554,0
618225817,509643461,0
2247946832,2554850031,0
1360481030,329866576,0
1880248398,3288643786,1
2830636291,1190053639,1
332124057,2575382881,1
1906909260,310630165,1
4082191068,2088099950,0
58792151,2478822491,1
4273979268,777601552,1
1455395417,865557805,0
903709960,2352173172,1
447266532,238478194,0
1373502540,4259531856,1
62129159,1941317751,1
2223830807,25861603,1
2456930224,2959608938,0
88345937,2636038601,1
3145693599,2923465597,0
4269559389,1909855669,1
3277593668,362991481,1
3434256038,2468912318,1
3722750305,1457027538,0
2630776566,2299288949,1
2796657592,168660858,0
2883876985,565447870,0
3702205583,1031095991,0
2175964018,3449299818,1
716659127,578000671,0
1648575453,257454500,0
3213425438,2905108895,0
3776740906,999166753,0
1654078310,1939459440,0
2393744900,342373633,0
2223434858,1268596663,1
3823444323,1354476975,0
1345899131,1844591203,1
4140685259,2075733138,0
414612391,1182143290,0
199718506,744502740,0
1393283741,506528550,1
1354428432,2359054564,1
911038488,2895418755,1
1662079735,3130509185,1
2716756287,848854000,0
2956677024,2390486157,0
58897974,1394179356,1
161151327,3478188935,1
4140423242,1669566971,0
2645321504,3531442849,0
309723403,4233280425,1
1171683147,1284543100,1
3840438597,2846080796,1
3346515746,3325765944,1
3469383604,2223861153,1
4273935862,2224657282,1
3068677902,1094507470,1
3021713248,242882115,1
524116974,2009960787,0
4284548953,1866195921,1
912582530,3263885039,1
3258157624,1275162744,1
2221653695,129295152,0
4200561658,981071854,1
2262086833,4046333801,1
3262566740,1456504960,1
417492885,2040558278,1
2425468689,653208973,1
2127950582,943633500,0
254265421,1301628348,1
3040128597,443519819,0
977544257,2608287472,1
1208886612,90215499,1
988920168,132847122,0
2893453960,289672025,1
2338533809,1523991209,0
3543560251,1663537541,0
3816761680,567707325,0
902223830,3650372790,1
2807016654,28147342,1
3386735107,535177003,1
1397961135,1440604882,1
1461921346,1974185229,0
711996244,3516462517,0
699285319,161910467,0
2097636814,1085106462,0
1163690037,3624924372,0
3896393553,1048666140,0
1602549457,3082395623,0
3427015222,3069841933,0
2936298787,4113222382,1
1868224899,561779399,1
142229281,1214032709,1
2739992698,1054631931,0
3589397217,3500851211,1
2175516438,26801572,1
535042410,2847075166,1
1997397084,828372773,0
1915500261,3929723553,1
1739089206,3249706942,1
1728495152,1062573818,0
3219020255,2802605373,1
3310313965,2472981465,0
4101953638,2471148859,0
224863099,1538198392,0
2602598447,1389549022,1
277828065,2351128860,0
919415969,3520587434,1
1055200006,3005448995,1
3258490292,2777127760,0
4259502080,3350887401,0
1225312687,1201499798,0
4069031598,1784619304,0
2097553067,2374096307,0
1531393588,1029520861,1
1299063176,3106190841,1
2952772069,3029439560,1
3377643496,1201939868,1
368298935,53323912,1
2187302907,3349257814,1
3530906200,4010423253,0
1768519535,1492581870,0
3814213562,1706474966,1
2298676652,1665976243,1
2585241448,1683243052,0
2325327939,2978225355,0
2123780260,3749589730,0
797346505,1104075854,0
2416828349,3997079007,0
947521139,2914135186,0
4114894241,1462056502,0
3539255876,587073036,1
4213308719,1356235351,0
1448888087,312394222,0
747793898,353356944,0
529748543,2214433459,1
2284446180,2633467393,0
1890640303,4129578098,0
3327026765,4249660240,0
921991429,497456346,0
2592091470,120511538,1
3272343381,2147307509,0
3114648221,945273689,0
2543114217,4111832662,1
3785802242,2619679047,0
620140138,2449890097,0
3742787377,892400117,1
4205805639,3813742571,1
1014258102,2286854654,1
2967324072,1866296258,0
4007620127,4220671231,1
4253641406,218424852,1
738083586,2115696629,0
3996824781,1752458865,1
1397948899,1439806146,1
144042024,1637822003,1
970787136,3477527780,0
1759591437,3685468711,1
3334274277,340456384,1
3663283331,4217358710,1
1809246608,1191701721,0
4017070454,3768628176,0
4218655728,2157825388,1
1524115658,4156423794,0
3616356231,3981966332,0
4153807990,1878311110,1
1864721667,4134994099,1
3955641344,1783037020,0
668285098,2792354818,1
2170913210,2607626156,0
2440920193,1875789843,1
3780244407,17984955,0
2419460919,353930961,0
2847594868,4269548204,0
3452357164,2230431028,0
352615028,3186819040,1
3975087598,3169172244,0
2724571306,1026782281,0
3746067617,1531100393,1
725685875,1709577520,1
3748449198,2526953547,0
2821600919,912454091,0
1405368014,80558996,1
4260797760,835161648,1
884780818,300551909,1
3616935949,1738308645,1
1948106958,507830032,0
3191510887,2092559626,0
1944984477,3314082137,1
1778451309,3490921852,1
3814438586,2498474919,0
4169334168,870707228,1
1213031467,3356541196,0
3964787677,4019452958,1
2435289552,3591144628,1
3789949471,301112175,0
3140958705,859637161,1
1128528322,3749251498,1
1171668651,2932327576,1
1498172770,346240528,0
4057611342,2161850852,0
4175456187,582045645,1
3821884755,3266027588,1
3206572482,2092336147,1
3312866513,886893130,1
1113834911,110336187,0
2863846097,3284828094,1
957524687,688672561,1
3085054531,2397633865,1
1029113009,2477094497,1
4209536068,2459482323,0
452538900,2324737431,0
2200585670,987815654,0
3169331063,2937199830,0
2101725568,4260093007,1
3618839505,1637793390,1
474301218,1820078808,0
2500524591,69765086,0
4105640105,3489548480,0
414377053,906526390,1
2568874203,1372895127,0
994492947,3492442580,0
2711624521,1434321797,1
3841644468,1365724657,0
2061597941,3432756749,1
3721101753,1851061777,0
1522332602,3662810774,1
4248657909,3126788835,0
2130509234,4004295751,0
767097121,3451817285,1
1134313379,2428440467,1
1106871926,4227274891,1
4123751018,3806076723,0
890098898,3362960401,0
3538152748,2931454607,0
874743708,766291299,0
3504309950,686369306,1
1576616124,1978270750,1
3777408994,361874095,0
3129948307,212718115,1
2697211058,136247069,0
324629148,1060690138,0
147322632,3611130928,1
327818707,1636629271,1
3603073919,1288990203,1
2811006544,1568821276,1
280745515,1846653912,0
1832558578,741594063,1
2419764578,3802072047,0
3563805447,547909716,0
286268347,2894783100,0
234653028,722751016,0
1801264657,3069594553,0
3348910148,1686257227,1
2756693116,966794961,1
2471132661,2241476123,0
1539760655,4118845483,1
2820631673,3962730711,0
623688231,3069607247,1
1859277605,2016936430,1
2520608988,3337867809,1
604351392,3498985319,0
56912766,2841996358,0
3457836581,876549840,0
472710817,2352628229,1
401184170,1807155606,0
1824720477,2480829297,0
2455901635,3188126473,0
4051639794,2506734934,1
2426750994,2694357267,0
3368653679,1940885449,1
252998171,1918028412,1
3060685336,3776476944,0
4192216620,2509428252,1
1778979453,2655538765,0
1842476248,1485452491,0
3170995064,290177792,1
2873429057,4164931294,0
2383755765,169302517,1
4187964919,748019550,1
1302208564,3587897707,0
690837639,1262501783,0
393095771,4127497777,1
1929942461,2765772467,0
1282498136,3149589760,1
3062139906,493519004,0
4229934630,4129252933,0
2395341158,539232243,0
3022367545,3188120853,0
2424085812,4178165507,1
4090634580,2962308251,1
57181277,3975647729,1
1627308741,2126590888,1
1616307362,519089783,1
3791178846,253039842,1
1565918113,2320568278,0
1257039373,3401714369,1
1913079661,3913099270,1
1424796053,3837152605,1
3113835443,562761475,1
2051401063,3897289707,1
632661744,749082102,0
3550681083,2888396700,0
3447326768,4157856397,0
1383443346,1571467605,0
2981633972,979292240,1
2033241292,1047121358,0
184713450,2106288556,0
2625670717,603645314,0
1114723466,1216697275,0
1545634937,2746432824,1
3581109168,332786819,0
3634829909,2525042897,1
1935428045,356916117,1
1795840171,4083715195,1
3549739310,374131545,0
3768213657,3544255848,0
2592621502,750690586,1
2622947892,664195687,1
3773522926,1760894930,1
973786703,463980861,0
1425869436,481032121,1
4207138836,2246882151,0
1564805840,393192584,1
3823079547,2413142195,1
2500288626,230991783,0
1925515706,1781662642,0
3596464220,980675241,0
232845296,2007146961,1
3336289716,738358801,0
711889885,3921483250,0
1614427880,305092529,0
1649942810,1019904090,1
1785169568,1553262451,0
3595064263,110679554,0
3355867728,2742288450,0
2284547650,4247016260,0
876888679,2101215068,0
1936069398,4266041520,0
3107166875,4093619725,0
4116716861,3730424001,0
3723450911,2621551361,0
2583654211,1534129387,0
3932208842,2254880318,1
2540072686,2004581916,0
2256725789,462199403,0
488932183,3822148832,0
1383905033,2022359884,0
1000654073,3209575665,1
379610451,1474357020,0
1286990530,4072118498,1
1032434503,3748025004,0
1655761004,551155362,0
1234414843,1688554077,0
4125861445,1831802489,0
3648226497,1327042265,1
4044505605,1697680117,1
720570338,2961498839,1
147653600,4055355034,1
78947818,3784244338,1
1278039362,1936406020,1
3066365551,385085979,1
1301405248,708755326,1
4034754924,792664671,1
817805915,3733219571,1
2843530159,3752493482,1
1760528069,3075411231,0
4057663484,2247433984,1
3761889208,3186770110,0
35733873,3279275574,0
97161365,3019387701,1
1203707540,3312828572,1
2830578493,3080616315,0
4113850325,3097124120,1
1501963914,618813677,0
2635555882,3297436658,1
1866844276,1296244608,1
2908076505,3312935773,1
1482744778,3633772255,1
862648659,4142191055,1
2153992504,3174373488,0
1678165545,1184369054,0
2426035645,929138948,1
958621024,2633100672,1
121595991,2574287404,0
1753662388,1803236420,0
1437894537,2115959797,1
2219202658,3473882611,0
2583526799,163043655,1
131208917,1782241496,0
669847383,1792011862,1
1190585329,3371979241,1
1494043366,4257428059,1
3254879539,1910194795,1
3121364131,1243139183,0
3476268484,1958574731,1
861399719,2906166569,0
552909923,2901568679,1
3692915236,889303405,0
1650724557,766508944,1
3798368342,2505776327,0
501978001,1503243073,1
2160122089,982931357,1
707916595,3448219681,0
358863136,2255069739,0
1924292572,4039411944,1
3209283707,1489863907,0
1075751430,2901623078,0
3045190764,3296382392,0
2195282937,2598839707,0
2298758036,228682644,1
1413226965,3792618357,1
2478722650,1835954769,0
4245214336,125220559,0
2160353110,384480538,1
2581593912,1389552527,0
949459965,3879174863,0
4107363520,2755516003,0
4271983385,163579395,0
1186781521,1618630941,0
2645637350,2092788737,0
3086446858,1883058786,1
456025397,3488921087,1
3661707780,1167314194,0
2778078900,1171055292,1
882712031,2885327900,1
1669251065,3162125900,0
2900907711,3399310022,0
1906619530,3798807222,0
3970959499,2681093552,0
2669657939,363149370,1
1925264056,3103200316,1
3829869002,1933924180,0
2152873620,849354836,1
3591098176,3995029131,0
1722575328,3730203944,1
1418262910,2050204325,0
4135238982,2505049945,0
2845346907,3632113611,0
1984047006,3352462601,0
1786465448,1727537762,0
1597438630,71967803,0
1339596350,1941697133,0
1543050028,477618529,1
128141128,2300122320,1
1697396522,3036607556,0
2058648149,2193721762,1
1698377266,3563632550,0
1166432551,2242669903,1
3430451348,3185325775,0
3652747772,3511665685,0
2116834306,2434488517,1
3577652803,4171011744,1
2358496839,2249117222,0
1947551756,4234677629,1
736304186,2850753375,0
1163425088,515791495,1
3830012606,3346472291,1
2190904540,2623240298,0
1810088359,1136086736,0
883820011,2623594887,1
3178012451,1084965254,1
2119570595,2024253626,0
811514956,3382995335,1
558692208,173232548,0
3710220335,2679146984,1
2408937474,1270226101,0
2355282892,47582023,0
3782083647,3320798073,1
4099228444,2490570744,1
1937846148,3549649415,1
2961306982,3773264418,1
56109157,2069548165,1
333774434,1770958922,1
1513853214,2948687974,1
956128108,3278792444,1
2661588817,2086569980,0
1399399637,286448054,0
3093843211,3943005460,1
2894626986,2312017932,1
3236254489,817952664,1
3154162006,2066621385,1
2290878124,2504525242,0
2413740906,502182771,0
1424059538,515193970,0
2689655918,2325185435,0
2429549729,3262720805,1
1070161138,2783437438,1
4211287703,3365107201,0
1628340874,1841013157,0
1855960728,414299188,1
2029343499,348878625,0
3924639720,2545382784,1
1780457732,2916535325,1
2661310083,3299025792,1
2505110615,3520196245,0
3917245488,2483492125,1
2549764542,4253822842,1
1016613111,2124441257,1
2757768597,917426985,1
1193169555,3346851331,1
2591432769,193839864,1
3282725397,3135041520,1
4164433477,4044041778,0
1457668400,3002106208,1
3189145660,2377515794,0
43513097,119624467,0
2134918108,2354277865,1
2609501504,3286958464,1
2539416900,1486231326,1
2064730426,744990893,1
3302498180,3448909778,0
3550443546,2045788919,0
796937427,1042444483,1
597836302,2694620658,1
1855507145,3761982997,0
1788496405,2467079746,1
4109806578,1801978207,1
2994175486,3734618684,0
4278913938,2281097896,0
1261410709,3879014749,1
2099800202,369505299,0
928978385,2773861369,1
1569461923,2503609108,1
3272364864,2143064619,0
3542245217,3185002186,0
1934733752,726114793,0
459634478,2768741838,1
3347447464,685499717,1
2235744222,3856433266,1
3374348015,4137601081,0
3247912762,1907410263,0
3148430882,477637937,0
2581716444,263818936,0
2705604386,497434547,1
2879503428,2490336872,1
3228728748,2224837879,0
2294405428,2363280042,1
746300377,1627966467,0
1956980925,3782213799,1
724287355,2832283747,1
2288193160,2236460853,1
2270225693,3728758746,0
3256770598,1108135062,1
176502717,3880034830,1
1594322319,1890034933,0
4254934588,3562958135,0
660097996,2855033125,0
2600623172,1147078428,0
1888802392,3972140780,1
428924718,2524139465,0
2895156679,884562604,1
3409680993,1425125849,1
2010706741,2361648645,0
1008461299,1915409331,1
1967076807,1526600342,0
463967099,3653189775,0
3169982736,3061650218,0
4191947449,2484036282,0
1377137930,2688789022,1
1296722341,538483031,0
2188307076,826328539,1
1189759717,3011191216,0
2478370764,2018271151,0
1491828230,2560152499,0
3202837626,1355406998,1
2721578322,1531529726,1
1182537619,4198954795,1
800827561,3580978849,1
475660933,184908657,0
3081948829,1993151241,0
2348814378,3547389241,0
2127680106,2932037130,1
4034429588,1038830128,1
2376744769,3592400483,0
2312118104,1034244522,0
2270353942,1229183844,1
452084766,3860264580,0
3622058319,1111985389,0
295119367,3071702454,0
4183360996,2542475204,1
3639712936,1426013300,1
3599836221,1234058852,0
1233026934,3703428630,1
200846069,3724944184,1
907233798,2499972175,0
3751199660,424724760,1
2715104366,737000796,0
3935648981,2818514126,1
2801571320,1259943331,0
1575256432,3812475003,1
3528281017,540261829,1
433127968,1732769861,1
1016980878,2715442200,0
955034531,168642113,0
3713272419,2587500659,0
1857213717,4007225343,1
3854258735,1243728121,1
1970524003,3446998007,1
18740105,2464735062,0
4199504662,1651617786,1
61526723,597730970,1
2708837889,3267980401,0
579350479,3760879630,1
2425063324,2037682350,0
2736290644,2655137369,1
287510550,1663401602,1
2200566985,3374566320,1
237694754,3623123502,1
4264115858,3717562135,0
3687975049,1339596801,1
597415714,4253938982,1
4086621487,1556934158,0
4040638734,4090469977,0
3383201655,2497167450,0
2906925319,698622881,0
3788685930,3929808295,1
2197458687,1641248345,0
2195911370,1770727946,0
2169846573,780734275,0
61483654,251536089,0
1133890069,3193029739,0
113423056,1484015893,1
2353116460,102476724,1
167181849,2785830193,1
4051396842,2634286924,1
3169125440,2372394496,0
3471343803,3243274201,0
847087100,3089310656,1
3901152748,564660273,1
2661739718,1771257656,0
3895932593,2413372701,1
1470309998,3306725206,1
2419307549,1894727178,0
1195888151,487653364,0
2085591876,2357390744,0
918938469,1664090627,0
1182353865,4070281122,0
3550712440,1605493625,0
3632896153,1175525923,0
3124019851,1952872491,1
4072094228,4192028533,0
1999692414,2930947870,1
462647791,2542383431,1
1824379825,2825080814,0
3345879964,2271004364,1
2890369634,3402435288,0
4191235588,2903193277,1
3469292159,736578338,1
1667159022,2573970832,0
4138197731,1759531570,0
4064351579,1326106418,1
3788534924,2055604825,1
1086454993,1002160084,1
1045729903,1314481052,0
3700934269,840579362,0
2731289468,415681956,1
557777738,1047181855,1
101339592,3777859668,0
2751421248,1233605726,0
3160594228,671623164,1
1126450531,3116408048,1
224191403,177932271,0
1039283867,2525404805,0
1890332246,3667847302,1
2610277915,1040901198,0
991751899,3279307315,1
1875839561,2403504886,1
816433006,289397034,1
3778981434,837557215,0
2558969523,1499671657,1
3412418281,1190003380,0
508588705,94857961,0
102998656,1781629536,1
1112771793,2735858144,1
3483750068,1122416740,0
2280359952,3755121389,0
2784504632,2103614280,0
2495162904,1666330293,0
2293372815,3824171531,0
2902743990,2376365191,0
3082507166,510242558,1
1709679882,3325637222,1
3389713660,3956027640,1
1078042739,997397458,0
223292565,2840445174,0
3767075373,2389997421,0
1863159012,856868812,0
941032781,2248798161,1
105584920,2221221780,1
2034557116,4222496468,1
2139014381,3947953217,1
2395819461,189151982,0
1108845676,3820702490,0
684737961,3606767361,1
820848579,3406179759,0
2525617968,3403917160,1
2395801724,3162936835,1
2909726175,1208391736,0
251474325,3551330495,0
3372363396,3188031346,0
564866651,3142035387,0
169477403,2139451818,0
1240751368,3289337846,0
3865827812,4275935842,0
2214740257,2567703196,0
505330683,1852094227,1
4106943017,237178929,0
2606548452,1246427776,1
1879741116,516957605,0
833303033,4133614162,1
412615256,3183616867,1
1039088653,1645897451,0
2597269485,1056780061,1
4133210113,2092523137,1
3441763418,1279929698,0
3885217213,1446357880,1
2892382843,1301302975,1
323790145,3417735129,1
3833508391,630050712,0
2360443815,487224602,0
2045846377,2931489052,0
2666867887,1168225090,0
3283247926,3263417776,0
553137207,3520747990,1
1551682676,2754762792,1
2779310586,94027178,1
3905801122,2781062035,0
1470802861,2650449844,0
229807609,2833521692,1
3769465240,2708910784,0
133640480,905749458,0
3743483731,2839577591,0
1086152808,1940007830,1
576676017,3235508117,1
2188059992,234982800,1
3168277155,3759213832,1
3128581485,540363812,1
1238247910,4213548111,1
728978061,251075147,0
1554434497,350463839,0
2410750894,870200547,1
1612507290,4032445903,0
1109704501,4227508905,1
3391895010,1078880786,1
943245710,2554463719,1
3978101028,2574278155,1
722023502,3826233259,1
3498622181,1084645401,1
4223265654,274361525,0
2813949681,4089077073,0
1452847886,3274684760,0
2265602702,1440773462,1
1110768006,3537129876,0
1066767934,2561806561,0
60945797,1326295660,0
2247907649,1473177489,1
1849595918,4061136931,1
1482589232,27764209,0
3164612018,3290063419,1
3664196974,1025151107,1
2054090870,67960025,0
4272610176,3440451115,1
2986576503,4130939631,1
1858557480,729659403,0
2564762498,2477371161,0
3871036865,1906552417,0
1878302592,3891413876,1
1217571833,3454290862,1
1872138540,966615156,1
3358088218,1544940405,1
2877023030,3561572517,1
2046201659,1153741850,1
428946904,1888469301,1
3336880405,3003640154,0
927933566,647197845,0
1296458607,574671082,1
3243503109,3782844940,1
1273715123,1477862264,0
2044265826,4226383192,0
2329895221,1001040118,0
19736585,1922559808,1
1673053095,4081190863,1
3320619040,1729752908,0
1309798000,4023845684,1
399562882,1344540134,0
551498869,1910896972,1
3891614290,42566130,0
3303788287,2865655154,0
2917884622,3901572040,1
383799750,2140743565,1
1770239180,889886486,1
1482555483,4279007661,1
3576985788,4099777525,0
1914533616,3396047364,1
4247844471,829999907,0
2961585314,4156963521,1
4092660559,2845707524,0
2294760416,3030368768,0
2402258952,4209060180,1
1527193171,4113477465,1
148907677,906779023,0
3233378920,1093643903,1
191400183,3068385215,0
1463792274,1449690898,0
878176580,2793217996,1
95096924,1399405940,0
3615174319,3501585183,0
2147967921,512737557,0
3337196489,3854025860,1
769886860,1253748934,0
1987176594,89911341,0
832635541,1726045449,0
1874407878,689744654,0
718639546,1688445279,0
516167473,4073332686,1
3676729885,239364255,1
2655061211,2264935522,1
3844501434,556966971,0
752571792,1617812998,0
383495588,1644045191,0
3400412634,58557684,0
2766599819,195786752,0
508920807,3053725856,0
437624458,2862690086,0
1334089430,2053278806,1
3460228138,763976927,1
3508771467,3851258279,1
3035845500,1358133613,0
2096979737,3508876208,0
3883141928,1639087919,1
2635409601,3899909965,0
3983114901,3061562372,1
2674734198,559889974,1
3462433276,1163548503,1
2766878333,512856964,1
2087060564,4167871724,1
1715443160,4162148144,1
801970443,1339179993,0
1910429068,3025935709,1
3236664297,2135689164,0
1797241633,1077261738,1
1845100532,1040132220,0
3911421062,1121792794,1
660596149,650134238,0
726197690,1462628957,0
3480736947,1489868376,1
208043389,1600435007,1
893165761,521473035,0
844556932,2606969171,1
3700173185,3697103282,0
4265512705,3383780734,1
1033767325,2769159774,0
3371540671,1764241936,1
3538054022,1800176161,0
3470674089,173039688,0
3403853463,206554890,0
1221794520,3469332544,1
2002785154,714061196,0
3930999648,2342863191,0
4221761151,2659381403,1
1750560849,4163205486,0
2486099608,2096448876,0
946990607,1502362650,0
3357907922,2772711396,0
2493089371,464047855,0
2809478719,512004938,0
1671042277,32260689,1
3062306015,1049380896,1
680472288,3499901954,1
1727981840,3961538202,0
649600177,1992786230,0
3738884853,3503599738,0
552996084,2768016492,1
3943673317,1352166629,0
1318144843,3088406302,0
1907019180,3546808924,1
4115599817,1840635233,1
866152457,3820924229,1
1225557160,3909513312,1
3672326758,1340304865,0
136338439,164930526,0
4196719282,1948934254,1
4186882953,459807087,0
1427888324,3517016754,0
690403026,985247052,1
747851702,2897591058,1
4058587849,3147291813,1
1938293453,1300409277,0
132954101,1352564435,0
2384885675,1512312811,1
90596489,2795254241,1
2183255158,970660638,1
3760292074,866904072,0
3118059982,752148157,0
187843081,1787330746,0
2745952244,3121212022,1
492225034,2337824902,1
3911728050,169186634,0
2747678032,2121532899,1
2706891196,25971841,0
3490578400,1166300328,0
2462450319,20070148,1
3011501630,1378059745,0
1368415088,2339019619,0
303639327,3174508704,1
2621608882,2835831926,1
2347530953,3479615378,0
1037219490,2036492864,0
2142415874,4293148918,1
932999559,3228830974,0
3778806347,1018527740,0
1570586856,1121684101,0
1982374249,2087914553,0
1439707611,1852426733,0
4169409090,3395259726,0
2994775112,1138515446,0
3818717015,2160761315,1
852429254,2427877565,1
654250615,1815293841,0
2824823929,926321472,1
3088768255,3489191602,0
1949694300,1668520089,1
1423124572,3409422813,0
2801484635,954564999,1
1462883754,507745102,0
118194006,1390413291,0
1406715869,1575106004,1
209354309,3617853944,1
1987363369,2202155822,1
1267190178,298045321,0
1242296861,3752163033,0
1595519969,2699396276,0
795987070,1932987163,0
2542857090,2235172315,1
4198124887,2861598657,0
3350257129,2541900408,1
2322437287,1321573507,0
2681886861,454636180,0
1627635720,3240277397,1
2671639568,1345469267,0
4051060907,1532538391,1
569704118,37697835,0
4103131240,433697673,0
2603617262,1299678907,1
3756823840,1623391919,1
2455743552,1151800133,0
2473669565,3887555369,1
1935683656,2602433204,0
891522456,2264866403,1
3880753980,176386455,0
2768847389,1354992469,1
339273555,2390116447,1
3913437985,1829645408,0
1329121533,4110567045,1
3694271841,139343547,0
582980287,2857195231,1
1223670624,2769657871,0
1215496639,770066443,1
4101179832,806820242,1
716766125,3321646316,0
2132284401,3226281241,0
1469163714,3395835610,1
2319946061,4026898413,1
396071068,2477873204,1
1814127698,1654003083,0
1725626802,244928722,0
465646767,2820522342,1
2211932471,2100446900,0
982159273,2898644235,0
4172701120,4197385362,0
3030303982,3398433023,1
1480063288,3844238820,0
4050084658,2568429602,0
1932057587,1563852475,0
1527916839,3931854412,1
1266551442,3309369374,1
739117618,1786110872,0
1953197962,1307776395,0
1834111441,22059280,1
366538260,492862950,0
3105214146,1165975082,1
3022760617,635008873,1
869647373,878099092,0
920868856,3497752291,0
3928112548,3324829064,1
850350466,1215743178,1
54148890,3141709994,0
1864098998,1140298395,0
2773736311,2841839263,0
2357138421,1898803590,1
1579628770,1017580812,0
1829960904,1394185778,0
1193580419,3970793786,0
3854811757,1574250169,1
917024350,947058600,0
3579550690,1099256718,1
3138852152,3526086619,0
1089304187,2801532063,1
3104463801,2829170717,0
2805841770,843072853,1
2355018954,1675553657,0
3393244572,2039671487,1
4244609963,3857903107,0
2994491495,315096272,0
703016561,2202876091,0
1517203257,2494083557,0
2996273055,2921946770,1
3212949854,3692789986,0
3170567726,1199167839,1
1533823693,2771192693,0
1551815733,131905634,1
2689116722,2792764223,1
3353217776,142884854,0
1668736476,3145523605,1
3685181897,790466287,0
360431665,1399649710,0
1038904844,1425871022,0
2611382604,132925892,1
741028188,3861249552,1
3734649639,1120699347,1
2707822271,1970302491,1
2172620786,937194237,0
2732360963,1209531690,0
3773494961,1684576131,1
1036451520,2816233624,1
147466424,2533892888,1
1396954903,1560244797,0
3425439821,1208573653,0
2235409241,4208433185,1
2914865256,58765512,0
407494725,2315986661,1
2176142435,2451401892,0
787878226,2286945138,0
452660430,1598081096,0
1192053778,2139078978,1
640971380,1700642059,0
2094514092,2887866606,0
2576469796,300882856,1
4105856089,1291112693,1
226791287,905299424,0
924897085,2424059698,0
806778910,2434786026,0
689181679,3783415914,0
1037237287,171465953,0
809483145,2252157385,1
2349189279,1864239897,0
324721179,2421901651,0
1808118545,776428401,1
3177864023,994178495,0
1951398740,3911968996,0
1149423762,4254430727,1
4062186441,1885785421,1
3540909560,1261122268,1
1775610133,2529448318,0
1954948821,1909428652,0
1122263423,2562856617,1
1610331711,615053009,1
190386237,3939748950,1
325127860,1630959721,0
3187953180,455955256,0
780392898,2762284902,1
183985897,3326106403,0
612437187,3571344040,0
136363698,1943437686,1
816921044,2616681905,1
3021306714,170105326,1
2264419209,581347152,0
1789136632,3646848229,0
2808883238,2413186620,0
2286028684,3453564582,0
925693742,1307785466,0
2042426433,1588750252,1
3331227538,2283085016,0
2397664805,149128365,1
4201016533,2235848628,1
4056202320,116293177,1
3238241705,2465095920,0
1351577303,3265908867,1
4217252854,2884447413,0
3228836904,614873357,0
4026009756,4031534668,0
3786832326,974865380,0
100241363,3131037754,1
1204027341,2398104930,0
1382834344,3492955876,1
4258173269,2092703173,1
28820898,1283262669,0
2218662540,2660259649,0
3598003227,3413326910,1
1020983853,2735763813,1
3122432617,1442214017,1
2244291005,3070470136,0
3396572660,27363927,1
1498919902,4156389766,1
1166078265,2582924917,0
447642139,1766537106,0
1327031490,994475214,1
2989372888,870639872,1
336965178,4046109230,0
1858930572,1845433042,0
66246146,1936083480,1
278544087,1684029117,0
4282418075,3049919681,0
4213980249,2225125917,0
1562050055,3862293830,0
3128149337,1107642861,1
514391642,3001167586,1
2854109059,2788597567,1
727543102,730534283,1
1704329043,4081298663,1
3274064863,90233652,0
3860749648,1490621528,0
3995297148,2277879992,1
1661135859,2805001155,1
2869579025,1021111877,1
3660938900,1948775620,1
510561616,2838108070,0
1478697744,3656777220,1
777140200,537701525,1
5813775,2901061615,0
4123889235,1373286590,0
3935840779,59149396,1
1668492971,2990825932,1
1746262359,1356295428,1
4005961146,3440005617,0
707408403,3524863184,0
3237673897,568172385,0
2943750577,1242293089,0
2918644727,3384305968,0
3093383945,1488658337,1
3072731905,403125490,1
4030776277,1990912301,1
3042681303,906092188,1
3471897345,1289653517,1
40078991,3954546673,0
2343270515,1068669579,0
2085905344,3631940845,1
3679972344,786074607,1
3225087969,1175729469,1
3250808041,1944605168,1
3111543381,957923065,1
1634311106,1481836047,0
151127119,2340194851,1
4189339782,1169357011,1
2284120235,382069198,1
1683018590,2551423020,0
1909083692,3089156948,1
1555929586,2364258280,0
2524450191,1339511993,0
2907438505,1934240185,0
3595401422,1914806155,0
2850954999,500720504,0
6930893,1647810513,1
1785740462,4189355619,0
4125716276,3306644169,1
3122685003,2560015749,0
1190965752,171217032,1
1559505772,994199443,0
3158425799,1399036916,1
328070825,291943091,0
3514170896,2022715088,0
2916190402,4023201323,0
3039640040,2511816333,0
1687183689,3575802905,1
3116545113,3198619892,0
3988565565,2525842913,0
877532166,710816121,0
1842055134,3134088769,0
887513810,2189433046,1
304975584,1465952417,0
469286216,2826527517,0
1658767887,1077565697,0
2812428780,2498050505,1
1917217090,1655939945,0
4217525561,1214621616,0
1271065032,941139277,0
1492393827,2828688351,1
285374117,216538396,0
2285015720,4120901632,0
547239591,2560891631,1
2950045508,1126754462,0
1935396694,1299137548,0
2112198447,391326107,1
741720949,2601771008,1
1845154860,455805890,0
1354662280,632543716,0
246805995,923738880,1
1027098230,2654867923,1
1612029689,1423146936,0
2868373204,3803011342,1
3046776656,2696146030,0
3512361242,2889502040,0
2547595160,1663110738,0
4177739062,3725924611,1
3259489385,3815592336,1
2119470922,3457315838,1
2592602026,334391204,0
1317404901,3233604205,1
2286079140,3483115048,1
4106938931,1270899144,1
3282955615,3532100408,0
3278760299,1496788979,1
1865748060,824702806,0
2500457939,2894883286,0
180179133,838233818,0
257369893,2777788833,1
490037672,2477583596,0
3646530774,1906792634,1
1281793041,2249239722,1
2336625778,2114715212,1
2196772879,1973322609,1
263414459,378610630,0
2376749801,817491074,0
3191990493,3574974205,0
3720657394,1745844059,1
801778649,1804659553,1
2080289725,251959913,1
2101855855,1634157267,0
2291536623,544485151,1
3768705174,2730075871,0
1724048411,725141638,1
3662438946,708174746,0
549705175,1525278789,0
1380813532,2887294712,0
341608603,1603568482,1
3626020568,110850498,0
3538194169,710556500,1
3166937247,3762995022,1
3558343145,1597148961,1
1446654365,3440131800,1
3891986268,4245698628,1
3497034298,3987603990,1
245048171,1728321697,0
265210374,2518970286,1
2795029618,3423995465,0
3073107867,521780171,1
1174770339,3928470018,1
4039405376,2497613816,1
3824279771,837339418,0
4141943318,3895482033,1
1070295544,2979857052,1
1039476905,3471485521,0
8355146,3789697668,1
1219033907,566786750,0
923559393,2607721777,1
1535074246,3611424666,1
3942450775,2325695031,1
4043649539,3903190939,1
456742817,3523706359,0
2484704666,3355940294,1
2678096733,1889163572,1
1397131965,1558999454,0
2593281710,2685772620,0
3588049316,3879315940,0
1062318574,3093052745,0
1060100420,3280033321,0
330120103,3559037149,0
1264037289,4287968601,1
1186139231,2687149686,0
1096992547,542696950,0
4241133791,1693197403,1
1721693510,3639576821,1
2319550851,447442347,1
1123319381,2237545693,1
2889237362,1465633740,0
3099770494,1912920566,0
2559752586,1386100066,0
800428935,3619626767,1
4225932906,1574763862,1
2811954074,410773643,0
1593917929,1357644768,0
1638276774,294843802,0
4290211091,3903380094,0
4129668335,1007167593,0
3853386010,2926388898,0
4065779068,1539035631,0
2358506743,3558389598,1
2612447988,189827521,1
3500906797,2642494326,0
2322796367,2103827944,1
2795840467,1093243314,0
1861749070,848496137,0
557600383,4160425742,0
362462518,3607000932,0
3287855923,1641960791,1
998083067,3101250117,0
3141753476,2729083881,0
3100662431,2081725600,0
1514416663,3449910598,0
934874346,3165959589,0
2463288067,1457305042,0
1019368373,2044234718,1
2380085474,9344755,1
3154728951,1012892595,1
3390667828,1748740852,1
3445124530,3561877534,0
4158833464,3854083728,1
68985200,452712257,0
3644808626,454195616,1
3129091580,2577969831,1
3186353970,1506111374,1
1646193278,829615935,0
1426355935,1974158503,0
486333988,2226566008,1
2823311688,2382554957,0
304331533,3665234604,1
1491329475,3164274265,1
2911185516,2756593842,0
2428074967,1403572568,0
457819967,3247686055,1
7365177,2233803307,1
3542910337,1994030245,1
3682113706,1230395333,0
409612614,3476879873,1
2958739868,3222366924,0
2298980555,896348163,1
3976796411,2349018352,1
3742694775,3446289425,0
420057423,2302391791,1
216329446,3602793086,1
3596264757,611589001,1
1118404141,2360030365,1
1866575435,243440580,0
3001962340,3659520089,0
1265867334,620504489,1
2348060852,3692295686,0
2556071093,3567497589,0
219624790,971832700,0
2352717369,1457380509,0
2723619746,3128329000,0
2578494202,615678745,1
2864117943,1398805593,0
3085736218,1609860778,0
762050762,1608672461,0
3359399978,2378653546,0
108648586,2963759702,1
2237992303,1448550292,0
1647462193,3708869778,1
3653643889,3320797841,0
4272882449,2100392641,0
1902560345,2341042635,1
1707883353,2629704405,0
2647846175,529279887,0
1330729589,3412587137,1
3068370877,3218558390,0
534933700,1717520363,1
2642684869,2902637369,0
1557569610,3664534738,1
809775721,769206892,0
3172791775,1528826982,0
396070651,2309080962,1
3474128001,4231847716,0
3227131422,29540622,0
2909209834,156615834,1
1620568687,2197766732,0
115260520,2536268168,1
50279504,2422016124,0
818910449,3085281048,1
3874465893,1581788005,1
3517850995,3231524297,0
1841703234,2386267580,1
834937689,2447298433,1
3636874531,1054842964,1
4182538575,588668743,1
2601802052,55394229,0
2159025409,1937926832,1
1314278214,3561776606,1
2404088004,687889852,1
2472959739,3981200467,1
4153459617,3469121614,0
778760379,3929748472,0
525604189,178237543,0
2606518330,2983515247,0
1616114372,1363590978,1
466734100,3123908916,1
94604917,45069853,0
732001092,3421226940,1
2072323545,1616689970,0
558550953,282659343,0
2832577169,4150116490,0
3653368134,922111836,0
920736159,2157689655,1
601118665,3674079776,1
1790816804,2551178245,1
3003536658,41604850,0
2305807501,628956381,1
681285534,937051585,0
4003365690,4043109066,1
3962430724,1468779104,1
116055973,8713371,1
2260417484,1299637286,1
261766030,1492974335,1
2751512169,1749433373,1
686580945,2827388985,1
1134137582,3010195239,0
2451688360,104272652,1
3231118124,919324949,1
1666370464,1557552489,1
2756767544,254163605,0
2496479255,1224423747,1
3650416875,2428421538,1
403113980,2456703593,0
267160817,4043601063,0
2615179853,333373409,1
3216195618,1308215018,1
633486153,1687457502,1
3857749348,3413974456,1
300662786,2176198908,0
3992844990,1771778650,1
1831388630,2382043234,1
278811186,1079817858,1
2814416531,1951646668,0
1314849866,2638827940,0
197999142,1269518081,1
3202902224,130840532,0
3241073459,4188366092,0
3130949798,3371823860,0
3943096220,2199667508,1
3478323008,1370288185,0
1043762000,4015031895,1
4262507180,2731893060,0
3254263783,1603671435,1
2621437261,133241489,1
1933300298,3945135718,1
3213459757,2476538277,0
2037053267,4231292510,0
2142740565,1100334196,0
3072567731,487021570,1
2199976384,631024862,0
4068500883,4278078590,1
2553623475,299321011,1
538401976,2628556625,0
3273753373,3009292048,1
897064365,2061787776,0
2485452753,3525191096,1
1849109412,405526059,0
2097937317,3979444061,1
3754775173,3110555113,0
239574761,2658755285,1
2989967873,1575386795,0
3663658480,947425956,1
2951255890,133852018,1
3725055156,600155428,1
1596130786,2173800305,1
4152183190,160428885,1
939376396,1365969728,0
636419349,109821469,0
2954439745,2202983934,0
2064820597,320665065,1
2574270109,3678611156,0
3091480758,1509862516,0
326595386,2305656306,1
1594173433,3130077893,0
1345210629,4195299893,0
836068648,1069530304,1
20025377,327663255,1
7441591,2960617667,1
231143838,3254016270,1
3261387816,1399401108,0
858338017,3625934166,1
4184133254,681769195,0
568535038,2804397424,0
3464722293,202708302,0
898830443,2348153487,1
907590907,3885396149,1
2109720847,390987663,1
1548021434,2012436975,0
2018918595,3964451051,1
4197002585,2077724677,1
1358993702,3438963086,1
2706000699,45316734,0
842346433,4176949424,1
2098072759,651730854,0
2058406405,789349125,0
2386495611,3470671784,1
2989697756,1205408516,1
3771245719,2558697567,1
514130641,3267148908,1
2500567555,1352959834,0
1654037395,406889783,1
3284374696,162892575,1
613537316,2478117154,0
580247287,2151655454,1
2330167368,3597167532,0
2903862723,3340673862,0
1931421088,4078260648,1
537924704,3324119026,1
3044125290,2157670534,0
2175349514,266484259,1
2940195011,3028100694,1
1376980085,3355828897,1
4089761418,2337567472,0
917534706,875991143,1
2215609993,3425296750,0
1949195487,168583614,1
2739661253,2720482689,0
1083651375,2080444302,0
4226879578,4251159167,1
2733206749,2709138322,0
4086576544,3737945597,1
1901740,1606090713,0
1225995220,3883246048,1
1747627514,136884650,1
1193236712,2590690630,0
1707837786,3793844786,1
621191382,2333106786,1
3429017441,4776415,0
1555535173,835521622,0
327444932,3700822523,0
3556734700,1340853943,0
894700495,3363457554,1
3227049616,2057002904,1
1603058568,1357197397,0
2435874810,1303512713,1
612825676,2901944048,1
462286772,3110060292,1
4204590491,3044698513,0
2106193680,2034346863,1
3507944289,3313619080,0
4013649661,4229298450,1
3486449223,4073789146,0
642533319,2985807438,0
622607070,1813659419,1
9035949,78967903,0
586696407,1784314087,0
3883399575,688453031,1
502794834,3010494465,0
1018107172,473794645,1
973937042,3341805955,1
1148482973,4014916169,0
3268849377,1089258530,0
3538099959,2001954217,0
2913243003,157988743,1
2883980981,1035796720,0
2799075921,2370294253,0
1342242596,3575890180,1
2425172795,3093848605,1
273335620,1436242114,0
1093802012,4156503847,0
3592174731,1114506283,1
2262400571,81518827,1
3603466099,3929901667,0
4178656629,750687577,1
1505474229,2827408909,0
1601293335,2673041814,1
589787900,4078827124,1
2049133987,622194887,1
3094144035,349016049,1
775647894,1594160957,0
3598789072,3216772252,0
2484008396,3229530952,1
1124858031,3486325083,1
978177682,1321865957,0
1910300653,3836520792,1
936044845,2744164357,1
2408016771,3319027984,0
581896208,3217780521,1
105817030,2188143590,1
1150092042,2846688326,0
1673835150,3084567825,1
1480824907,1993740774,0
1894390468,2584205217,0
585430375,120765810,1
3144250791,3966236666,1
521844436,987098243,0
2134814430,1507621981,1
1765322059,3637352940,0
3842461547,1657597596,0
3100922686,990573602,1
2137365534,487815754,1
2493449117,3691378327,1
2222415148,1550804131,0
4108142212,3452315743,0
2463287217,19423369,1
2549753674,1110642401,0
3730778845,1486904316,0
1061421943,2296351193,0
3627043615,734194751,1
1659355911,88136247,0
2711445298,1115953372,0
1158871198,3990646166,0
3747942231,1850522187,0
478941301,768935029,0
2400345719,3783839199,1
2373077585,1845703536,1
1538253497,3682416569,1
1099715906,4234001624,0
1973308837,985118497,0
3310477538,2922975053,0
1558089629,3810559057,1
4178042477,917826554,0
4014526003,3140935470,1
695004479,2439668107,1
2700150734,1148879013,1
1437876117,2807208417,1
241102738,852512677,0
1618809040,1035432040,1
3807695110,2503615098,1
792319480,1460168034,0
1964716234,3862027857,1
2505071846,3844276137,0
1952713289,3626687221,1
1595187664,4040590542,0
1940269502,3836315955,1
3799256319,2042100637,0
3613623953,3681619585,1
413345409,1893743008,1
380554343,1702149777,0
305237271,1614498030,1
2125166551,1496710678,1
3436278633,2010341286,0
2681534042,807537966,1
54249145,3459616646,1
2632475197,4221235948,1
2807036432,875850361,1
996510498,874175631,0
3624605312,1178459380,1
83029146,2339048460,1
874214475,3181463858,1
4099432917,1466836962,1
1238691916,1353943068,0
2094345480,1272709627,0
3776074132,1619143244,0
2695034304,947078021,0
3147066306,1288050345,0
2445457144,1003909069,0
3017789084,3846959027,0
3451083973,2276600925,0
955658072,3067145484,1
3381229511,1389791194,1
2323169298,1467337377,0
539234074,3576040338,0
622620228,3005145279,0
405133201,824442314,0
1369245160,3651918172,1
2402271371,4130973070,1
2478938219,1139755939,0
247957750,3603905789,0
1581877379,149943987,0
1361838606,4042706726,1
1359570433,348597687,0
3788779340,2919633964,1
173640638,593983425,1
2205942629,1774282764,0
2928088129,3933280523,0
2371610945,1030303201,1
3104446774,980664863,1
1772427009,542825544,0
1845361965,396685448,0
1796730258,803692626,0
2636153930,3798276471,0
1294064152,514284733,1
3939307176,2962202808,1
3996925809,2464669556,0
112404452,1992162104,1
516457908,26875637,0
2781906901,729597246,0
3209935726,3492612176,1
3034952160,1220562246,0
3826195369,1918675553,0
1221543009,919709406,1
948738780,2391203876,1
1377394946,2124764302,1
3661824489,1727895608,0
3310004868,1572363924,1
3954983592,2068244112,1
4255768542,2415917483,1
3602251059,106396035,1
2615811571,597702971,1
1884091463,3900624918,1
2015564676,3967110244,0
616516709,1729541132,1
417941376,1535844563,1
2896306795,778127183,0
1376055051,3190710179,1
3922537589,1831366976,0
2051514044,210097662,1
4160401192,835771712,1
4289480630,2705158903,1
3450133693,897495285,1
97595416,1527355158,1
1671732138,4043000425,0
348102609,1314752897,1
2703929697,3368995864,0
565770780,3418477822,0
2845132428,1303030989,0
2733237394,4224393361,1
3247115731,818487740,1
3421720548,1907753188,0
3224358683,2429612194,0
2579776673,3540558211,0
995502927,1456940077,0
1222185776,1089135499,0
1372958582,2389410599,0
1596608125,580753935,0
860204717,471858467,0
117991243,2864887795,1
1343737037,3500708028,0
1804396194,2351372153,0
2410433526,288768584,0
3242919907,3172126794,1
2561558183,1481929359,1
1605021879,4211140767,1
1200247768,3349186352,1
2173072649,3852565430,0
720549336,4040184376,1
889383835,3446264706,0
105220062,1595780126,0
3889705136,1240644169,1
2173953964,1046082454,1
593624509,3979883447,1
1299002038,1301450293,0
2401141370,797905927,0
1119843327,3166525919,1
1213236972,268140504,0
2488769400,1225475840,1
3192765574,1136370768,1
1331439587,3160743532,0
3756559103,3997557874,1
3421186647,2078668475,1
1697232350,1389610519,1
3319490351,1041877055,1
2169979591,1781013931,1
1543633697,2805957868,1
571853424,4047506135,0
3028549579,2612247976,0
1608260589,2845225333,1
1120948100,1413230051,1
2977173805,3636089970,1
4124726168,2820295967,1
3521004747,1127302584,0
109297308,1726693747,0
1735980932,4289346532,1
240057667,73964310,1
989632002,2195216360,0
3713334577,327868237,1
269731133,3638147382,1
85021707,1377501329,0
2492586964,2844859202,1
246016808,1263866007,0
1713178416,3348673363,1
67917165,2370548628,0
446197738,2025242950,1
1434783752,3447968972,1
3351689944,894707776,0
1218737216,3952438013,1
514054403,3959013576,1
1008357736,2327065524,1
3374248103,688170127,1
163981082,2688066102,1
2165888763,3883566139,1
2385834664,4268269689,0
2072441394,2756745623,1
35997948,2025011145,1
3745794324,3200521550,0
1143182902,4276231933,0
3160509010,639054870,1
4178899391,846638796,1
1884776071,2061332511,1
3927956606,3329606989,0
2974237505,1394449817,1
1273610605,2171143591,0
1700680238,293992460,0
12325143,3589191718,1
1734095530,324428290,1
1811738219,2894116010,0
2815425706,1034009713,1
3190651712,1472871694,0
683007169,2035841409,0
2884340815,436046363,1
248440025,2377143190,0
3785869844,3935425810,1
161366596,725241589,0
408072136,3822021484,0
1117029957,136460737,1
1124017371,3846413139,0
2000706394,1602022085,0
1301078321,2993695996,0
4070289068,2519530534,0
4048970120,902403537,0
2133931077,401869714,1
1989062548,1139062010,0
142547170,2674705490,0
1752998481,235019871,1
530645685,3060972574,1
614179943,1847679647,1
1096276346,1549021176,1
1624263078,3605971899,1
1662992308,2457164623,1
2539257482,161688802,1
322041896,2462345871,1
861789553,2901771451,0
2618345273,3030680943,0
1953662247,4097163514,0
271710231,2185199323,1
4212243405,2510593563,0
3072604674,14612858,1
3808066824,1377073557,1
1687811451,3596017238,0
3239471607,2916981006,0
2110553764,2143955105,1
61767845,3303092412,0
924284992,3447313918,0
1031296025,2317735942,1
1586048803,594301477,0
112804808,3159592352,1
168333060,1169327213,1
1228127459,57518623,1
1092304599,34613597,0
339169974,1449355100,0
67615317,1468302301,0
3365975970,777432566,1
864628900,3522163098,0
3815664726,1313160302,0
2862103564,2396049211,0
2990678230,3963617990,1
770365456,458705505,0
1712987704,3368139888,0
1526775624,2874500191,1
766104422,1443139359,0
1530683574,3268085521,1
938492607,1198029911,0
3643133269,795342405,1
1759523789,1455235806,0
2181398832,1439981761,1
304004640,1463346902,1
3138839526,4005248522,0
2014707101,4162281981,1
2943332564,1450192708,0
3896127484,1749851000,1
216848364,3406461138,0
331335542,2616015766,1
195005620,2778144757,0
1785836643,201747480,0
3022764949,61766928,0
1992726751,278696519,1
3513398116,609860702,0
2575409520,930583108,1
1503002078,1665735510,0
53274943,1166049278,0
1068016349,3311535140,1
224956818,2605603814,1
164549060,2640314569,1
2691194349,2833348142,0
3727010670,153533342,1
3718669311,4024074545,0
1013000672,2565351418,0
1813887500,4275197861,1
358475509,2826774925,0
616321199,1528757164,1
3244574280,609596878,1
164728342,1973763558,1
721871712,3641462200,1
729931843,3379477486,1
2899704498,3794881602,0
2921058328,375579845,0
1598289339,3047791427,1
197812180,3915832827,0
3471075067,2902874137,1
2382365589,2330334717,0
2570673553,3879635431,0
3839656548,1096661354,0
1368046479,4199827330,1
467693224,289381445,0
221217743,530669474,1
1697103700,178580261,0
1441708149,3680634131,0
4093189818,3318596617,0
4122579355,2578060162,0
3285909641,2124178124,1
3876007425,4145943629,0
1610946429,4013354812,1
168131664,2891251011,1
2709788467,392654487,0
2650492064,3560584641,1
2666754286,1639296473,1
192495659,1161226087,1
3774633991,3216405342,1
3094074315,1419601119,1
2983255629,1513771285,1
1778761690,348058207,0
1160705003,3650547541,0
921820562,3753264373,0
1327773739,400240586,1
308274739,2574665986,0
3963980567,1846228411,1
662047908,3009103468,0
2436456766,292737591,1
1013446312,2723744836,1
2741444761,3135641001,1
2899742768,4245770855,1
277274985,1380008860,1
687502446,402767120,0
2385262892,1407600724,1
1330610371,4129828955,0
603670380,365314373,0
1437520607,2756509199,1
4056378744,1472831332,1
242961111,3849950708,1
4039195563,1217039412,0
3193711542,1705068369,0
4088791069,1844497145,1
3311947287,3687257146,0
3944611490,2166621765,0
1408063843,3353403578,1
967328429,493049026,0
1736568305,4015241648,1
3395956419,710996651,1
1168015183,1166655616,0
1388205544,2360677002,1
132876176,3171858619,0
3749518876,325958409,1
3277864979,689327831,1
3379066955,3758603379,0
1433635591,2085224252,1
3570697089,3592377637,0
3006624290,2545931807,0
1927350375,2728889794,1
3094805442,3747899638,0
78961187,2727223499,1
2535257117,2496215333,0
632122043,2205620403,1
3991159029,3494551864,1
1773637823,3914941651,1
3548512852,1402244832,1
981264519,2797269155,1
82158288,3037739788,0
3636736806,1762307594,1
532180061,107757533,1
3678060047,1529383871,1
394582451,4245668147,0
3259354669,1349986509,1
3148517247,663538959,0
90162423,1673104931,1
375213438,2451033558,1
3891855618,2365081187,0
4172837747,3030301655,1
1976381874,619803297,0
429219935,2314710239,1
3840105774,3681778842,0
114206123,2223338658,1
521818745,2194602644,0
4068694627,1741284219,1
653282922,1524273951,0
3681343435,1598244128,0
2608225865,157573241,1
1225300936,3813281112,1
1428031696,3805469643,1
305622520,3699762341,0
1724195851,292526039,0
2468659382,2800718382,0
709932802,3648721691,0
268548391,844769353,0
1206378879,533037074,0
1891681202,2659326636,0
3494324299,3329333262,1
1345674343,3588973851,1
3613989700,4202001808,0
2265164128,946808364,0
2404132376,4115085512,0
3847345601,632774900,1
2650600042,267789506,1
4111276426,3671274455,1
4217870624,4260131655,0
3085630041,23213953,0
268253330,494549070,0
1604405661,1724419129,0
4216793260,3140296890,0
2710857305,21588887,0
1672812019,2716121218,0
1194738608,2142776334,1
3786711538,2863590123,0
3444414446,1836526535,1
2116993381,1484554853,1
3780923131,2515079947,0
2190332744,2130135841,1
2237104465,1749395602,1
3250131326,574218436,0
3945935551,1589243227,0
3734588722,1320413546,1
1199481686,2592136507,0
1563276245,3138062752,1
4262391700,1200082106,0
3905193569,2179351442,1
3268992127,1508475790,0
3467739528,560498657,0
3098361284,1623930451,0
2729209666,1839036025,0
2147827774,1031734612,0
987041662,4105912099,1
1201433444,954114070,1
3733612250,1583135566,1
1134992141,3907810804,1
2768497994,2031637638,0
1124952762,4077645438,1
1680672829,4112176744,1
1128183275,606052499,0
1088160758,856182360,0
1828182869,143760129,1
295911726,2240393638,1
330590800,457944956,0
2081083995,780709035,1
701131527,3489401107,1
1781617348,2170527240,0
4084207216,1340844729,0
828155996,3128301172,1
1904179721,496597789,1
4141711118,1177770225,1
3570722067,1694675171,0
4287869898,4068027510,0
1831433581,3891205144,1
3658733921,3945616636,1
4143960345,1087724529,1
1215176930,1971902791,1
1404559843,2840944627,1
2499583647,2459084340,1
2660455832,518857028,1
3158972528,2736300902,0
1438885328,3417143100,1
3441249254,1295990710,1
664983817,1332764796,0
994009649,3503394125,1
2360540951,183565184,0
3845054366,2262075558,1
1598588509,2259507231,0
3545388462,3662704253,1
3146644383,4132881457,0
879958391,3460517550,0
223151807,1086017344,0
1933457971,629260440,1
105974822,2372359027,1
900238107,2514625536,1
140916269,273523995,0
3144325856,823155928,1
642959708,446730492,1
3644581790,1329425544,1
1539736016,1303921468,1
2915843522,3554837890,0
2078718512,2039117355,0
2732850542,1968484832,0
1205706040,3621769499,1
2561181422,3012418289,0
732643733,1058794922,0
374060580,3514917169,0
395546082,496319451,0
1843325195,1425921805,0
1432210920,4097580329,0
3283621886,266445877,0
2586195858,3586580903,0
2541250889,4134712754,1
2017096041,503714371,0
2619961903,1241110350,0
1066799466,2078163832,0
3069294224,1541662481,1
256395833,2663560353,1
519798418,3648344531,0
1051994105,1948919911,1
3795814079,2519842323,1
6722055,1185078949,0
3145422732,3932787343,1
4048203996,1105863791,0
3494045040,280549817,1
2503899070,1212308082,0
2283202324,2114121674,0
330962797,82272164,0
4023179849,1063679602,1
1172096306,2787799622,1
112513996,1121194880,0
3481869538,3390487649,0
2004211451,973005506,1
1920057034,4032784486,1
3796669660,175008220,1
713111937,2977851810,0
1579561904,3594319704,1
1085826159,1306708859,0
2678551123,2198080335,0
1969610324,4245105348,1
2542527847,852884568,1
3448980982,2986767772,1
402319979,3969012431,0
3180701258,1101285590,0
3642043229,2032082788,1
397828841,3082327589,1
4190705308,2553011068,1
3208047408,1270916389,1
463850768,442646714,1
2149027460,3443877283,0
3623447712,853171947,0
3588360313,3828182547,0
414110316,2259685424,1
2283107526,3401147330,0
1086061335,3471649219,1
1715275726,547546839,0
3835793247,1721011292,0
920148484,526270194,1
3470442636,1323570176,1
240926947,609639481,1
2760266632,3628656077,0
4154763147,3350024383,0
2192290828,1663330921,0
4061560560,3041934661,1
2818193643,614185144,0
1734966184,2419521,1
597845271,2055103513,0
3330086358,1516565360,0
4153384880,511705303,0
2932711184,2189645422,1
908767039,2301147726,1
3052581676,4191187852,1
803219525,2519608585,1
1098695334,655510105,1
3361920909,842850753,1
2109240117,3936290916,0
565711738,999560655,0
3708278049,2591300651,0
2951641809,577788509,1
2018584251,3155118629,0
3892660982,2519666878,1
3680245522,1194428324,0
1448864869,3899895114,0
2236682127,3434762287,0
1863231628,219688453,0
3651681659,228733826,1
2211596662,500728638,1
36746698,3941411108,1
1607991736,2258589530,1
1443232615,3702195387,1
759001956,3502490120,1
49309063,3469756541,0
2528963551,3966395675,1
1556630682,3945020254,0
3604931377,255924639,0
1962723841,1456088068,1
1627909117,1630441574,0
2699103711,951409420,0
1588615090,2963148174,1
2232112816,3933363639,0
480523604,2486637102,0
63107629,2040495473,0
1369522535,2548897229,0
798962700,2966646917,0
2326604449,3748902659,0
2407793530,134143826,1
3303179483,948872240,1
3360332284,3575204591,0
3865967463,2529220792,1
1713843619,1513233177,0
1769346546,1408074251,0
1213311378,1299082942,0
657307676,2694998336,1
1401612875,2085837394,0
3280351311,3486818621,1
4068124035,4156490595,1
539235842,2354545451,1
255428423,2144489819,0
1588010653,124351442,1
3685842396,1731776482,0
907244736,3858326473,1
531765364,2793936335,1
4146798163,2027021595,1
3998657388,2741694850,0
2410737439,186037679,0
1186430290,1892101296,0
2547870670,1802271980,1
594295832,2433669784,1
2251246499,1614070257,0
4258839779,1304054911,0
1814831699,4186264236,0
2550362223,1314462589,0
114907291,2984995624,1
647758863,2212930772,1
2497156245,4271752141,1
3015839666,1445221974,1
1334148799,3820721987,1
1098096975,3511943722,1
1019768963,1276838819,0
3078249664,834449028,1
3140239248,486991320,1
558044778,2685771718,0
3051061913,1388670948,1
3822765811,2663916325,0
1229975138,1483292952,1
3204543043,1356327271,1
3953601919,1365631727,1
2357853072,3375523339,0
3303167796,3312618739,1
3330920785,2105802378,1
3924134972,1565359593,1
999710096,3334142232,0
1335243983,3280794711,1
1184207750,3253285003,0
3225877756,1448902164,1
2894893519,1978835769,0
283510117,2558425347,0
1623169091,3250709886,1
3716416969,231200342,0
2624369601,1539572647,1
4047213778,13490091,0
520565437,2281012766,1
4066190400,2968881810,0
3188360596,3017164476,0
1672481483,824734087,0
527940309,1204028576,0
2319720557,1266318432,1
1925187926,671542739,1
3663809471,1281059143,1
505497391,1614760995,1
1687657890,2214660697,1
24334476,500268551,0
2271376938,789883614,1
574013169,2344631045,1
503386943,1460307717,0
3110681727,634864736,1
3155951743,480104990,1
3681556866,1523279762,0
1805399842,3324813146,1
560346002,2309232514,1
3554112599,1073625397,0
4067488596,1090654410,0
458432048,1705901260,1
4278315518,262442530,0
4042734398,1883976668,0
545328448,4252470421,1
2641460605,3608236710,0
490853644,2922228804,0
94640288,324961972,0
1395808267,899435461,1
1781224141,371032585,1
2835978589,1316250590,0
1746651831,3105569054,0
3968665189,2504514935,0
3448867622,2637909844,0
3044132161,1129193339,1
4099648465,1958567861,1
2373349260,3027805185,1
1687036423,3804971630,0
3547289567,865280953,0
3530148027,1269025059,0
3165805570,95427651,0
1202673756,3582533320,1
77076110,679910077,0
2289341543,499755894,0
4049428904,2275822675,0
1969341326,2284371868,0
1927809258,2348042861,0
3534688530,2014514669,0
222633083,4247037762,0
813228829,1656581626,1
3864754814,1863345453,0
2262055492,259145409,1
2686156594,4233354733,1
709545516,1236225994,0
3129153293,14807517,1
1251153153,1628301613,1
1650296607,3248430956,0
3967829763,74636807,1
3794191180,2102165607,1
550167050,1949871811,0
646856864,439663289,0
3775306008,220951174,1
2980008089,1407443538,1
1406825825,464522257,0
1047981662,3088604402,1
3618891723,693716387,1
132435409,2602751748,1
747675075,2543571551,0
3338688946,1193176350,1
3908176048,1708509806,0
922968968,2028851351,1
3683202203,935836346,0
2240252328,268465269,0
3729795926,426187850,0
1813873541,872615865,1
429551582,1911085886,1
2683813815,2185683369,0
3645436276,1754930311,1
3398086399,2562517210,1
901264500,1797797234,0
746541398,1244356887,1
3761522253,2654882964,1
1589362682,2940447115,0
4074376475,3367070466,1
3334816390,2453545031,0
2893285028,876449881,0
2642932464,1771215478,1
4237316391,1526107075,1
1147455967,3663856603,1
597318059,42248900,1
854664717,292859310,0
3047845302,1598303178,1
144369335,514928341,0
2491756821,317447161,1
475916560,2206972127,0
1096998240,3474501416,1
3888491041,1178472904,0
2732011729,2711736379,0
1275202372,4268053685,1
621965355,4056570784,1
2133290614,2382362645,0
949974938,2722932299,1
2547867245,3996030788,0
915193146,3564055179,0
3787850853,2392470814,0
117769333,3877090640,0
4105234911,3152099608,0
3182490228,3459707448,0
3070194034,651810246,1
3248131983,2877767822,0
1974245585,2563860193,0
576706101,2364515568,0
2431967580,960377876,1
2884681643,853899878,0
4021279798,2502814548,1
2821546139,1345890124,1
2712888235,1026559585,0
1987933990,101071270,0
3466343162,2786347641,0
1114653320,3444199795,1
3542436867,4237256300,0
1773614071,3553442894,1
399391763,1207099463,0
317645930,1146654463,1
83011541,1205171313,0
4107205419,1126176823,1
2687282096,4137007801,1
2412052925,3419355477,1
3909096078,1378262411,1
1060459316,4272135954,0
717826501,2660059894,0
154638465,4198366842,1
814731675,3733306307,1
433539154,1352959253,0
2868199272,3510299604,0
2539986141,1600358537,1
1639705177,809600914,1
2895623986,4189693501,1
2087356224,386018125,0
2491462578,1361258203,0
3172688360,1296942380,1
4225561960,194539012,0
2668430736,2312388800,0
1355609115,760562477,0
298283840,2726138984,1
318862132,835146302,0
268616816,825964727,0
1878970579,2481752228,0
4050425197,3364796591,1
3256379812,3228424579,0
587673075,3874030669,1
314632027,1822080241,1
1553195957,4138860660,1
3109894016,323308017,1
1167999359,3715452067,0
767822869,1571392562,1
2739888069,418537898,1
1132020909,3502715478,1
1184412691,3013942937,0
4196212911,4070682808,0
4163885987,1476466447,1
4120670561,1185600854,1
1179843877,2478698986,0
1156769112,3839637247,0
4235824745,1178272009,1
3532730412,1244353221,1
2805312813,1319484462,0
558093946,719234129,0
547120491,3528923657,0
2608512820,3814765564,1
324771641,1968027117,1
3650811746,4051481461,1
1689251747,3977333789,1
2074639704,302948267,0
6330034,2595504510,0
34206848,1124212397,0
1015946873,1693192889,1
2944936460,142739877,1
2211621905,2040540445,0
4072641213,1188494662,1
1636060885,70677589,1
1568636900,2535041808,1
2831903521,998605661,0
2957650335,3684802375,0
3181337708,1172424848,1
2079923799,695943031,1
3795094039,3764170643,1
1928804312,834398641,0
1350123435,1840212700,0
1034169837,543853778,1
1256256921,3364227949,1
1183745974,1267326083,0
1498471462,85999128,0
1276699026,3796818726,1
1608771877,214505102,1
2893337708,1816029380,1
1016110180,3696695059,1
3167253919,3474730069,0
3668486192,1917453449,0
143381494,1881954684,0
374432985,1863030377,0
214069885,258112117,0
710582869,2222741745,1
1862273700,3273007776,1
2085814515,1054443880,1
3941631156,2559183612,1
2856088396,1795918191,0
2900250433,3533470755,1
2270854109,1245729629,0
3643050119,343021937,1
1007264984,3526332044,1
2844561228,227436316,1
4092931363,2446531527,1
4152569819,3559277956,0
1162566407,578214153,1
2727686930,2996668713,0
1547192896,344051470,0
4023621830,1477287023,0
404379383,2475930254,0
599747797,2966949411,1
1341818814,3667074133,1
3740724390,1275900461,1
3694861500,1815732380,1
926599136,2879493560,0
588406480,3395992423,0
4200787713,1578379253,1
1063261103,568089808,0
3108903127,1163682039,1
1972420233,2636982382,0
3510071939,2699672130,0
4184361816,3652887860,0
651049597,1566248608,0
1632613572,1265722057,1
3399699027,3807268230,1
2399350832,1746293067,0
1273413896,392448797,0
1385415152,3913093070,1
405076606,1114305619,1
497839269,359388001,1
1766689537,3646100280,0
1986622274,3659789258,1
3146918456,3683065907,0
1640418241,3703133582,0
830687113,3579170797,1
601398919,670880361,0
2886057920,1288670073,1
154277193,2564046819,1
578505433,1343855867,1
1804976207,94312983,1
3388067033,1703636193,1
2348744269,2692808924,0
357431658,3175080970,1
2983502798,1195006001,1
1025217407,718291457,1
4207550601,1345025719,0
769896972,3086870811,0
3715405424,2922016925,1
4086913717,767807917,1
2158784767,839485713,0
3071067921,61550770,0
71622743,3547234621,1
4167222541,720758198,0
1650792337,943324856,0
2637459164,1787642950,0
3327699058,2545153158,1
1052111885,574909937,1
88620007,2169144103,1
4145200689,108393598,0
2272234790,90526702,1
1183044586,3880095423,1
620077081,1691849817,1
2300186134,1510324673,0
1836474536,3536870093,1
2453178496,4228264572,1
3174094902,2656910973,0
3784944811,3848451170,1
2258347927,547047740,0
948555466,3634075830,0
2504360448,3977479876,1
59782155,2479290575,1
2070350576,2832200063,0
1926767996,2367213984,0
4202734899,3230306433,0
3846893872,1848324287,0
1525613651,1402595303,1
4292674852,1419020553,0
3159880493,1830800432,1
1041632354,3386658091,1
783319676,3068819172,1
3277525453,418792337,0
3019119091,2798238558,0
3466706653,256054448,0
1860421396,2002542616,0
3401145009,113765116,1
2328891050,1130638741,0
3211942227,2213218919,0
1555789372,339042151,0
885846086,3640189370,0
3931547252,2510254732,1
3628694785,3862244681,0
571749526,2960273954,1
1916419666,2093300249,0
2632386145,3390843596,0
3660128996,2789372924,1
621728651,2903461081,1
2080243470,749857705,0
2095304948,376453173,0
201227417,946987227,0
4108628515,2849812148,0
435841847,2183963683,1
1087796603,2864431575,0
1596542704,3132361740,0
2385937767,2420395125,1
2147259631,33439439,1
3786286223,3172879228,0
4253571475,961748795,0
1271908281,3011899889,1
3100033923,1496599008,1
3128935798,411130554,1
2192846236,3485675230,0
133464489,2408191269,1
1435542636,2253722421,0
2840721970,1940307621,1
515197187,856466298,0
1899637418,4017488749,0
2042454672,2960565695,0
1411318808,2822087856,1
2824200033,27639012,0
3777935977,1121750521,1
3721795233,614012290,0
3992674298,4032958935,0
906432444,1463368195,1
2016596842,1294773971,0
1061258694,2740942090,1
1531438324,3030509427,1
30380190,3672832201,1
3510812918,2937066327,1
4043257522,4159143031,1
2065475539,1466410358,0
2507030777,366803209,0
1708695287,2970638424,0
3912659377,2229301733,1
2640638069,2790898458,1
981623414,3919281928,1
1983127359,1172311326,0
3116969032,3155549280,0
2711923617,2565437149,0
189674050,923059459,0
1921241172,3664859063,1
1122799449,1732163129,1
2027342715,3340501027,1
2254399158,951970982,1
3154412671,1798281924,0
1287147938,4206556114,1
1031045581,2812966785,1
1138365759,244721769,0
4050479893,2102921049,0
3514870516,2883667123,0
1032505457,3364622479,0
532028191,2045256179,1
1081936477,397149950,1
565619035,477330418,0
1141821936,3332514676,0
1717993371,3661909851,1
3363209004,1085807310,1
2317630523,371060544,1
1655581947,341595803,1
2409980926,1114598085,1
4241187060,3486373697,1
1795592072,591164320,1
290633384,2286176219,0
3089600280,3806121735,0
1027179126,297012311,0
890385379,2799892919,0
2172004000,9523953,1
1446718939,1227070415,0
4192691130,3081049548,0
3659512418,64860225,1
2148089697,597769182,1
3071217533,1092703697,1
1019167972,335791181,1
3588360244,2349041654,0
3863820800,1979909917,1
2666782085,522677373,0
1983055738,2557079095,0
3412289796,1664155791,0
3936918350,2842557891,0
1551163614,937881404,1
439564013,2390613601,1
2969738046,652693060,1
4077854887,2434082383,1
1379380956,364927452,0
3211752256,2807133816,0
1188908411,4245235846,0
2894837095,617433555,1
1347875898,1811241888,0
1746594363,3419946267,1
1678280581,1096734281,0
667820991,3826067455,1
639073808,3914172020,0
3271776397,248183543,1
2981353987,2955133152,0
4053167457,660495970,0
1361110605,2704171713,1
2847314117,1800972100,1
163302599,4237969239,0
1782287804,2351571398,0
3401262546,1853203870,1
2563459282,1560808013,0
1882735339,3418516755,1
935841395,3655664551,0
3133214008,2482023433,0
1591454249,3977080173,1
1714122262,739103899,0
671230521,3027012197,1
2736284307,812967046,0
3642313025,1342598273,0
2875887350,3419151250,1
4218532245,1681630408,1
3292472622,2661230117,0
2264586695,3916836597,0
888889640,3267492417,1
3977973247,2147733879,0
3388665465,4062715409,0
3370057969,1960964173,1
2672516011,894279087,1
4020520684,1186034477,1
2268088873,390246249,1
2820208963,853116270,0
2682909592,3337401255,0
3428862178,877233143,0
2147507481,4061146054,1
2664914623,321675191,0
486634820,258672751,0
4076229753,1183420568,0
1208426380,4263085441,1
3605457179,3684889058,0
3890869346,1638098522,1
2758767117,3442183399,0
1378429606,549550644,1
1478312336,1600052290,1
1497750862,2332251098,1
4149983845,1192794369,0
2230745301,1557182471,0
3995689201,37392619,0
632860362,3303961501,1
4229497165,1608483511,1
3811166793,1436799314,1
3447079252,4013359348,0
3500139470,3920449592,0
64899873,3904993450,0
1343371262,898066343,0
3109073395,3657100328,1
2229613586,959423898,1
1594126984,391446058,0
2549215493,908790813,1
3379149303,1624461950,0
3998130843,2332159226,0
448412350,637202808,0
945370962,1873662411,0
1736196427,787922079,0
1934790737,1201028857,0
3464274822,329522016,0
3334996160,511558664,0
2618630518,721640614,0
738683458,3043813419,1
4180967650,1359729788,0
3881609206,3371908617,0
294027954,2963728830,0
3434765930,1547880623,0
4257720927,108229287,0
1305423164,3094025699,0
3369052433,1926582201,1
1164349539,1689299395,0
1242050628,1469448345,0
1979267184,2217141307,1
1476022146,3272265212,0
1410890107,2622127451,1
595715662,3019852434,1
2114521848,4014634421,0
3022629078,942618802,1
646484876,1193335884,0
2678814118,2262159480,1
1300720063,4121265423,1
429937257,2241495697,1
3902469783,622912520,1
1321973046,1468230462,0
179826711,2507432579,1
582809408,3531764700,1
2083465714,226888872,0
4254362786,698095339,0
1685318185,2039898874,0
4021294628,4148218223,0
2055102349,3830228477,1
533474907,1204435583,1
3607617849,2043063633,0
2963942169,552317698,0
3930014244,1846667800,1
2774961948,119588697,0
3475238896,1258622820,1
897144465,529499801,0
1948936546,4124353614,1
445296119,213294469,0
2882833569,812786293,1
3348652761,1572506713,1
602689232,2076608471,0
289921241,2117234076,0
3262506264,973628956,0
1398422723,4016239788,1
948094652,2647538868,0
2041855827,2254428272,0
1697523916,2083841431,1
2816837131,3717969958,1
2915226711,682499262,1
2347555533,1300416720,1
1598394081,791357795,1
1166285672,62565460,0
3488622102,2882612228,1
435393271,1251386294,0
38102714,1595389785,1
2600223710,4214142697,0
1742687971,304581710,0
303161613,4091732559,1
1091915476,4271697090,0
211313939,1668161415,1
3930281903,1793866111,0
3407601373,1277158048,0
3847117008,90284985,0
498335902,806692205,1
1800758068,2299301156,0
3030874573,849988353,1
2891654801,922309009,1
297762883,2667974939,0
4241522766,865254271,1
2517822496,3793287941,1
2124204316,3438180156,1
3401023482,876797708,1
604744041,3419840286,0
1878668447,161220171,1
3699562536,600331120,1
1707221768,4191204280,1
2208772047,3904682859,1
3791315327,1322309306,0
4141386862,1261890978,1
1291663964,484654704,1
1886395192,800666959,0
3772654818,2648716750,1
194542006,3516565975,1
1744370613,3785257377,1
3849436812,1434129108,1
3131776278,3069693987,0
1746513911,659494227,1
2238949479,1803933531,0
1887230075,2438370258,0
2384071689,3266647512,0
1377871792,4193933353,1
760943353,1320830427,0
3038057613,3677026087,1
1695371144,1776736392,0
4003495017,2466401320,1
2346562818,3762268674,1
2266357444,3009949239,0
1328406561,4202880652,1
2533069720,2034637790,1
419027785,3358882489,0
3928688288,3363696692,1
4010327251,3987643318,1
2134807005,3863399666,1
136385305,1165972052,1
3708364788,23608358,1
2104221476,289257440,1
1755684984,2156108794,0
1795291245,141032665,1
296172445,1766079769,0
293492755,597009935,0
4200967799,1665296402,1
1904302684,830798476,0
57413770,3038372705,0
4265997810,1690307307,0
252294711,2339795544,1
3119385282,2459972877,1
1893722549,36173144,1
631200010,572012886,0
1971233124,62745175,0
3323787822,148918115,0
3969628616,3163405580,1
1739902845,2493852254,0
3322855417,946263298,0
3437498016,2793555189,0
258156504,3413182457,1
475579012,791327845,1
2788348886,1013480910,1
1117923537,3252505624,0
363876398,146457031,1
1413429466,3524635362,1
2618275630,1786570719,1
2651064365,3004744227,0
354840174,1562550497,0
4262806044,1809550112,1
1918338352,3388074743,1
860772359,1824273222,1
3496643180,3195048466,0
369740038,2960591434,1
2603379670,1757007336,0
3325640908,1141348016,1
1193461036,417075184,1
1386300912,2424973641,1
3085208927,4281865129,0
390142555,3182602216,1
2483772716,2096707148,0
3735604389,1227933467,0
1153343695,3905969954,0
3638672408,2204070183,0
12374888,713286051,0
4214638905,2433551061,0
3007559274,382207913,0
348533073,2989640232,0
3878268151,1110608397,1
2067311111,1406262313,0
2219595873,1401371192,0
397823394,4214469206,0
1077893609,4211508460,0
3182195453,520271331,1
542302931,1485225860,0
1473892574,615389175,0
3353149347,635599135,1
2667972679,2924803079,1
301692515,3112821299,1
100296497,4240576494,0
3290223142,688163739,0
3799304816,1680480540,1
1074052247,669429463,1
3924691487,1862702954,0
260296113,989503091,0
3961026013,3376116493,1
2795909756,216249590,0
2498048708,468209895,0
3066403227,929142180,0
2751508899,4010923694,0
3225261877,2386067262,0
2210549302,2922637045,0
3258989241,1112974973,1
3685599021,1692604294,0
364178936,665399166,0
1564684903,2553146041,1
2201182119,1966790070,0
3754825510,802724834,1
3692417070,741543098,1
13605804,456715202,0
2397174927,3971207759,1
2468155103,186598143,1
225861023,3383248624,1
1663171423,2056021704,0
1706740090,328858169,0
791239679,1603989648,0
3566982257,2687253714,1
409736794,900612886,0
3987202965,2533012426,1
1485717012,2929825532,0
1165694417,3435043420,0
3717625522,517317398,0
2166585240,590694876,1
3049213813,636855293,1
1163104324,1641207933,0
3816445230,213060986,1
3893048387,261686875,0
2733706558,1366012517,0
2094102316,3568899504,0
352924639,1968947976,0
1073556923,1910626641,0
233276698,3505779899,1
806261573,1072643084,0
3732087141,3399078977,0
3033076613,995750782,0
1199875168,491479623,0
878685353,2789854488,1
2422679507,1740859194,0
1682871134,1319180524,0
880923049,2924965821,1
2353468091,267980509,0
2310200510,22839474,1
3967937906,585355042,1
297444968,3286338591,0
2678956145,2428442959,0
2676820514,1990688763,1
3905071047,1651891994,0
1710824228,3931621771,1
3770251476,1409520144,0
941774493,2653995869,0
1858407651,535808248,1
3772114676,760710565,1
1404160586,2641959539,0
32103949,2447843921,1
3528950990,2350741615,0
1657388322,778048297,1
953055210,3025097125,0
4116162899,2636493907,1
4021468727,4090592604,0
260162055,3199450647,1
4093501788,1704141632,1
3456388350,1531462180,0
3069360921,3988293225,0
1869085588,1927490284,0
620149928,3217855329,1
2024162954,4147852675,0
224445865,3148211502,0
1259750900,2356169295,0
3257410627,3847793250,0
3738448122,963768445,1
3322324245,513514859,0
1025621914,2004431696,0
1005895826,657750611,0
1331802955,4214400559,0
1336704320,4094296709,1
4123055746,4291168503,1
1345819051,792245586,0
2782169144,3858406520,0
2547106018,690113536,0
561246674,1025043016,1
1838990697,2675096132,1
2759849793,1212528698,0
3948738833,1547800956,0
2873189506,167181977,1
770688661,2748150370,1
2396509040,784571917,0
4048141147,2144043162,0
734790472,2381762864,1
177081336,2580504361,1
4006510756,4010797717,1
1308895994,3381736811,0
359718036,857909014,1
3976896947,1293694439,1
1189731130,194988815,1
102385858,2506238140,1
1109093775,1623472041,0
24561090,665108195,0
2368254760,2669309098,1
3058076948,3930155926,0
1070131921,807222597,1
269093459,3156482493,0
3970357576,4132642239,1
2456172680,4252485101,0
1436715057,1901803514,0
4030456322,160618848,0
150877475,2333419959,1
2549324818,3486938440,0
1846772066,3206445542,1
541044584,3083168800,1
2459329316,1801028757,0
1096544135,993339722,0
3358492516,4176689863,0
513382567,2699541147,1
390385580,731051801,1
2426589320,53004410,0
3436289238,1266782685,0
1089758488,4107466140,1
2172733348,122664040,1
